-- phpMyAdmin SQL Dump
-- version 5.1.1
-- https://www.phpmyadmin.net/
--
-- Host: localhost
-- Generation Time: Oct 05, 2021 at 09:16 AM
-- Server version: 10.2.39-MariaDB
-- PHP Version: 7.2.30

SET SQL_MODE = "NO_AUTO_VALUE_ON_ZERO";
START TRANSACTION;
SET time_zone = "+00:00";


/*!40101 SET @OLD_CHARACTER_SET_CLIENT=@@CHARACTER_SET_CLIENT */;
/*!40101 SET @OLD_CHARACTER_SET_RESULTS=@@CHARACTER_SET_RESULTS */;
/*!40101 SET @OLD_COLLATION_CONNECTION=@@COLLATION_CONNECTION */;
/*!40101 SET NAMES utf8mb4 */;

--
-- Database: `neoflix_odbusbackend`
--

-- --------------------------------------------------------

--
-- Table structure for table `amenities`
--

CREATE TABLE `amenities` (
  `id` int(10) UNSIGNED NOT NULL,
  `name` varchar(100) NOT NULL,
  `icon` blob DEFAULT NULL,
  `created_at` datetime NOT NULL,
  `updated_at` datetime NOT NULL,
  `created_by` varchar(50) DEFAULT NULL,
  `reason` varchar(250) DEFAULT NULL,
  `status` int(10) UNSIGNED NOT NULL DEFAULT 0
) ENGINE=InnoDB DEFAULT CHARSET=latin1;

--
-- Dumping data for table `amenities`
--

INSERT INTO `amenities` (`id`, `name`, `icon`, `created_at`, `updated_at`, `created_by`, `reason`, `status`) VALUES
(1, 'tv', 0x50484e325a79423462577875637a30696148523063446f764c336433647935334d793576636d63764d6a41774d43397a646d6369494864705a48526f505349794d6934774d6a45694947686c6157646f644430694d5455754e544d314969423261575633516d393450534977494441674d6a49754d444978494445314c6a557a4e53492b5047526c5a6e4d2b50484e306557786c5069356865325a7062477736636d6469595367794e5455734d6a55314c4449314e5377774c6a59704f3330384c334e306557786c506a77765a47566d637a34385a794230636d467563325a76636d3039496e52795957357a624746305a53677749444170496a34385a794230636d467563325a76636d3039496e52795957357a624746305a53677749444170496a3438634746306143426a6247467a637a3069595349675a443069545445754e6a59314c44497a4c6a59314d3067794d43347a4e5464684d5334324e6a55734d5334324e6a55734d4377774c4441734d5334324e6a55744d5334324e6a56574f5334334f444e684d5334324e6a55734d5334324e6a55734d4377774c4441744d5334324e6a55744d5334324e6a56494d5334324e6a56424d5334324e6a55734d5334324e6a55734d4377774c4441734d4377354c6a63344d3159794d5334354f4468424d5334324e6a55734d5334324e6a55734d4377774c4441734d5334324e6a55734d6a4d754e6a557a576d30784d4334324d6a67744d5334784e6a68494f5334334d6a68574d6a41754f5767794c6a55324e46704e4d5467754e4377354c6a4d794e4767794c6a55324e4859784c6a55344e4567784f433430576b30784f43347a4d6a59734d6a41754f5567794d4334344f5859784c6a55344e4567784f43347a4d6a5a61545445304c6a45734f53347a4d6a526f4d6934314e6a52324d5334314f4452494d5451754d56704e4d5451754d4449334c4449774c6a6c6f4d6934314e6a52324d5334314f4452494d5451754d444933576b30354c6a67734f53347a4d6a526f4d6934314e6a52324d5334314f4452494f533434576d30744c6a63784f53777a4c6a67794e79777a4c6a67314d5377784c6a6b794e574d754f446b304c6a51304e7934344f5451734d5334784e7a49734d4377784c6a59784f4577354c6a41344e5377784f4334324d6a46684d5334774d6a6b734d5334774d6a6b734d4377774c4445744d5334324d546b744d5659784e4334784e544a424d5334774d6a6b734d5334774d6a6b734d4377774c4445734f5334774f4455734d544d754d545578576b30314c6a55774e6977354c6a4d794e4567344c6a4133646a45754e546730534455754e544132576b30314c6a517a4c4449774c6a6c494e7934354f5452324d5334314f4452494e5334304d31704e4d5334794d4463734f53347a4d6a52494d7934334e7a46324d5334314f4452494d5334794d446461545445754d544d784c4449774c6a6c494d793433646a45754e546730534445754d544d785769496764484a68626e4e6d62334a7450534a30636d4675633278686447556f4d4341744f4334784d5467704969382b5043396e506a77765a7a34384c334e325a7a343d, '2021-06-10 10:51:32', '2021-07-09 14:38:47', 'Admin', 'null', 1),
(2, 'wifi', 0x50484e325a79423462577875637a30696148523063446f764c336433647935334d793576636d63764d6a41774d43397a646d6369494864705a48526f505349794d6934354d694967614756705a326830505349784e6934774e44516949485a705a58644362336739496a41674d4341794d6934354d6941784e6934774e445169506a786b5a575a7a506a787a64486c735a5434755958746d615778734f6e4a6e596d456f4d6a55314c4449314e5377794e5455734d4334324b5474395043397a64486c735a5434384c32526c5a6e4d2b50484268644767675932786863334d39496d456949475139496b30794d6934334d7a63734e6934324e5446684d5459754e6a55784c4445324c6a59314d5377774c4441734d4330794d6934314e5455734d4377754e5459354c6a55324f5377774c4441734d4330754d44457a4c6a67794d3077784c6a51734f4334324f5745754e5467794c6a55344d6977774c4441734d4377754f4334774d5451734d544d754e7a51734d544d754e7a51734d4377774c4445734d5467754e5449304c4441734c6a55344d6934314f4449734d4377774c4441734c6a67744c6a41784e4577794d6934334e5377334c6a51334e4545754e5463754e5463734d4377774c4441734d6a49754e7a4d334c4459754e6a5578576b30784d5334304e6977784d7934334d5545794c6a49354d6977794c6a49354d6977774c4445734d4377784d7934334e5449734d5459734d6934794f5449734d6934794f5449734d4377774c4441734d5445754e4459734d544d754e7a4661625463754d6a55344c5449754f546b30595445774c6a6b354e4377784d4334354f5451734d4377774c4441744d5451754e5445324c4441734c6a55324e6934314e6a59734d4377774c4441744c6a41794c6a67794f5777784c6a497a4d7977784c6a49784e3245754e5467314c6a55344e5377774c4441734d4377754e7a6b754d4449354c4467754d4459324c4467754d4459324c4441734d4377784c4445774c6a55784c4441734c6a55344e4334314f4451734d4377774c4441734c6a63354c5334774d6a6c734d5334794d7a4d744d5334794d5464424c6a55324e6934314e6a59734d4377774c4441734d5467754e7a45344c4445774c6a63784e6c6f69494852795957357a5a6d39796254306964484a68626e4e735958526c4b4441674c5449754d6a55704969382b5043397a646d632b, '2021-06-10 10:52:20', '2021-07-09 14:39:00', 'Admin', 'null', 1),
(3, 'WIFI', 0x6956424f5277304b47676f414141414e5355684555674141414541414141424143414d414141436474344873414141416831424d5645582f2f2f2f392f762f362f6637322f5037792b7637762b6633742b50336e3976336a39507a67382f7a6338667a57372f76523766724a36766e4536506d2f357669773450656b322f61663266575a312f5750302f534a30664f467a2f4f417a664a39792f4a3379664677787646727866426e772f426376753557764f35517575314e7565314974757841744f77347365737872756f73712b6b6e71656b68702b6761704f67556f75634e6e2b59496e6559446d2b586f4c2b644b414141426b556c45515652343275335579354b434d42414630465a4251523779307143436f49684530762f2f66654e436b4943514944576247632b536f6d386c36553767362b7550307830535a30574a443257527863525a677a7a566a536c32304e685651634c6353526e32594b6b7a6832484c48635642644c6363576a73705561676b6654755a2b52536c55483847627867586c4a595a304f47584f454c70413038356458354a39353574614b717147626133547a76784a7755617443747962735361743770726b52747972687255544d70314f374c674c53746933466d6139646a656d30732f724b445836744463796c32767668396648784d6442756b4a316f344137515471674a4244582f587468504d4b4a4b7a4f56583037495a79426c466c5931664d4a586d7533586e536835654e55365358795769666a50656f37754e3570327877352b56626a667836307268724f6a3466736f375167724f633949517551594f62594b7a6442794330486236454c416c73554347445945515832494a33416b6d436a7136712b43524c577152636e3047445a654b7944357755345145575545433561765130623879394f6f445a30324c537146794d36764b45542b4965737147437369437a346a424c6a55367a414235514d61396b6e4354453278444361685a7a78357841684a344b78437551554d425a44446f4f3258772b597649584a687a69356a5a4d4861666f6f5437354d30362f7a6c365166656c6d6535374a4967373041414141415355564f524b35435949493d, '2021-06-10 10:58:21', '2021-07-09 14:38:52', 'Admin', 'null', 2),
(4, 'Charger', 0x50484e325a79423462577875637a30696148523063446f764c336433647935334d793576636d63764d6a41774d43397a646d6369494864705a48526f505349784e4334354e694967614756705a326830505349784e5334334e44636949485a705a58644362336739496a41674d4341784e4334354e6941784e5334334e446369506a786b5a575a7a506a787a64486c735a5434755958746d615778734f6e4a6e596d456f4d6a55314c4449314e5377794e5455734d4334324b5474395043397a64486c735a5434384c32526c5a6e4d2b5047636764484a68626e4e6d62334a7450534a30636d4675633278686447556f4d436b69506a786e494852795957357a5a6d39796254306964484a68626e4e735958526c4b444170496a3438634746306143426a6247467a637a3069595349675a443069545449334c6a55734d6934324d6a566f4c5334314d6a56574c6a63344e3245754e7a67334c6a63344e7977774c4445734d4330784c6a55334e537777566a49754e6a4931614330784c6a4131566934334f4464684c6a63344e7934334f4463734d4377774c4441744d5334314e7a55734d4659794c6a59794e5767744c6a55794e5745754d6a597a4c6a49324d7977774c4441734d4330754d6a59794c6a49324d6e59784c6a4131595334794e6a4d754d6a597a4c4441734d4377774c4334794e6a49754d6a5979614334794e6a4a574e69347a595445754d4455784c4445754d4455784c4441734d4377774c4445754d4455734d5334774e5767754e544931646934794e6a4a684c6a63344e6934334f4459734d4377774c4441734c6a55794e5334334d7a6c324e5334314e6d45784c6a41314c4445754d4455734d4377784c4445744d6934784c4442574f4334784d7a5a684d6934784c4449754d5377774c4441734d4330784c6a677a4e7930794c6a41344d6e59744e4545784c6a41774e7977784c6a41774e7977774c4441734d4377784f5334324e6a67734d5334774e5567784f4334314e7a52574c6a49324d6b45754d6a597a4c6a49324d7977774c4441734d4377784f43347a4d5449734d4567784e5334784e6a4a424c6a49324d7934794e6a4d734d4377774c4441734d5451754f5334794e6a4a574d5334774e5567784d7934344d4456424d5334774d4463734d5334774d4463734d4377774c4441734d5449754f4377794c6a41314e5659784e4334334e444a684d5334774d4463734d5334774d4463734d4377774c4441734d5334774d4455734d5334774d44566f4e5334344e6a4e684d5334774d4463734d5334774d4463734d4377774c4441734d5334774d4455744d5334774d4456574e6934314f4456684d5334314e7a59734d5334314e7a59734d4377774c4445734d53347a4d5449734d5334314e5446574d544d754f5446684d5334314e7a55734d5334314e7a55734d4377774c4441734d7934784e446b734d4659344c6a4d31595334334f4459754e7a67324c4441734d4377774c4334314d6a55744c6a637a4f5659334c6a4d304f5767754e544931595445754d4455784c4445754d4455784c4441734d4377774c4445754d4455744d5334774e5659304c6a4a494d6a63754e5745754d6a597a4c6a49324d7977774c4441734d4377754d6a59794c5334794e6a4a574d6934344f4464424c6a49324d7934794e6a4d734d4377774c4441734d6a63754e5377794c6a59794e56704e4d546b754d444d354c4467754d4451784c4445314c6a4d324e5377784d693431595334794e6a4d754d6a597a4c4441734d4377784c5334304e5459744c6a497a4e5777754f5459794c544d754e6a4133534445304c6a597a4e3245754d6a59794c6a49324d6977774c4441734d5330754d6930754e444935544445344c6a45774f53777a4c6a6333515334794e6a4d754d6a597a4c4441734d4377784c4445344c6a55324e537730544445334c6a59734e7934324d54466f4d5334794d7a4e684c6a49324d6934794e6a49734d4377774c4445734c6a49754e444935576d30324c6a45744c6a51794f5745754d6a59794c6a49324d6977774c4445734d5330754e5449314c4442574e79347a4e446c6f4c6a55794e5859754d6a5979576d30794c6a45744d7934354d7a64494d6a49754e544578566a4d754d545135614451754e7a49305769496764484a68626e4e6d62334a7450534a30636d4675633278686447556f4c5445794c6a67704969382b5043396e506a786e494852795957357a5a6d39796254306964484a68626e4e735958526c4b4449754d7a6b7a494455754d444d314b53492b50484268644767675932786863334d39496d456949475139496b30354d5334784e4467734d5459354c6a6b784e5777794c6a55314e43307a4c6a46494f5449754e6a677a595334794e6a49754d6a59794c4441734d4377784c5334794e5451744c6a4d7a624334334d7a6b744d6934334e7a45744d6934314e5451734d793478614445754d444535595334794e6a4d754d6a597a4c4441734d4377784c4334794e5451754d7a4e6149694230636d467563325a76636d3039496e52795957357a624746305a5367744f5441754e6a4531494330784e6a4d754e7a457a4b534976506a77765a7a34384c32632b5043397a646d632b, '2021-06-10 10:58:54', '2021-07-09 14:39:09', 'Admin', 'null', 1),
(5, 'Blanket', 0x50484e325a79423462577875637a30696148523063446f764c336433647935334d793576636d63764d6a41774d43397a646d6369494864705a48526f505349784f5334794e7a51694947686c6157646f644430694d5463754d6a63784969423261575633516d393450534977494441674d546b754d6a6330494445334c6a49334d53492b5047526c5a6e4d2b50484e306557786c5069356865325a7062477736636d6469595367794e5455734d6a55314c4449314e5377774c6a59704f333075596e746d615778734f694d3559324669597a51376653356a65325a7062477736497a41334d6d4d32596a74395043397a64486c735a5434384c32526c5a6e4d2b5047636764484a68626e4e6d62334a7450534a30636d4675633278686447556f4d4341774b53492b50484268644767675932786863334d39496d456949475139496b30784d43347a4d5449734d7a4d754e32457a4c6a51794e53777a4c6a51794e5377774c4441734d4330754e4455314c6a63354e5377784d7934774d5451734d544d754d4445304c4441734d4377774c5334324d4467734d53347a4e54566a4c53347a4c6a677a4e6930754e6a45354c4445754e7930754f44597a4c4449754e54557a595449334c6a63324c4449334c6a63324c4441734d4377774c5334324e546b734d6934354e6a49734e5334784f4459734e5334784f4459734d4377774c4441734c6a517a4c4449754e7a6733597934784d7a59754d7a51794c6a55314d5334354e6a59754d7a51734d53347a4e5330754d4459324c6a45794c5334794d6a63754d5463784c53347a4c6a4d744c6a45784f5334794c5334774d7a45754e4330754d4445354c6a59784f5334774d5451754d6a4d7a4c5334774f53347a4d6a4d744c6a49754e544135595445754d4459734d5334774e6977774c4441734d4330754d54457a4c6a59314f474d754d4459324c6a59304e5334334d7a63754e5449304c4445754d533435595449754e4451794c4449754e4451794c4441734d4377774c4334304e7934304f4463754f5445784c6a6b784d5377774c4441734d4377754e6a59754d4455344c4445754e6a51354c4445754e6a51354c4441734d4377784c4445754d444d354c5334774d4455734e5334314e5377314c6a55314c4441734d4377774c4445754d5451754e4467324c4463754e7a55304c4463754e7a55304c4441734d4377774c4445754f5459324c6a45784d5377304c6a6b334d6977304c6a6b334d6977774c4441734d5377784c6a41784e6934774d6977304c6a67734e4334344c4441734d4377774c4445754d7934784c4445314c6a63734d5455754e7977774c4441734d5377794c6a59744c6a4d334c4451754f5445314c4451754f5445314c4441734d4377774c4449754e5445334c5334304c444d754f4455734d7934344e5377774c4441734d5377784c6a457a4e5330754e44517a4c444d754d6a67324c444d754d6a67324c4441734d4377774c4445754d4449304c533479515449754d6a49324c4449754d6a49324c4441734d4377774c4449304c6a6b334f5377304e693433595449754f444d354c4449754f444d354c4441734d4377784c4334304d4459744c6a6b784f4377784c6a49324d5377784c6a49324d5377774c4441734d4377754d7930754f444d31597930754d4445794c5334794f4451744c6a457a4d5330754e5455304c5334774d5449744c6a677a4e5334784d7a49744c6a4d784d6934304d6a55744c6a557a4c6a55324e7930754f4451794c6a49314e6930754e54597a4c5334794d7a51744c6a6b344d6930754d7a49784c5445754e544d79595451754e6a59314c4451754e6a59314c4441734d4377784c5334774e6a63744c6a67334d6b45784c6a59794e4377784c6a59794e4377774c4441734d4377794e5334344c445177597930754d6930754d7a55794c5334344e5449744c6a49354c5334354d5455744c6a63744c6a41324e6930754e4449354c6a4d744c6a67784f43347a4e7a45744d5334794d6a55754d4459354c53347a4f5330754d544d784c5334334e4445744c6a45794e6930784c6a45794e6934774d4459744c6a51314e69347a4d5451744c6a677a4e43347a4e5451744d5334794f4452684d5334794e6a49734d5334794e6a49734d4377774c4441744c6a4d784e4330754f445530597930754d5459744c6a49304d7930754d6a45304c5334314d7a4d744c6a4d314c5334334f444e684d5334314f5377784c6a55354c4441734d4377774c5334334e4455744c6a597a4e6d4d744c6a51324e4330754d6930754f544d354c6a41314d5330784c6a51784e5334774d6a6c7a4c5334344e6930754e4330784c6a4d324c53347a4e545a6a4c5334324e4463754d44597a4c5445754d5451354c6a51794d5330784c6a67794d5334794d7a56684d6934334d4455734d6934334d4455734d4377774c4441744d5334784e7930754d445935597930754d7a51334c6a41324c5334324e7a4d754d7a49314c5445754d4449324c6a4d784e7930754e4330754d4441354c5334334e4459744c6a55744d5334784f5330754e4451784c5334794e6a67754d444d314c5334304d6a49754d7a4d314c5334324f5445754d7a6b304c5334794d6a59754d4455744c6a517a4c5334784d6a55744c6a59794f5330754d6a46684c6a67794c6a67794c4441734d4377774c5334354d7a63754d5455334c6a6b324d6934354e6a49734d4377774c4445744c6a637a4e6934794f4468444d5449754d7a45304c444d7a4c6a59354d7977784d5334794e5449734d7a49754f5455314c4445774c6a4d784d69777a4d7934335769496764484a68626e4e6d62334a7450534a30636d4675633278686447556f4c5463754d7a67324943307a4d6934344d696b694c7a34385a794230636d467563325a76636d3039496e52795957357a624746305a53677a4c6a63304e4341774c6a49334e696b69506a78775958526f49474e7359584e7a50534a694969426b50534a4e4d6a55344c6a63314e6977304e5745754f4449344c6a67794f4377774c4441734d5330754d6a4d334c5334304e446c6a4c5334774e6a55744c6a49344d6930754d5459354c5334314e5445744c6a49304d5330754f444d31595451754e4463784c4451754e4463784c4441734d4377784c4334784e446b744d69347a4d54646a4c6a49784f4330754e6a517a4c6a59794e5330784c6a49774e5334344c5445754f44513559546b754e6a6b794c446b754e6a6b794c4441734d4377784c4334354e7a45744d533434597934314e7a49744d5334774f5451734d5334784e4451744d6934784e7a63734d5334334d6a51744d7934794e6a55754d5449344c5334794e4445754d6a49314c5334314c6a55784e4330754e5451344c6a51304e6930754d4463304c4445754d5459794c6a45314e6934344e5467754e6a68684e5449754e7a4d324c4455794c6a637a4e6977774c4441734d4330794c6a51314e7977304c6a6b324f5377784d5334324e4463734d5445754e6a51334c4441734d4377774c5334344d7a51734d7934794d5449734e5334794e5451734e5334794e5451734d4377774c4441744c6a417a4f5377784c6a51734e5377314c4441734d4377784c4334784d4467754e7a5931597930754d4441354c6a49304e7930754d4455344c6a49784e6930754d6a59794c6a49784d6d457a4c6a41784f53777a4c6a41784f5377774c4441734d5330754f54457a4c5334774f5545754e4455354c6a51314f5377774c4441734d5377794e5467754e7a55324c4451315769496764484a68626e4e6d62334a7450534a30636d4675633278686447556f4c5449314d6934794d5445674c544d7a4c6a6b794e696b694c7a3438634746306143426a6247467a637a3069596949675a443069545445774d5334304e4449734d7a6b334c6a4d314e32457a4c6a417a4d69777a4c6a417a4d6977774c4441734d4330754e54497a4c4445754e4377784c6a67314c4445754f4455734d4377774c4441734c6a41314d6934334f44686a4c6a45754d7a59784c6a41344d5334304c5334794f4463754d7a517a595455754e4463314c4455754e4463314c4441734d4377784c5334354e446b744c6a45324f574d744c6a49334d7930754d5330754d6a4d354c53347a4c5334794e6a55744c6a55324f57457a4c6a4d334f43777a4c6a4d334f4377774c4441734d5377754d5455324c5445754d7a5530597934774e7a59744c6a49304e4334774f5449744c6a51754d7a597a4c5334304e7a46684d7934304f4449734d7934304f4449734d4377774c4445734c6a63744c6a41354d6b4d784d4441754f5455344c444d354e7934794d6977784d4445754d5467734d7a6b334c6a4d324d6977784d4445754e4451794c444d354e79347a4e54646149694230636d467563325a76636d3039496e52795957357a624746305a5367744f546b754e4455324943307a4f444d754e5455324b534976506a77765a7a3438634746306143426a6247467a637a3069597949675a443069545445344c6a6b304e69777a4e793430595445754d6a41354c4445754d6a41354c4441734d4377774c43347a4d6a67744c6a63734d5334314e5451734d5334314e5451734d4377774c4441744c6a497a4c5334334e6a4e6a4c5334784e7930754d6a6b7a4c5334304f5449744c6a51304e4330754e4463314c5334344d6a4d754d44497a4c5334314d4459754d6a59334c5445734c6a41784e7930784c6a56684d5334774e4449734d5334774e4449734d4377774c4441744c6a67314f4330754e5463794c4449754e4451324c4449754e4451324c4441734d4377774c4334784e6a6b744c6a4d734d5334354f4467734d5334354f4467734d4377774c4441734c6a45314d6930784c6a59344f574d744c6a41324e7930754d5451304c5334784e4449744c6a49784d5330754d5445794c53347a4e6a4a684d5334354d7a63734d5334354d7a63734d4377774c4445734c6a49744c6a4d324f5377794c6a497a4e4377794c6a497a4e4377774c4441734d4377754d6a59324c5334354e7a45734d5334304d6977784c6a51794c4441734d4377774c5334794d6a67744c6a677a4e6d4d744c6a41324e5330754d4467344c5334784f4459744c6a457a4f5330754d6a517a4c5334794d6a55744c6a41334d6930754d5441354c5334774e5459744c6a49344f4330754d5441334c5334304d545a684d5334344d6a63734d5334344d6a63734d4377774c4441744d53347a4e446b744d5334774e6a45734d6934774e6a63734d6934774e6a63734d4377774c4441744c6a6b794e5334784e544a6a4c53347a4d5449754d446b744c6a63304e4330754d6a49744d5334774e5467744c6a4e684d6934794e5451734d6934794e5451734d4377774c4441744c6a6b354c5334774e4449734e4334304d6a4d734e4334304d6a4d734d4377774c4445744d5334784e446b754d6a4d31597930754e7a45794c5334774e6a49744d5334304d5330754d7a63344c5449754d5445314c5334774d7a51744c6a49334c6a457a4d6930754e444d344c6a49314c5334334e4334784d4459744c6a45794d7930754d4455354c5334794d6930754d5459784c53347a4e446b744c6a4978595445754d5459344c4445754d5459344c4441734d4377774c5334354e6a63754d544d334c4445754d5377784c6a45734d4377774c4445744c6a45354d5334784d54646a4c5334784e5463754d4449354c53347a4d7a51744c6a45774e6930754e4463744c6a45324e3245784c6a49304e7977784c6a49304e7977774c4441734d4330754e444d344c5334784d5455734d5334794e5445734d5334794e5445734d4377774c4441744c6a67324c6a4d794e474d744c6a45754d4467744c6a49794e7934794e5455744c6a4d304d69347a4c5334784e7a51754d4463304c5334314c5334784d5455744c6a59304d6930754d546333595445754f5445734d5334354d5377774c4441734d4330754f5455314c533479624330754d4451324c6a41774e3245794c6a497a4e7977794c6a497a4e7977774c4441734d4330784c6a41324e6934774e7a55734d5334314d446b734d5334314d446b734d4377774c4441744c6a67754e7a5579597930754d6a49334c6a517a4c5334304e6a55754f4451334c5334324f4449734d5334794f444e684d5449754e6a67304c4445794c6a59344e4377774c4441734d4330784c6a45734d6934354e4468444c6a4d314e79777a4d7934774e5455754d5459344c444d304c6a45794e5334774e4451734d7a55754d546732595451754f5467784c4451754f5467784c4441734d4377774c4334774d6a49734d5334304e7a45734d544d754f5459354c44457a4c6a6b324f5377774c4441734d4377754e5377784c6a55314f4377794c6a55334f4377794c6a55334f4377774c4441734d4377754e4334344e7a55754f544d324c6a6b7a4e6977774c4441734d4330754d6a6b304c6a45344d5334344d5449754f4445794c4441734d4377774c5334794d5445754e5377794c6a6b734d6934354c4441734d4377784c5334784d5449754e7a59344c4445754e7a677a4c4445754e7a677a4c4441734d4377774c5334784f5445754f44497a597934774e5455754e44457a4c6a4d794e4334314f5334324e6a59754e7a55314c6a51324c6a49794d6934324e7a59754e7a63784c4445754d5463784c6a6b794e4745784c6a55784e4377784c6a55784e4377774c4441734d4377754e6a63794c4441734d5334344c4445754f4377774c4441734d5377784c6a41774f5334784e546b734e4334334f4449734e4334334f4449734d4377774c4441734d5334334d7a6b754e4459354c4445784c6a59324d6977784d5334324e6a49734d4377774c4445734d5334314d6a45744c6a41354c4463754e5459344c4463754e5459344c4441734d4377774c4445754e7934794f4463734d5451754e6977784e4334324c4441734d4377774c4445754e7930754d6a63344c44457a4c6a63774e7977784d7934334d4463734d4377774c4445734d5334354e6a51734d4377304c6a67314f4377304c6a67314f4377774c4441734d4377784c6a59304e6930754d7a49354c4463754d6a59794c4463754d6a59794c4441734d4377774c4334334d7a49744c6a4d324e4377794c6a6b314e7977794c6a6b314e7977774c4441734d5377784c6a45794d5330754d7a4d324c4449754e7a4d344c4449754e7a4d344c4441734d4377774c4445754e4330754e4377784c6a63324e5377784c6a63324e5377774c4441734d4377754e6a63784c5445754d574d754d444d794c5334794f544d744c6a41344d7930754e546b784c6a45784e5330754f445179595459754f4463334c4459754f4463334c4441734d4377774c4334304e446b744c6a557a4d574d754d7a49314c5334314d4459754d5455794c5334344e444d754d4455784c5445754d7a6778595334304e444d754e44517a4c4441734d4377784c4334784d4459744c6a51334f454d784f4334334d6a49734d7a63754e6a67794c4445344c6a677a4e69777a4e7934314e446b734d5467754f5451324c444d334c6a52616253307a4c6a637a4f4330354c6a67324d324d754d6a59314c6a41344e5334304d5449744c6a41784d5334324e6930754d5545784c6a41794e7977784c6a41794e7977774c4441734d5377784e7977794e7934334d5745784c6a49334d7977784c6a49334d7977774c4441734d5377754d6a67354c6a4d314d5377794c6a59344d7977794c6a59344d7977774c4441734d5377754d44597a4c6a4d314d324d754d4467314c6a49334e79347a4e7a51754d7a59304c6a51314f5334324e4745784c6a51794d5377784c6a51794d5377774c4441734d5330754d546b794c4445754d445135597930754d5441334c6a49774f5330754d7a45754e4451304c53347a4d4467754e6a6b7a4c4441734c6a49784e5334784e7a59754d7a63304c6a49304e7934314e6a5a684d5334794e5455734d5334794e5455734d4377774c4445744c6a41334d7934354d445a6a4c5334794d6a67754e5455314c5334324e7a63734d5334774d6a45744c6a59314e5377784c6a59304e5334774d4455754d5451314c6a41784e4334784e5445744c6a41304f4334794e5459744c6a417a4f4334774e6a51744c6a45754d5330754d544d7a4c6a45334d7930754d446b304c6a49794e4334774e5463754e4455304c5334774d5449754e7930754d5451314c6a55784d6930754e7a597a4c6a59794e7930754e6a677a4c4445754d6a4d7a515445754d5451344c4445754d5451344c4441734d4377784c4445304c6a637a4d69777a4e793431595455754f5467354c4455754f5467354c4441734d4377774c5445754e7a6b7a4c6a49334c4451754e5377304c6a55734d4377774c4445744d5334784e6a4d754d4445324c444d754e6a49794c444d754e6a49794c4441734d4377784c5334794c5445734e5334354d6a4d734e5334354d6a4d734d4377774c4445734c6a45314f5330784c6a59324f4377784e6934774f4463734d5459754d4467334c4441734d4377784c4445744d7934774e545a6a4c6a4d334e5330754f4459334c6a63324d5330784c6a637a4d7977784c6a45324f5330794c6a55344e5334794c5334304d544d754d7a6b7a4c5334344e4455754e6a457a4c5445754d6a51304c6a457a4f4330754d6a55784c6a4d784c5334314d5445754e4451304c5334334e7a56444d5455754d4451304c4449334c6a51344d7977784e5334784d6a55734d6a63754e5445314c4445314c6a49774f4377794e7934314e444661625330784c6a55794f4330754d7a6331595445754e7a67334c4445754e7a67334c4441734d4377784c4334324c6a41794e79777a4c6a49794d53777a4c6a49794d5377774c4441734d5377754e5463784c6a49774f4377324c6a51734e6934304c4441734d4377774c5334324e5463754f545930597930754d6a4d344c6a51334e5330754e446b7a4c6a6b304c5334334d5467734d5334304d6a49744c6a51324e4334354f5451744c6a6b314e4377784c6a6b334f5330784c6a4d794f53777a4c6a41784d6d45784d5334334e5459734d5445754e7a55324c4441734d4377774c5334344e6a6b734d79347a4e6a51734e43347a4d546b734e43347a4d546b734d4377774c4441734c6a45324e5377784c6a51304f474d754d44457a4c6a41304e4334774d6a55754d446b784c6a417a4f5334784d7a6c684d5441754d6a67334c4445774c6a49344e7977774c4441734d4330784c6a45774e6930754d446734614330754d544532595451754d6a517a4c4451754d6a517a4c4441734d4377784c5334794f5330794c6a63784e6977784e5334344e6a59734d5455754f4459324c4441734d4377784c4445754d5455304c5449754f544930597934304e6a67744c6a6b784f5334354d6a55744d5334344e5377784c6a51324d5330794c6a637a4d5334794e6930754e4449344c6a51354e4330754f44637a4c6a637a4d7930784c6a4d784d30457a4c6a4d344e79777a4c6a4d344e7977774c4441734d4377784d7934324e7a6b734d6a63754d545932576b307a4c6a41774e7977304d69347a4f445a684d7934354e43777a4c6a6b304c4441734d4377784c5334334e7a6b754d445134597930754d6a59794c5334774e6a59744c6a4d344e7930754d7a49324c5334314e7a51744c6a55774e5745784c6a67334e4377784c6a67334e4377774c4441734d4330754e5445784c53347a4e44566a4c5334794e5451744c6a45794c5334304d6a6b744c6a45324d7930754d7a51784c533431595463754e7a41344c4463754e7a41344c4441734d4377774c4334794e444d744c6a63324e324d754d444d344c5334794e446b744c6a41324e5330754e5449784c6a45314d6930754e7934774e7a59744c6a41324d5334784e4467744c6a45784c6a49784e5330754d5459304c6a45794c6a41324d7934794e4459754d5445794c6a4d334d6934784e6a56684d7934774e4467734d7934774e4467734d4377774c4445734c6a63304e7934314e5459734d6934344d6a51734d6934344d6a51734d4377774c4441734d53347a4f4445754e6a45784c4449754e6a4d324c4449754e6a4d324c4441734d4377774c5334794e6a4d734d5334774d7a59734d6934304d446b734d6934304d446b734d4377774c4441734c6a417a4e433433515449754d7977794c6a4d734d4377774c4441734d7934774d4463734e4449754d7a6732576d30784c6a41304f4334794f4452684d6934784e7977794c6a45334c4441734d4377784c5334784e446b744c6a63334e7977794c6a6b344e6977794c6a6b344e6977774c4441734d5377754d6a4d334c5445754d44677851544d754e7a4d784c444d754e7a4d784c4441734d4377774c4451754f5377304d4334334f5745794c6a63314d6977794c6a63314d6977774c4441734d5377754e6a4d354c5334774d4459734d7934774e7a67734d7934774e7a67734d4377774c4441744c6a55784e7977784c6a5534515445754e6a6b734d5334324f5377774c4441734d4377314c6a45734e444d734e5334784d7a55734e5334784d7a55734d4377774c4445734e4334774e5455734e4449754e6a6378576b30784e7934344c444d334c6a6b314d574d744c6a41334f4334304c6a49344e7934334e7a63754d6977784c6a45324f4330754d446b314c6a51304d7930754e6a4d324c6a597a4f5330754e7a55784c4445754d446731637934774e5467754f44497a4c5334794e5463734d5334794d6a4a684d6934774e5445734d6934774e5445734d4377774c4445744d5334304d6a51754e5449794c444d754f544d314c444d754f544d314c4441734d4377774c5445754d7a49794c6a51344e5377304c6a45354d5377304c6a45354d5377774c4441734d5330784c6a55334e5334314d5377334c6a55794e7977334c6a55794e7977774c4441734d5330784c6a4d344d7930754d4449354c4463754e4451794c4463754e4451794c4441734d4377774c5445754e6a4d314c6a45314f5377314c6a63314e5377314c6a63314e5377774c4441734d5330784c6a51794d7934784e44686a4c5334314c5334774e5455744c6a6b334e5330754d6a59794c5445754e44677a4c53347a4c5334304d5330754d444d7a4c5334344d5445754d5445794c5445754d6a49754d544535595334784d5451754d5445304c4441734d4377774c5334774d6a55744c6a41784e324d744c6a4d304e6930754d5459304c5334784f4449744d5334774e5467744c6a45794e6930784c6a4d794d6d45304c6a67734e4334344c4441734d4377784c43347a4e4463744c6a6735597934794f4463754d4451324c6a55324f5334784d6a51754f4463354c6a4a684d7934794e446b734d7934794e446b734d4377774c4441734d5334304d7a67754d4451334c4445334c6a457a4d6977784e7934784d7a49734d4377774c4445734d5334334c533430597934314f5330754d4451324c4445754d5463794c6a417a4d6977784c6a63324c6a41304e5745334c6a49734e7934794c4441734d4377774c4445754e7a67354c5334794e5459734d5451754e6a55734d5451754e6a55734d4377774c4445734d5334344e6a55744c6a4a6a4c6a45744c6a41784d5334784e446b744c6a45334e7934774d6a63744c6a4a684e6934324e4467734e6934324e4467734d4377774c4441744d5334784e6a59744c6a45324f4377344c6a63344f4377344c6a63344f4377774c4441734d4330784c6a51784d5334784e7a566a4c5334354f4451754d5455794c5445754f5451354c5334774e5451744d6934354d7a4d754d4451794c5334354d5445754d4467354c5445754e7a59324c6a59794d5330794c6a63754e444d344c5334304d6a45744c6a41344d7930754f4445354c5334794e5451744d5334794e4459744c6a4d774e3245784d79347a4e6977784d79347a4e6977774c4441734d4330784c6a517a4e5334774e5467734d6934794e5449734d6934794e5449734d4377774c4445744d5334794d5451744c6a51734e7934354e4459734e7934354e4459734d4377774c4441744d5334774e6a49744c6a67784d7977784c6a4d344c4445754d7a67734d4377774c4445744c6a67324d5330784c6a41784d324d744c6a45304e5330754e4463314c53347a4e6a59744c6a6b794e5330754e4463314c5445754e444579595467754e446b784c4467754e446b784c4441734d4377784c4334794d6a49744d7934784c4445334c6a4d7a4f5377784e79347a4d7a6b734d4377774c4445734c6a59314d5330794c6a63304e6977784e5334794d6a6b734d5455754d6a49354c4441734d4377784c4334344e7a63744d5334354e7a67734d7934334e544d734d7934334e544d734d4377774c4445734c6a55304f5330754f4459354c4445754e5467314c4445754e5467314c4441734d4377784c4445754e4330754e545533597934794e4449754d444d314c6a55784f4334784d5463754e7a67314c6a45324d69347a4e7a55754d546b304c6a63794e6934304d4467734d5334784c6a41344f4334794e4467744c6a49784d7934304f544d744c6a51344d7934344e5330754e4449324c6a4d754d4451334c6a55794e79347a4d546b754f444d344c6a4d774e6934794e5455744c6a41784c6a51304e4330754d6a49794c6a59334f4330754d79347a4e6a67744c6a45784f4334314e6a67754d6934344f4451754d7a4134595334344e6a67754f4459344c4441734d4377774c4334334c5334774f5449734d6934774f446b734d6934774f446b734d4377774c4445734d5334774e6a49744c6a497a4e574d754d7a55334c6a41794d7934324f5445754d5459784c4445754d4451324c6a4a684d69347a4d5459734d69347a4d5459734d4377774c4441734c6a6b744c6a45304d3277754d5445304c5334774d6a6c684d6a45754e7a41354c4449784c6a63774f5377774c4441734d5330784c6a4d324d7977794c6a55774e324d744c6a55304e5334354e7a63744d5334774e7a49734d6930784c6a55784f53777a4c6a41794e3245334c6a637a4d5377334c6a637a4d5377774c4441734d4330754f4455784c4449754f4449784c4451754d7a63314c4451754d7a63314c4441734d4377774c4334794d7a67734d5334304e5455734e4334354d6a45734e4334354d6a45734d4377774c4441734c6a49794f5334324d6a56424d5449754e5377784d6934314c4441734d4377784c4463754e7a59344c444d334c6a5a6a4c5334304d4467744c6a41324f4330754f4445304c5334784e6a59744d5334794d6a59744c6a4978595451754d5445344c4451754d5445344c4441734d4377774c5334354f4459754d446779597930754e7a59334c6a45774f4330784c6a55754d7a51334c5449754d6a55754e5446684c6a45754d5377774c4441734d4377754d4449324c6a45354d324d754e7a55324c5334774e4451734d5334314c5334784e4459734d6934794e6a49744c6a45304e3245314c6a55794e7977314c6a55794e7977774c4441734d5377784c6a457a4e5334774d7a646a4c6a51794d6934774f444d754f4451304c6a45334d5377784c6a49334c6a49794e5745794d7934794d546b734d6a4d754d6a45354c4441734d4377774c4449754e544d324c5334774d6a45734d5449754e7a6b7a4c4445794c6a63354d7977774c4441734d4377794c6a51774e7934774f5445734e6934354e4449734e6934354e4449734d4377774c4441734d5334774f4449744c6a49304e324d754d7a637a4c5334784d6a51754e7934774d7977784c6a41334d6930754d444934515445754f4467344c4445754f4467344c4441734d4377774c4445324c6a51784e53777a4e3245784c6a45344f5377784c6a45344f5377774c4441734d4377754d544d744c6a63784e6d4d744c6a417a4d7930754d6930754d4449794c5334784f444d754d5445304c53347a4d7a51754d5445794c5334784d6a51754d6a4d314c5334794e4451754d7a4d324c53347a4e7a5a684d5334794d6a45734d5334794d6a45734d4377774c4441734c6a497a4e7930754e7a49324c4445754d4445784c4445754d4445784c4441734d4377774c4441744c6a49344e6934334e7a4d754e7a637a4c4441734d4377774c4334774e7930754d446731597934784e7a49744c6a49794d7934774e6a4d744c6a51334e5334774f5449744c6a63794f5745784c6a457a4d7977784c6a457a4d7977774c4441734d5377754d5455304c5334304d5451754f4455754f4455734d4377774c4445734c6a59794f4334354e7a6c6a4c5334774e4463754e4445304c5334794f4455754f4455344c5334784d5455734d5334794e6a63754d5455794c6a4d324e7934334e546b754e7a51794c6a55324c4445754d6a4133517a45344c6a517a4f53777a4e7934794d6a63734d5463754f53777a4e7934304e5449734d5463754f43777a4e7934354e54466149694230636d467563325a76636d3039496e52795957357a624746305a536777494330794e6934314f5455704969382b5043396e506a777663335a6e50673d3d, '2021-06-30 12:20:34', '2021-07-09 14:39:38', 'Admin', 'active', 1),
(6, 'CCTV', 0x50484e325a79423462577875637a30696148523063446f764c336433647935334d793576636d63764d6a41774d43397a646d6369494864705a48526f505349794d5334334d694967614756705a326830505349784e6934794f534967646d6c6c64304a76654430694d434177494449784c6a6379494445324c6a4935496a34385a47566d637a3438633352356247552b4c6d46375a6d6c73624470795a324a684b4449314e5377794e5455734d6a55314c4441754e696b3766547776633352356247552b5043396b5a575a7a506a786e494852795957357a5a6d39796254306964484a68626e4e735958526c4b4441674d436b69506a786e494852795957357a5a6d39796254306964484a68626e4e735958526c4b4441674d436b69506a78775958526f49474e7359584e7a50534a684969426b50534a4e4d6a45754e446b794c4463784c6a4d734f5334794d6977324e4334794f4468424d6934784d6a67734d6934784d6a67734d4377774c4441734f4334784e4455734e6a52684d6934794d7a63734d6934794d7a63734d4377774c4441744d5334334f5445754f544e734c5449754d7a63334c444d754e4745784c6a6b334d7977784c6a6b334d7977774c4441734d4377754e6a4d734d6934344e4777794c6a55344f4377784c6a51354d7930754e4459344c6a59794d3245784c6a6b794c4445754f5449734d4377774c4441734c6a41794d6977794c6a4d314e5777744c6a59344f5377784c6a417a4e4567794c6a63784e5659334e53347a4d544e684c6a51314d6934304e5449734d4377774c4441744c6a51314d7930754e445579534334304e544e424c6a51314d6934304e5449734d4377774c4441734d4377334e53347a4d544e324e4334314d6a56684c6a51314d6934304e5449734d4377774c4441734c6a51314d7934304e544e6f4d5334344d5745754e4455794c6a51314d6977774c4441734d4377754e44557a4c5334304e544e324c5334304e5446494e6934774e6a46424d6934334d5377794c6a63784c4441734d4377774c4467754d7a49734e7a67754d546333624334334e4449744d5334784d544e684d6934774e5449734d6934774e5449734d4377774c4441734c6a517a4e4334774e546b734d6934774e7a49734d6934774e7a49734d4377774c4441734d5334334e6a67744d5777754e5330754f4449354c444d754f4455784c4449754d6a4979595334304e5449754e4455794c4441734d4377774c4334324d7a45744c6a45356243347a4d7a55744c6a59334d574d754d4455314c4441734c6a45774f4334774d5459754d5459304c6a41784e6b457a4c6a45334d53777a4c6a45334d5377774c4441734d4377784f5334354d5377334d793431595449754f5445344c4449754f5445344c4441734d4377774c5334774e7930754e546b78624445754e6a4d744c6a67784e5745754e4455794c6a51314d6977774c4441734d4377754d4449794c533434576d30744e6934314e546b734d7934314e6d45754e44557a4c6a51314d7977774c4445734d5377754e44557a4c5334304e544e424c6a51314d7934304e544d734d4377774c4445734d5451754f544d794c4463304c6a67325769496764484a68626e4e6d62334a7450534a30636d4675633278686447556f4d4341744e6a51704969382b5043396e506a77765a7a34384c334e325a7a343d, '2021-07-09 14:39:31', '2021-07-09 14:39:41', 'Admin', 'active', 1),
(7, 'Water Bottle', 0x5044393462577767646d567963326c76626a30694d5334774969426c626d4e765a476c755a7a306961584e764c5467344e546b744d53492f5067304b504345744c5342485a57356c636d4630623349364945466b62324a6c49456c736248567a64484a6864473979494445354c6a41754d43776755315a484945563463473979644342516248566e4c556c754943346755315a4849465a6c636e4e7062323436494459754d444167516e5670624751674d436b67494330745067304b50484e325a7942325a584a7a61573975505349784c6a456949476c6b50534a4d59586c6c636c38784969423462577875637a30696148523063446f764c336433647935334d793576636d63764d6a41774d43397a646d6369494868746247357a4f6e68736157357250534a6f644852774f693876643364334c6e637a4c6d39795a7938784f546b354c3368736157357249694234505349776348676949486b39496a42776543494e43676b67646d6c6c64304a76654430694d434177494455784d6941314d54496949484e306557786c50534a6c626d466962475574596d466a61326479623356755a4470755a5863674d434177494455784d6941314d54493749694234625777366333426859325539496e42795a584e6c636e5a6c496a344e436a786e5067304b4354786a61584a6a624755676333523562475539496d5a7062477736497a49334d3049335154736949474e34505349794e54596949474e35505349794e54596949484939496a49314e6949765067304b4354786a61584a6a624755676333523562475539496d5a7062477736497a49334d3049335154736949474e34505349794e54596949474e35505349794e54596949484939496a49314e6949765067304b5043396e5067304b50484268644767676333523562475539496d5a7062477736497a45794d5445304f54736949475139496b30794f5451754e4441354c4455774f5334784d7a466a4d5445314c6a497a4f4330784e79347a4d7a6b734d6a41314c6a4d774e7930784d5445754e446b794c4449784e6934304d6a45744d6a49344c6a59314e55777a4d7a6b754f5441784c4445774f5334314e4464734c5451784c6a55354f4377304c6a6b774d77304b435577794f4445754e5445734f5463754e6a5534624330784c6a55794e6977784f4334354e5446734c544d324c6a59314e7977304c6a4d7962444d7a4c6a59774e69777a4d7934324d445a734c546b754d4463314c4445784d6934334e446c734c5445334c6a45334e4377794e7934314d4456734c5455344c6a4d334c4445784d6934794e5577794f5451754e4441354c4455774f5334784d7a46364969382b44516f38634746306143427a64486c735a5430695a6d6c7362446f6a4e7a46464d6b56474f7949675a44306954544d794d6934354e444d734d54597a4c6a67314f5767744d6a4d754e7a68324c5445794c6a41324e3267794d7934334f474d354c6a63344e5377774c4445334c6a63304e4330334c6a6b324d5377784e7934334e4451744d5463754e7a513244516f4a637930334c6a6b314f5330784e7934334e4451744d5463754e7a51304c5445334c6a63304e4767744e4463754e545533646930784d6934774e6a646f4e4463754e545533597a45324c6a517a4e7977774c4449354c6a67784d6977784d79347a4e7a51734d6a6b754f4445794c4449354c6a67784d67304b43554d7a4e5449754e7a55304c4445314d4334304f4455734d7a4d354c6a4d344c4445324d7934344e546b734d7a49794c6a6b304d7977784e6a4d754f445535656949765067304b50484a6c59335167654430694d6a4d7a4c6a6b314d534967655430694f5463754e6a55344969427a64486c735a5430695a6d6c7362446f6a526b5a444e6a46434f79496764326c6b64476739496a51334c6a55314e794967614756705a326830505349794d7934334e7a67694c7a344e436a78795a574e3049486739496a49314e5334304d7a456949486b39496a6b334c6a59314f4349676333523562475539496d5a70624777364930564251544979526a7369494864705a48526f505349794e6934774f444d694947686c6157646f644430694d6a4d754e7a63344969382b44516f38634746306143427a64486c735a5430695a6d6c7362446f6a526b5933526a52474f7949675a443069545449784f5334304d6a49734d5459324c6a49354d5767334e6934324d546c6a4e5334784d4467734d4377354c6a49304e7930304c6a45304d5377354c6a49304e7930354c6a49304e3359744d6a6b754d44597a597a41744e5334784d4467744e4334784e4445744f5334794e4463744f5334794e4463744f5334794e44634e43676c6f4c5463324c6a59784f574d744e5334784d4467734d4330354c6a49304e7977304c6a45304d5330354c6a49304e7977354c6a49304e3359794f5334774e6a4a444d6a45774c6a45334e5377784e6a49754d5455784c4449784e43347a4d5459734d5459324c6a49354d5377794d546b754e4449794c4445324e6934794f5446364969382b44516f38634746306143427a64486c735a5430695a6d6c7362446f6a52444d314f544d7a4f7949675a443069545449354e6934774e4445734d5445344c6a637a4e4767744e4441754e6a4531646a51334c6a55314e3267304d4334324d54566a4e5334784d4467734d4377354c6a49304e7930304c6a45304d5377354c6a49304e7930354c6a49304e3359744d6a6b754d44597944516f4a517a4d774e5334794f4467734d5449794c6a67334e53777a4d4445754d5451354c4445784f4334334d7a51734d6a6b324c6a41304d5377784d5467754e7a4d30656949765067304b50484268644767676333523562475539496d5a706247773649305a47526b5a47526a736949475139496b30794d4467754f4455314c4451784e43347a4e444a6f4f5463754e7a5530597a45794c6a51774e4377774c4449794c6a51314e7930784d4334774e5451734d6a49754e4455334c5449794c6a51314e3159784e7a55754d6a4d3444516f4a597a41744d5449754e4441304c5445774c6a41314e4330794d6934304e5463744d6a49754e4455334c5449794c6a51314e3267744f5463754e7a5530597930784d6934304d4451734d4330794d6934304e5463734d5441754d4455304c5449794c6a51314e7977794d6934304e5464324d6a45324c6a59304e77304b43554d784f4459754d7a6b334c4451774e4334794f4463734d546b324c6a51314d5377304d5451754d7a51794c4449774f4334344e5455734e4445304c6a4d304d6e6f694c7a344e436a78775958526f49484e306557786c50534a6d615778734f694e454d45517852444d374969426b50534a4e4d7a41324c6a59774f5377784e5449754e7a6778614330314d5334784f444e324d6a59784c6a55324d5767314d5334784f444e6a4d5449754e4441304c4441734d6a49754e4455334c5445774c6a41314e6977794d6934304e5463744d6a49754e445533566a45334e5334794d7a674e43676c444d7a49354c6a41324f4377784e6a49754f444d314c444d784f5334774d5449734d5455794c6a63344d53777a4d4459754e6a41354c4445314d6934334f4446364969382b44516f385a7a344e43676b38636d566a64434234505349794d5441754d54633549694235505349794d446b754d7a55784969427a64486c735a5430695a6d6c7362446f6a526b56464d5467334f79496764326c6b64476739496a6b314c6a45774f434967614756705a326830505349314c6a63324e5349765067304b435478795a574e3049486739496a49784d4334784e7a6b6949486b39496a49304d6934324e4349676333523562475539496d5a706247773649305a46525445344e7a7369494864705a48526f505349354e5334784d4467694947686c6157646f644430694e5334334e6a55694c7a344e43676b38636d566a64434234505349794d5441754d54633549694235505349794e7a55754f5449344969427a64486c735a5430695a6d6c7362446f6a526b56464d5467334f79496764326c6b64476739496a6b314c6a45774f434967614756705a326830505349314c6a63324e5349765067304b435478795a574e3049486739496a49784d4334784e7a6b6949486b39496a4d774f5334794d54636949484e306557786c50534a6d615778734f694e47525555784f4463374969423361575230614430694f5455754d5441344969426f5a576c6e61485139496a55754e7a59314969382b44516f4a50484a6c59335167654430694d6a45774c6a45334f534967655430694d7a51794c6a55774e6949676333523562475539496d5a706247773649305a46525445344e7a7369494864705a48526f505349354e5334784d4467694947686c6157646f644430694e5334334e6a55694c7a344e43676b38636d566a64434234505349794d5441754d546335496942355053497a4e7a55754e7a6b304969427a64486c735a5430695a6d6c7362446f6a526b56464d5467334f79496764326c6b64476739496a6b314c6a45774f434967614756705a326830505349314c6a63324e5349765067304b5043396e5067304b5047632b44516f4a50484a6c59335167654430694d6a55314c6a517a4d534967655430694d6a41354c6a4d314d5349676333523562475539496d5a706247773649305a47517a5978516a7369494864705a48526f505349304f5334344e6a49694947686c6157646f644430694e5334334e6a55694c7a344e43676b38636d566a64434234505349794e5455754e444d7849694235505349794e4449754e6a516949484e306557786c50534a6d615778734f694e47526b4d324d5549374969423361575230614430694e446b754f4459794969426f5a576c6e61485139496a55754e7a59314969382b44516f4a50484a6c59335167654430694d6a55314c6a517a4d534967655430694d6a63314c6a6b794f4349676333523562475539496d5a706247773649305a47517a5978516a7369494864705a48526f505349304f5334344e6a49694947686c6157646f644430694e5334334e6a55694c7a344e43676b38636d566a64434234505349794e5455754e444d78496942355053497a4d446b754d6a45334969427a64486c735a5430695a6d6c7362446f6a526b5a444e6a46434f79496764326c6b64476739496a51354c6a67324d694967614756705a326830505349314c6a63324e5349765067304b435478795a574e3049486739496a49314e5334304d7a456949486b39496a4d304d6934314d44596949484e306557786c50534a6d615778734f694e47526b4d324d5549374969423361575230614430694e446b754f4459794969426f5a576c6e61485139496a55754e7a59314969382b44516f4a50484a6c59335167654430694d6a55314c6a517a4d534967655430694d7a63314c6a63354e4349676333523562475539496d5a706247773649305a47517a5978516a7369494864705a48526f505349304f5334344e6a49694947686c6157646f644430694e5334334e6a55694c7a344e436a77765a7a344e436a786e5067304b5043396e5067304b5047632b44516f384c32632b44516f385a7a344e436a77765a7a344e436a786e5067304b5043396e5067304b5047632b44516f384c32632b44516f385a7a344e436a77765a7a344e436a786e5067304b5043396e5067304b5047632b44516f384c32632b44516f385a7a344e436a77765a7a344e436a786e5067304b5043396e5067304b5047632b44516f384c32632b44516f385a7a344e436a77765a7a344e436a786e5067304b5043396e5067304b5047632b44516f384c32632b44516f385a7a344e436a77765a7a344e436a777663335a6e5067304b, '2021-07-17 07:02:55', '2021-07-17 07:03:21', 'Admin', 'Active this', 1);
INSERT INTO `amenities` (`id`, `name`, `icon`, `created_at`, `updated_at`, `created_by`, `reason`, `status`) VALUES
(8, 'Bed', 0x2f396a2f34414151536b5a4a5267414241514141534142494141442f3467496353554e445831425354305a4a54455541415145414141494d62474e746377495141414274626e5279556b64434946685a576941483341414241426b414177417041446c6859334e77515642515441414141414141414141414141414141414141414141414141414141414141414141413974594141514141414144544c57786a62584d414141414141414141414141414141414141414141414141414141414141414141414141414141414141414141414141414141414141414141414141414141706b5a584e6a414141412f4141414146356a63484a30414141425841414141417433644842304141414261414141414252696133423041414142664141414142527957466c61414141426b4141414142526e57466c6141414142704141414142526957466c6141414142754141414142527956464a44414141427a4141414145426e56464a44414141427a4141414145426956464a44414141427a4141414145426b5a584e6a414141414141414141414e6a4d6741414141414141414141414141414141414141414141414141414141414141414141414141414141414141414141414141414141414141414141414141414141414141414141414141414141414141414141414141414141414141414141414141414141414141414141414142305a5868304141414141455a434141425957566f6741414141414141413974594141514141414144544c56685a57694141414141414141414446674141417a4d4141414b6b57466c61494141414141414141472b6941414134395141414135425957566f67414141414141414159706b41414c654641414159326c685a57694141414141414141416b6f41414144345141414c625059335679646741414141414141414161414141417977484a41324d466b676872432f595150785652477a516838536d514d6867376b6b594655586464375774776567574a735a703872476d2f666450443654442f2f2f2f6241495141416745424167454241674943416749434167494442514d4441774d44426751454177554842676348427759484277674a43776b4943416f494277634b44516f4b4377774d44417748435134504451774f4377774d444145434167494441774d4741774d47444167484341774d4441774d4441774d4441774d4441774d4441774d4441774d4441774d4441774d4441774d4441774d4441774d4441774d4441774d4441774d4441774d4441774d2f384941455167417a41444d417745694141495241514d5241662f454142344141414147417745424141414141414141414141414141494442415547427745494351414b2f396f414341454241414141414f7343386268677052414f4d6e4f6c4f4b597867767474754674516f526f516c6f31686c61767034687230507a333652685552787a73616e376146316537424c76497a53454a4550637a7a58505048666a536e6b717943512b314459712f3239394747314a5a32554b4241786d4771563270507a677735734c6c4534683750356f633372727033564a4b43786b7530484c55754a6d69337a59744536756951704e695a6a722f565773636e376f64675659546d58783963754a357864462f4b3142643374675a764f72416c5567302f342f71753148636a777641415658537277566d506e5a3578644d624874797a6e36326e7a6e4e7a47692f5458364466474339374e544743776535382f506e70337131686c335337542b4a62317a626a437a2f5552732f6a4f5478677166796731515a7266773775436e532b76326b757532324f2f6643625a72754c596870706865525661487869764452775276394847656d61617137776c334d577a2b717a79497a336a43366756414f45714a34707643366d64776e717a4c5362744f39744e7a3152616a4f4243714539497649386652584379623667796a6333655378394739704f697279705668446a4971585742386155656b2b65474c69764a747575474e66616d357a31336b32442f41426c506f43417142474a2b5a6e4a7659526c364f36706f656a48515978517138456c51634b6b5173716f784b5971316235497971387146714735506f457372497a44734377614b6a454a4177734e553669374f45436c2f4b4267366339425873416c7875432f654f6f526953772b72345a4433367564763450614c6c53632f324a7464636c50474a4b634d33546c726930555452686e6f2f6567537155534b6e3542592b777a7867476334436f486f52496f6e5845764d5330344b39334b547a657533485a56374b64547335493859506d6e62644a32516d6c4446453652324463354a4d4c476e683776587373654235494c7762792b75534a7a684450712b5a4b487578326c737476642b52757453324d6d65546943444475567473545a7246496d534d613232665a5a567733412f4c68556a5a6968637347554c5049713237484a656e646b68384a703362685a4d39684779554d39597949377a382b464439786c75535a534377453057317333663530337473426933724a4658363676584b774870794a4158773632456d444e65536d4f45534c5775443771485471333031627130734b764f5442794c4841375a43527237694e596a32716c3665335873435758565539657a367662646e6a6b7043566a2f7841416241514142425145424141414141414141414141414141414341414d4542515942422f2f614141674241684141414143514a4d31704e6e59536e7955464b713479393132776b4f444649617a4b5234383358324468505230717249775a666470504a4a4a5a664c5063656633447146784b7377632b4f3559624d6569344b57577168754e547755753955584b3174784c306f696c4963574e7a6a425775374664354e4d613779312b3231387352634751514d2b596a737239494f454c76592b526f39666f65395458574762474e575944573677756461372f2f784141624151414341774542415141414141414141414141414141414177514642674942422f2f61414167424178414141414330447178346c4a726b4a38386d4259397949346d72587954416e6261632b73776b434f6579776d37617a6738596d6f5745774e627359336b506e356d6b4a67574f2f51794442775145774f4e4a75362f4d343777435945725532644844796f412f316d78753238552f7a30446c2f544c443655696d78395974626955447670624d4e6d57634c39367342636a57586d4d797a6a6d4d32796b774858472b79474d39365172762f3851415042414141514d434241514442674d4742674d41414141414151414341775152425249684d524d695156454745484555497a4a4359594548494a45564d444e535971456b51364b78776446796776442f3267414941514541415438446270756d69362b2b71314f6d693668626f43773672464d546777696d4d73386d526f2b393134692f454758456f58777773344d4a362f4f5678376a4d453662595757566f37714a6b6468652f727571696e6654387a485a6f336475696f61737879587576445069783839435977356b6b3866777465625a67734b385577566f5a47397a59616b2f3562744548583132523352314b493873694174353965796239316c493945784f484d6d74364b522f7337532b527762473058635430586a48786163666e797330706f6a793333643953754d533032476755637063466b61386257516b4d4a74756f616c6a33573161663143424c4862614f3362304b6e35546f76342b72446c6c614c2b714f4a5071777a4f626d4d333133757643586a75523073644a56382b626b5a4a314871745056664569726664575753336e5a626551524771432f45447858464c45614746784e6a6551394439455a30325449363659344d4f757a6b59394f55685477762f6c58716d5665546338743950365655526957515032487a685231427a58366c4f4e7077386635674256466b7a4e4c73322b34364c772f6976746b44475a737a6d43783639502f414c3945416e61425a64566279736a6348795955306431625a64563476727a5134667963516d54544b30622f41485530674d70304154372f414d743065666f62706f4c54394645654764454a32504775696d70633475314d6f3335623230545359326a364b575033696562435073416f5a4865316c774a4758556652666835587a79317367653130676b6279764f7552445a4f5452595752466c7172616f4257573930786973724c78356e4746653644382f3841514c364b5a334f73797059445536366b4b4c447237702b475732436a777376647371624277476a525359534f476e3447584f3230574a5955615a6963533754366f4849306866685a564e444a6f506e504f3330514e2f4c72354565667a5751486c646456346c70335647423141612f686e4b6462324833553864396637702b7177696d744133524e6755644864523067623054492f6f685333516f68625a654a4b554e7069564930733254475759447664666859787236326f4c72385672422b6933386a35575674567572323251523837427a534471486272385263504746346a437872624d4c633371725863714b4c32656d626674716f356d323049564c4a736e32564d3441684d6b4363336c7576475469326e30366f4d456a4346554d7334427577302b792f43366e6c68782b556332514d313074722b552b5779486b504b794158346a344f327577497a3335366262376b4b6c677a316354653867565a525063547a5a5170586d6d504a4f44626f465134314d506d76393168725a4b75686b766f584e3356566931565269774c637755474f5664644c62694439624c4433316b455935376739466956462b30735049634e517042775a62624547796d35332b713849784d2f59304d7a57426a3532687a394e7a3568572f4c5a575143767167764744433777375532365a663075457967483761705844353775503257493033745249756249344f786d7a4e46426849347567415742307764532f774471736338505a336b32366f654867393275594c43634f71614a39673769516e6f64314244654c56596e6837366e485a59596d336678445a512b4657346451385755746535596445496147494e3041614c4a7075504c62794f6e6d42667a4769424b7a6164314e46375441364e32306a637055504a6973494a315a6474767369336d556b4e307a53577977646f696f6c5557324933517057682b696769626c325877706c504a2b304d57716f514d7a426c622f7741716b6e4f4e5552685078364b4e676a59472f75485844623257584d756f56395079654b6158396d566d65337753357836456f5469546d4778546e3871714d516b707047694f495031313173714448444441347874347272614d7661367073576c78664438306b48436c6a647262554b4133596f6e364c454b30556c493535364c4247795355447933546a79637a6a32574359554b617363547152715857746462655235767a622f526445447a65567271367576454f454d786e444a5775627a35546b505972444b307876345a4f683772466354396c4756767846537a7a316a37387839464455314a6b44446e466871734e38557930555159376d2b7043776a45493855687a7330376854564c4b5670756451735878463159303632596468325867366f5a6957475759792f42646b63534e6c4445496d3251566b507a64507172614c723956636656587573336b426f76457445634b78325a6e532b5a766f56566e326a6875366b49636357593172476a2f414855497254646f617832587278452b436f6c484e537475506d425868655555377054307471717163316453646574376f55306c644a4844466269534777482f4143734777655042634e6254786e4e625678507a6e715673742f33424e316458737334562f496c4f4b2f45664473394a44574e7933694f52336f5532733936303232553951376842305669714c4736706b346277343032726149627636714f6f416e6b412b46785651517a6f4c4c774a52653466564f626250797833334151466c335130437a5756317572666b7369355875565a48524434646456644e43385a322f5965586376654262756f2f4157494f697a74344250386d666e2f414f7637727737676b6c65357a4a58756861773554707a58574c2b48483449316b7a6665782f446e36735531635878327555796f4d54747956672b485078696f37526466366c683850416f574165577943747235487947336d5554634c547470364c3455525a5356556344655a7739454d627a6b35576144613650694b7171716d346c794d765941446f714b715a4f333376506676716849634e7163684e324f315937754669564961736530776678576645423834574831724b326d795073357278596739563468384d7a3454585769426b703564574f2f345642346264554738705070335747554c614e6d566f73304b4a75336f6871723877374b317a36666c434b4771635535774e30616e4b4e6b2b765054583055746139392b6c6c492f687431316366374b4c5349724236436b6c7065444a4871644f4a665655375a4d4772765a4a74657362756b673771536e474a55655334447871773969716553536a4944786b6368686b63387647596547343767624f52693970696645395230776964727546487156446944493273613835584f4f55646a355754522b57336d2b6671704e53704e585756592f614e75366177527376323251697a757556555146314f39726431684e6158504c48614f61706f4963587034343576696a4f5a6a7572537547366c65472f774231586634714548356d6c554e3742506275564a7a564c765652437a6c42434b7551446f77334b63374b527035572f6356457561444d452f71722b39503055503841694a6956494d7874305753354155306469716d676a316b446253643153546e5a4f65352b55396c73665655334b39796175483739782b715a68736c5a4a64784d55582b70332f536a69454c41316f73423056724d4b7a326a756d757a742f6354757378683653484b66565371706c7973643365636f565054657a51322b59376f6a565178702b73696646784933323746514e74716f33356f6c62504743716634305371656e6133584c7a6430316c306446626c546e47474b7969306a4837696f6461456a744d7a2f4148436c4f70564c545a352b4966685a6f7a2f745346527475566c79735468716d43386848665255765a55396d36464275516b6446434e696d737a53744864534f2b55626c446c436271664b7450764146462f44432b412f524133522f4c57484b352f2f414a524f2f7742537a635235374a757245355a5a4752356d4e4472416e4c3164706f416f354853556a48505a776e756143356c37354432546b4f575a56482b4772336a7065345545764561687a7355446977716e4e70675371595a7a6e50325568545259496c544f7a314962314b6a446d4f6464325945336270624b4f794a7a504137492f52412f6c6d66654d64375a6630634646706f6d6d7a55506550544b4e726131302b61544d57426c73334c2b6965622b524876466a644158306f6e62764638586f714f537856455779425452634f51464e356e4e2b714a456246467a38336c4b624e56494f4c5546335a4d6d755a48646c444947515a336374395532643076776977377554507537386f6b7a31545233646d54546436624e3056424d4a32467732767633575a485a545338434a373758794e4c7264313466784f6646754b2b614a6b594247584b6e54657955546e3244766f65716d69396d6d303061376d43776562506470335432356d707238746c4c4a7848674471674d72664b746b7952716c69396e70767261366f3479396842324a7555492f614a67393377442b4731427161622b523869716535784d6b624269684f6e314b62793644556c594c57525373657950634f7a452f4b2f3051506c315650487a574779786d544a473169787550687855336656554654774b674a737645617258564a712f3055673061646445365377545865315648544c48715650556c39505962794f796854536349434a75726a76364b6f45315437714b5468667a7648782f626f4648486f4c362b546a6c6266736764504e72697975303671463544577170463643666f53306859625474706f526c473443616e6249624c424a5061596f35434264376379785135713842592b386d646737496233564966636864465364567645716c35794b4135614b5139584f736d4330342f6f626f6734687631656453715a67614e467368356a792f2f3851414a7841414167494241775143417745424151414141414141415245414954464255574551635947526f624842346644523853442f3267414941514541415438797042397069445435685a724a76454268334465456b304e3662784d563667585a2b70696254556a324651427a4d7376766765764d70424849496a62506d46685a42497759536743344b5441714a754561544f6a7a5057794d62656879505544444b786b6a754e6f464d68304d42734c4d5644554b72766d4a377739482b2b684137304155384e5a676841504268733549584d614b4b4c4773715173637742594e6946316779773474432f306870437947754d774849734e4936526943777968676d484731786a416941584b6530667a6741354645347250376843496467626842635a434f416a5a65354f73434151495a7043674f513567514d4948567737766d636c63436e6c4d4f4a52655952722b345477494976596f43543330677351696e46625148704530394438667441456f36384f414146506550724b5447495335514d46795334684a4259466959694359392b665544354d6f50314c5471666d586c526762622f77427a42484337596865616a7552466e76456e79764b41634b6f56434a676f31557978425a516b45504549496359392b2b5934696a6c6149775677672b434f624535305434674345337537555145522f7741346968364b46593434635242593768515a4c59515248447944774933455153735a6345627650597842674e7544306a36764379426a4e626b66556f49327163675441445a375476495339514f463467672b384570714f574d315658417854584543537449493359476f6e62376841652f6556736e314130677137595961434438546143424c5278416b41553556507841306c304d777963744845577054795962796f764256712b49687a4c634f7244684664466650515057695334437a774956302f555a79677951544f474456744f7a44736755416e5a534f53454b4e6958706a5445453077516d454d37784452496f45782b676c6749797752476774663469466f437a4d44464d754a546f49455a3352694d75453079435a71675063526f42554e6945544b473176392b34504551696d6432496e45767a6f396a545561436c5163423151764b71424b4e59496a556c43626f63547963476b4645476256594a77344f2b764d5333596d424144376c4246346c77484b6d426c7767532f756135665951584e2b3445314b6b43765777415239546732544139797a44594f3272555373655a6779457857794477466f37774e45424e49435871416f6c33774357465362485953415251732f566669614444344b496d43695945637535536d2b5944626349767150557a33346841433472436a4931346872636e6957426f58796f6e756c61552f634b5573594773454a47776d6f434e706b67517471676b45514d376d52414d4238754d51544c37535177514f6b666b6b6f5657555474326766313175304c694c4751593777594e6b454b48305564383851766a65587a4f786678504f6d706c426b6f4a6e6b45424442422f484543305163514144694d477379674b486b416f49464159514959456344334c66456f2b4a583555545841482b54454b50654448544d454d455947664d49466c542b48425943576f5045466c4d3144333852767633762f515155436176524f634447616845583365547670472b4b512b78455267544a707853755953494f614559503767454c464132495165776a5a49635145653042687843594e347075773169584230735367715961554f5948454a6169443452324977594e3651662b6b41724234516f63546e6150716e514a6f3453555361484b6843484e6245546e733677616e614475674b615a6b4146425049366e6d4371594a416d7a43674b48454e6d48535945494a6a574f556341534656387749426341684f715850575834687068796b777079763841387341565664625162466f623051524151656b416474426645507568447555764f6d44384f304545514a67726e77454d4d61633255736e6339413161395331414c4d336778484d4968474d54696c724367376251434b5968777550744741543549334f517463586f2f6373667468343575516267775855314d304538474134534f494f7448557a4a6364422f7378762b714a44416a53656843475a46797734356e375173516e6c7a4578304a52594c626d52687742326e7954544a6f47706549773867365147476754716f59693654482b34514a69594933446b4c5252424a534b455452694751344d6b5a454f7953445a6434674456396949514b7337775949634e446542305a4452454456664d4c5845306e6936417730663635566e4d4448637a424e392f75456255522f53386a416c6b46577159616e6d496551624a6573646841357241475259586f37695a794334522b522f615175476d4d7742306d5a3471624772386a3638796f552b45413655714b42686f414a6d6d4e5231634756526732426762346d73793444616c4a6b4c7a4b485076336d515a676c492f55754c344b6d58454e54637a5349524f4e5a667555314450493747465a51583437666b532f54752f796a446f64556166384149426b5776644f3842695a33304f68684142474653772b305844416879643934677a6a6e6f39485139414f2f766f4163554f513168356d414756764158424271475a2f31594d4c70446363674461397545592b304a69347738424c684a654949624c6e44426878554b783254486f776c346d59677064474c4137754479674a73375151776b496e426a6f6136684b786261356c5735694f5064424f6d453532455868687041755269524253703758575a79694a373454647857555138777150754b3864384e5744702f41664d463972674a3336625964646f4a673136715a674852785546412b566e3854587a4b376465347a4c396536783065703069486b444b4f4b3571414a454b7759784d3359695969555447515a68676c594131685a49534763596c6c4738662b4356356d534f6e4d77486d534661564865326633376455783345766c546941536c796457495a4d4c684c78374573466f455a7a576956737341424730793942305a373072494f717930695851525541376d356a48525a79674f797852504b46774c6f47596d476935444176647a563173414332315553485a4e557434426c5538536c655969375461702f6b4f5457727369517454304769663251494878715453423557792b59704f526a39304a723031377a51547a446b75776e334948356765786e7630594543415352396b6f4264627559724d694b675468774a382f422b34724c6c7456784d594d7074435541686f424264736154546f786445724276714e51694f4d6f6d4d5037625347642b51313058527a763341644b4c2b6f6659684852396f454d584163465443454441536856686c413470537878747469387172356c6f3043734556674b30344132397a6170596868764d744e516f58456f56416154535059784a334571554c6878676544667a4e7a4139434277754470424d5a35455a6d305679612f77426870516f335952787a32354e596243616a74424b6f4253455635356d6d367638414537344b69556a426c30797a446d41643063393443616c6e3262615932744777314d454a4c4d4e4279684e6b434b623750754639706b4c6a4430676a56476a6a424b5555496365793248356745476f6a417978426b564b506f68755a5a6d37516f6141454267517837446d674a6c4151616e4473346d4a4a41755a766264424f4a4e41753051644165316d5054723778634968532f63465a667261457a2f2f45414359514151414341674943415151444151454141414141414145414553457851564668635947526f624842306548773852442f3267414941514541415438686f7257746e4669667a4d73523567666b7856626a446b657352624354426f7065633877574b4e6e5748306c364e70306a444c77546e5750756c64726246453043562b3048652b5731583046357141335a786e52354a6e56426b324d3951716d6e5147383848336d4e6c414c5437576b754b6c6a486a584739635139306f6f4c2b65766452716c626656644f4c71667961794a4741775746354a37795a725962597233692b507a6d4541575858624d6c6468764e694574774a514145504d78576f783472487158307a58457764345968387a4d566f56313852564e4a544c62387775457a5961496d626b644b7258786d50564b67646b354977634f7776504c466f5166524331654167312b43456e685532364f6372574f64336b43585837696a5a6a417a433678764834597050787178665a2f79574766302f7244466d632f6466487838774f6d7a5636552f7775566a4b716159393855642f574868684761744f547a6a36523872566276316a4c51374c7a42734c6d31494c33634c562b4b3878445147756c465a33735a6d6f4c6832762f734451436c4566694a766649334c4b79327763787332745666457041496a714576663854415735483459436861626258346a6946493563457251547a6534674f464c336750446131376c364f44675253446475693352676a384131626f543469395677647364587a6a784646397578312f635573597375506e6a3853784739375035313959434457395a48782f452b51415043666c7878783542484934777646396876376b59577168344c764c4d4170636d6e2b5546414b4d6f5237696c594b4d706c3144465435574b446f6a5064626b5a5a4a526e48434666686d6b734c4f516a46624f4a68486c6e504c466246574766455161794f534e67315135564530337841416141556d4241466f484b302b6f5a6c3438526c79466e50694c745971377a303549644331785170575230724375326d5739336c334b6d787269676e366e39784f514d5731622b3074494c7556512f337a4b71312f463663666e346e654f7632694e772b426e2b4a6973315657366734684834313948375237347a6a3231666d426a4653623048797359777862664e4d5538342b304959536d7141426571463170786372527445797a2b4a5177416d776c6f414e6b584530726f2b4c6c6f3033587158544c385a35577067575853687a693445535270787a417347484979654956633262797a46565676655a723373397068774d6e4672776d593838323155333767304d787a685538494178754e65786b7543614339786d4b4c64536f4d4a5556304f722f7743533131527438732b385967336f396e43382b6a2f584c45337942712b366c666131467a36786c342f374650446b554e547a3575632f61596477445738796c524b737338514e456e5065616a4b72474a79472b635447774132317556585830687751586c656f4e454d32317075426b756866544e6d7a7a2b30564f534a614842446b6877734f52716d62693477616879443853396b447a565836385162335977546b584b7773596f593851304c5572427463755a657942687176534877744c7134376d716b5861625944694a637830432b452b4b2f4c6753303263775345316c3851466a5757504c68694d7259616a45566534577a357248456f336553344c434f78674943594d634d4d74436557766d59516b615a716f30622b476b7855383056584f4559337548746c496d4f6748384a7151386a477736314c34687a706e7330444a64397a42497975416f584163785244506c54446e737a4b75697a705630347a7636647836573855434550686e346776456d467168325a574a786956665267346d5a43635761694b4d554e51634e73706355504156486b77654a6a52447753586279767a51526c4b33574341636b2b492b7345712b726b5844303978477357506f59423043614148366a554b374a58356f5437784b7365544b6a61695067792b7a4462397650376c593433696a79625a754666682f68346a41512b444e3853363977357073637755454346716e2b694b4c5a6e684c506a71586f42333667374a4a75356659343262676e385a4d58726a784c654b38784732484c5932594977565170644b7467342b6a4f595553416d647136675743686d7447556e7378584962374d2f45485168646773763542413756652b7350764d646f5659515250364644585570697541687956534243644e624a7250514f7053714e635837687a7365483076507666643468454666736c5a69523442746266415a665574584d414b367363757a46787734725632562b2b346f774c414777676a716f5164486346764653774b387a61715149745141785044742f755a7855454e73747933757161385272757135506c334e5277647859445957755450384176555052436277782f726c786a316e6248376b6c6135754268465150524c4658636258734a596352566f76594a75594e426c4d636a35674435334841435a537251505157752b34774f5331725a58356841784e56504748346758546b726a4e52494848566352586e754467356c636a78346e34525a6a6842797972684a6246387348456f626d7533524a755534616a46747a7539355a6c6d796d616d516264397055614b36394e74586f742b4442664955706d636a755954767138776133376c76544d633851717765575a69624a674e315176694c366d5947676b74344d507334503148327a466851304c614c2f6c7a6c445651304c4e57373851327130773464774b57526b2f6d484a476c3874544254395a6a536a424d427647346777564a375241555732674e7761576a735141704a734c38496937577545333768655546354a75713731484f49344c51395a692f476855465a7079554d4e78716e4e6f595866352b307237627557734830532f77507a4b455a3830544c5634363734497153774e53506c3265503569696434436d37724c6a504d727a62436c756f2b2b686f667376557970584148644b372b4c6757746c724b2f346a6e574f75344651484272554576523347555a7343556b77615a6c375970754671715a4c717378424b2b4b3759746c78464851667a464d7348584f7051546a437645466b3750504d726750724f524271436b4257745978636c6156506955647042525836764653717057552f574f5965513166686a692f7a50463477597a664c314c3138393664742b6e3176364a745055484e4c302b2f695979594f585a347358577051585a327173597447713167346d6943466f32753369454e303250366c566573796f4f692f4553707572784f554e7a49627a4831684539674b4845724c70334d32784c6d336179556b41656633465261654d334248707a41794b486b59755253766f6a434448786146562f7743627345767270332f33714534685a71483851426c336b2f7550325653597956314d79796c557276436c6e4d564e364271335847617143437a4d454f56743562654f4b6a333164752b59765964693234643175466f6268676d74526256727837686e6732336f7853786b304a59686879566d623359444670724d716169445659536f57426242424653693167435852325864342f754d31733179637936416c697a467936364e574c676d4e6474334b5430784f52612f334a4b6e4a514966774e2f455a44487841712f585176654f4767415947556474564c6764576731693974536156555633476a794b6264727a7a6e50346d4b6e666b434b466a66316d56466d7867594437424e31707038564869596655684651654c384d4659304b4f6d43796a5a42417043633951795844693571617934694c7a4c444f492b333033555650537a7a47496f307179767a6663424946745636384a6e674b363738786857386f472f6f726d585a38613373726a6d485636664a53774b6f4c33524175486d51656d334e2f69416a4479467439422b486d474c6a46482f4a61374d512b574f6f4955645257326b536c6c666e367a5233436f64346e484c6265567a3851537455616f666941776f777077354e515752563666637451454459793848376d674f4148332b6f636d50687a41712f63787959777a42706f6e4338565551686936655971394c6a74696767474b41346344507a4874696d3768677158654e387549335865747436784674616a6c7939414f474d7273302b306f59734653343377657454545342785a78304a726766434b6f657948713738474833435458666c506835386f635a3677573748486b62357a4e6b31516a586b505455526a5a3668356a4f51634a6b5273584277634261703279356a5a39694944583267436d5161685958646a4d504d4c726d4744577a63554e59356d4776482f6e4b685148627a4c4d316a4e6e2f6b7845413559726a4c49685a50374b456c55577272452b384d36666b6c6c79386655393978694d6b36424b34324f6b303435434133636778634c6746344f534969343250694176514665572f77434978386c5a38796b4d5954635a357a346f506750555664434836562f45466e63364b495569377263562f534a4b5045376e4a6e7147502f45467370746f6e4c3854507a5759335559583441584139734e75446d454d5261504356427766614665437a4a2b2f39346833635069654c6644635935744c334c3864674472334e41675733686730744f57494b6158436f6f466a706e46507855666a733754346268557334596d6673555774584c47424177576951516c676d73397a5747494d35784b4c59772f655a4f5a70722f7764544e71786772326630366c4c3849376d31614a7955326658487845755552316542425433444d74382b4a5537785431414868614f73484478725776556f636f3471445567386a7951367a617657524972414b56486c6c427878424349466f443458554c5851487a4f3358427361536f514e7655376b7447664d4344424945544575754b71456a796a6b5a6a754b77616a7a2f314d797261516534522f463562663731664c314f41622f557947365a764951446b786a64556a795243654176796c7a4534693667467947373777626b7466725241415179646d464b344f3462597a396c7778716f594469786a7744553751663850346758442f41464e50636f684f655552455956557338796d3850506b48366737576c742f474435683675436f4b7456394c71586453654145334e72555559524169436c674e44466c6c774945754d41617a6347474876655437612b494b42382f55733235584c356d4343375969596b576657554a524e56343753754477596c46344a552f457035724a5135696d50496856316d3836614768786278722b46446133522b6b364566444d684c6f623651796c796b3653354e377366756841444c466e76612f31664578343366626359554b647a507745777932676135385063764c306453686763366a566944356a59324e47562f36654538524f66373878745959654b674d4c65724a512f4133586c677277497878466649336a2f77434c787570617250683347534f35364945636472566445745666346a3433666c4a5571317a6966535569636a396f7647723873623956436139794467464654366c39334356615a714d464e734670753845726f6d336a492f6e6d65534f623667696441624a4b486c71466f544c7971797074584258684c687248365966455379426a613168463841513369707373437973516d304d775152563669455a43486851616c335968744d4b5565576141324b384e58414a476c3251436136526a312f42767170716176544c6671396d6f6267477273724d5147737736774968706d52354166623749683071314869556a62625a686256455651713959675a7934655750683935382b7267566d6969705146796d674a346e46425741586d30325079776c4f67326d305158334d4a61764f6f65525652366c55612b714d5572735a313355575768427a4a4e352f6a4f66696355756e2b6569766153684344767176546e484f764d346d56516e6b50686c316863707553425a5a2f62797a48346d556c696874714b78616c31795274346c726d4f6b57437a33446b5655727a6e4d6f7977666f566a54777a4b595976766a314c4e3259706259546563375a68727648626e677532766d4b65314a55633769412b4343635962776e4f717761586d726c5056595077546c79636f4255314670432f77444b445433566e574762326839494a43736c792b7a39714f4139454e71677864766d764c356e412b38644d7a676c52327a784e452f2f7841416c454145414167494341674943417745424141414141414142455345414d554652595847426b614842736548773066482f326741494151454141543851417046416141436b4c6173793247436c584852782b4b794948594177544252413954575169474e304643544335714b797069695962615a745a4e48724973304b4459776c4552525062674b4d4178536b53664e7548385a6232385148497564674a494b536b3543656c46464a446f554d684d6373496a514b434650597753793146335a6b7148444e56454c4e6f3571415762616a5959654743417053715345653945674f4967456f53464469573975734d51475252444b73676832684461544a61614c52425744576c4a4a6b705979426946514d796162494d4f6a47474a674362506b5a4359514a514559576b694e4d6b4c51386751464f7563455142416f45686e714a4954786e456f666b6c6d59334f6f5963376b41487855304d51525a76786a6c34676e6b66506e764c565a43594a48617153506e666a41514e4549474646593433694937574241683934464b7237483934564a675546485342623834444d41344b4573542f414d592b414149726d5633434f574d4a49424d55586c517353354d64424669494a6b486d556b61357757424148557a374747753962785467633548686b41542f41424c6b41595a4c6368776c426b53785469634b4552415a51556f6a68596e4e77414545496b41454b5348676a4c6241535562326e7951534f66454b6b49794b485942554871654b71596d51684a58656f4a776554716a6f7155416b45576338534d794d6851526a50463532493651674a645468496a67414353437049646d433343334c6b39514f3469494a415573525573446a4577566f355561416b55496751774268534e796b524c4a4550316b64496341304a49536c6365616e416969414e6a35624965745a6164414d7564743158546a4d3536523166586436774c774c426757436237342b457941494b6862354c2f446a76754c35595647564a734676576b4d5843444b535a69463854395a472f556c32447973334865544b564342515131704466786b356b416142686a366a66455a66676c4b494a636e573872597757573834364a494e756e494135456868555048556b3144655730416b725347437770705452636b6939495152704c4d70735170494b364b445941535154734243754e5365497a6c51415648634366775947414568676e66374a68754962794d496b714b684153544b457559586158484d67516d7662514b7675744c7371303543666c6a3477486856344a424354694b5854575873677749714a4a3043496b3075616b436d376e2b614930617942616744686f476e594e4f555a635248794562494f736f5332424b516c3662314f38315971454b3844776d45794e4a4f68706a655245535a436a75765747414845706a3576656436424e754650754131684f556c496d68492b643559694b584355707a346a6779524b4453795778337a47544d454571663846786b416441495769514d6a556c77696767693259437346536c6254557868686955754d6f7469547450384167794462574f616d416a71426a54755a384767594d67784d6e466b7433655134516b564a7469532b37504972464b57515574776b6f7279704739555a316b416154314e706e35393552534c6f494949763344357869514a7532623974633852385970516867364b754568504c4d3935553343496777535355416e69526163496b71457642466f456b5946533778676546706d314b414135646273683668467945675077774c494179305565376a5a764942564a414f6b372b38303068766450436e3777335143646b4e5237357a6c774a766e3666766a4c6c456b70322f474b3567595754767067786d446d535971512f4f63434165676a574b3637776b735a4961417343797a565a5557524359516e76373859704154437747644a6f684c4d454944496a564277524c666d643961774337554358702f574d5a4162484e75593265347939455167456d4e3866636359774a425343546d4344642f337644516f47785236304c3334796e674a676b6f6263766e6347703852464a44314f526e5151534d736972654456673234746f684968514174304d655a314c4a33714457416f34494c315950474a6642476d52774651675a6b33466745415279354746624551414c414f595379454c515365345a352f4f41534b7079343074547238345667507150714a716538564b476536586a4530574a6c74357733684c464b464d66654e56324a2f326344554141544c6f7a5377775654614a6e7558574649424c647079656638416d55684551556156703354676d6f414f7970486265363778554965454b6b4d4f795167494a4b4d724b4a424f34686374735164524e5a304c43444a775137656c6e486a5947655a7676447951714e35657867624d4d675131545838346d617954654d6377496d73436b456c516665415a6e5962497575356d4536637149495257574a6e713479756f544942324636504d38726b41564c536f364d736937484a4d59456f41414975536e664f7359674568537a353959447879542f562f33423461416a6e764f30436c615048383544467a71547876493049616d4e3565553171595564654f584647414153504466693935795549514f7558392b386849464651636b44754e56574e417343435569574e704977336f426e744b4a4551777a4d6a6d794d5167586153514b6773426253614a6170522b654d675a515449535156674876434c30426d4e2f7233684b674b536a39733474446b454f6c3947624558453754512f65447746456b6848557a336c5449554d695a5051706453626a385a42675356734b2b73583342367a6851344369433869544f4f56464946514b446557784677444e694649586c41674b776d483033357a79494452326a724f474149306d64784f55454a53436465546a3776424a3643374f5749336a4c694a6b666a2f6434613879633879416f6d3977354c6769616f68786e4d4132415569547237796937674d47747a66316e6377685368522b73324849464151334f7667503679574343346936596d773441427335495461696a46332b584a32424b5667467148375133674577766f49776a54456a5445356556434c45596138737a333479573469345639573237785877494f346e79495441644e47615343466853682b6c6b7158414541616f6975596c335133656e4b616c595262496a6e31744d5169414a44554964437a6676786b79467051614142363164337a6c5a414f6846714c6150553051526a59454b566d6166394a6a484e4347475068342f5745714d6b62345a4a2f376a6d554d417742333566764a6d676475464d6b35443850574a6969426a63354a4d414e585564354f775669642f667479426a51424550542f41424f4177536c464746334c726966764562434443595a52466b3034354c494c41457775346933747a6c644e7550435177475563736754537751704245624d4b7165634d7965527049536966527269384d4b3559775646795737375a77365771564478676f2f4a456b4f5767416a716454357857454651504b4752574a53396179574167415343535551566f5732344b41424d6378447954516d51785367456b4f4e7265392f316d744d6743593770696e416f466759336a756c457746493053494a43454479414171796941556967752f4f5142424472545a6633666877435143436a502b754d4d6b4a4f556f2f34786c32572b395942456d6e37797a6c434b3059366954374d676a73495245636d764e4848434345462b57785243772f4f4c566d464a41504564473477585a4553475569326e572f4f524b45497867356d4d49795143416b595269742f32786b4146594b47454171524f32534168616a4f44304a664c756f653473324d746f684b687239354d6745446b7766786c41774c7972622f4f477549616944447a68694561524e482f414a4f436b41704657353739354552704675634a6748557459684b4335423059775756474d344c4142704d65484566626568496f4f70495059426d68326f374a56664f6e7a6a44597447796a36764542374a51723369574f43435a4b324c52706a4678306f79636230635941416841434a67496233576352416d526b6339442b4d4a6c70415253684433667875733068464b4246464d6e3935784a554c4a772b7a786c4343554b5762326b772b385838674751374164355161634e35596d5a4148413955594b4948554f42714132354f4547304143685547744b715a593475416b735469584a4d44706f5a696c4d556b49354746555568656c55524c436e74546e4a3141424d78506635797477444d53674a3975465943733654415167524e534552524d4545754a7153464553536d4e4c6c7869444a5177457638414e2f76496b454353544555504e50336d79594b69446b6e6e6d6352634f6b6831672b55547649594e674475734f494445386a596d42377a37794d30445165316a37313579343049684b3151692b76462b4d706f4179423075306363383533415169517a47425949446f677472545578574f43716c524a365133356b3678426168494c44615336776b4132323336476c674a4a67636d614243364b47746c4931745534446b7136497046316234316369595a4b41456b366d5342443270566749686a4967556a71646d5130574459706b2f41554551334c497a42694a4a75304a434559304d50496f51534b6b764b77414c5968414a43356a7778784d4d664278483647555171795844336b427854304c6d754166504c43786b4f366a6b6c554a5243596a784f357a63674237346a4b5444527a6949464952704f50534c674a4b6757705939345947692f582b764968734635367a3669664d59433477465163654978576b54494146416272476e58764941424b58427a555678427a6d37414d5742774a52626e4947416f774f6152505457563547455a4745394f4b76416158665a69486b494a35504f386c694f61595647726c4c695a335a6a764449533975456968524673546d2f4142414b4c356141674a5734787341424579684977436a6249644f513149596952434b6f43722f444f42696f525a4a5454684c7a4e5a49454d4b5146516b7770566944435467652b42566c64755246304535517767616371784951707167787a61794b44706f3468674b4c49457953564b674146676c4e5378635a4777324b6b4b644b535a7763683257632f2b526857327a626a4b61446b5279354367514b553872586a4669414a6b6a6a336d3139437a474b4e5079636f416263776c75372f764a345367465a6544716a6d54425a45414e514850654355674b7533344a316c594576524f446d66654b5262726168736739656434345152595743366672444d694c4959424676452b38446a41393444705149694b4a6c51786b414e555862673050584132794f63424351784f2b516f6552656f793145464e4a324c4a4f774e613458434543553655464a7147346734376c3452476874796b516d456b4c326d623841724a566f73516938774d796f786a45784879496f704649575a59764a494952594b7050444549645957674d5132743676347378796b6c5358676c6538696f4a4863454c7463473349434146416f766877684f784d545131472f5755594f784332672b4f4f73464a4945535956714f6665636d5954415a4e3566724661494455456c52645a726b424c744a694474713835306d3141733349766e4e61514978366e7471395a306753614253587855666a4161414a595556513850547246744458596f465a696f726549424d67705141684a684d6342417731634e7569454e344b2f454961426b73344b336c724751424b6834345959715a6c456c4d47676763597430794d5655416d4d545546617471504a5945433978416b64784241794169396e4b59676c446e486f3562556742496155684a704b4741494e7555654e547645714341684f306f4a37446e4a4a5949556b6845723367454254556b487a7a69746945556f62337a4f6b316c4b4342436765306a6a4b55495364734e3753436b57344a416b6f64495a63564b527a2f57484a5a4e6d5461632b536b53703773764a3755494a6c52334e506d4d6d62474555634a555058385a594141396a7457742f6a4667715a704f30683773783842487451584e754f35774d4171415a4a71454b69466e6f784143525a6c5934464e454c4c684a6f47434c4d456748434a30697356472f636e5a794c306b324f71414a466d774e4d424e6735444a465142436d4e426c587443694f457745576d775130544e44456f425577446e694a6979544d414f4d4a43554d525435524d7432743677594158415149756a4a424a6b734a4a4b362b58474d45416d364c364a2b47634942516978456b5572586e7869474c32556248746e304a643549573253563579514b516234546a424b4343774d7a51667a686f686b5068622b4d7442426b49305a314c4748686e5664347a52424b7570322b3830344149675167674259446a4b41414b6172567875624d6b4443476b615942535739543679616942484e6644464d71524542737a594d42394262386e757373734334574337636c6f55515269347661736d4e71724b76715a6267496a5159674e5135534544684953474b516f4577744d564e4567696d5947734c6f74514d4a48456a742b77625a6533784e53576d6b4655636e4f4d784f4949616938324d4a464f416d6753484762306b34674277705949614356766979454c7337796844714346645a3552672f4a352f553470536f674457436f6a624a7571707637792b43574b716e39654d6e53724d723235414353704934634b62507242456775535a4d414e425a4532784e564f78434a4c70306370364d4d533067455045592f4a4a524e56616e6366786b7751594c7051463978556558336e4145446f736e7558377a5545464e6a41523445573835475646514f7843466f456947704d6941494d454b46454a55744369514f515170674f547a2f71776141514f415266725741555145365a452f4a2b634242454f71462f6b2f47475370613847462f45355543454d76523577684d4e366c38365a4d636832686f4959695a496e67545a346b343143666b75552b426b6f4a416b472f384152684d796b6e7465584d3665666543543752696a7373682b4d63516561792f474a78535768416762455352696d4c3949336767514e706a6370393138354f564c4c53736f333048616e54674951415a41525538766e6e64346341704d3471494565774f766b4948774c6a437951737249674577426c5947595a7243657a46457766485751796552694e6271534b3859724142456d6e7838344c695351676d507a30354f6f444b6559314753456b546b75694a56756a4930424a4361414a53416e674e4367616d77564b622f4d717532655a7a667747575263453848453443315830704373487a52467761685042465248687849634b4a6b6369325476424c636d504941334f6a6c41654545616a42436b6a784c385a4c2f4f5255473651415248514a35476644456b36464f786a586b523943493279534a74574d457572624369386373322b4444494b38484f5341676f6f523634424451496f4a6a4242674a46452f51504346595242495473563866446b5249414638434c463858795a4d414176434c46352f57574e426a6f4e66475561796843737065306e57577732344978776449362f774136767644454e426c5a6639316943466b694f457959674444773262774e434262614f63556c51686e5a78475148655750575144504153616a5055774a2b734b46547655654d502b47554145516f6c5938523944696e6744756b45416556542f764f53675873614a4b6e6e653273426d6439684f466c4549486b6e67795961514642337649594178544d39627a53517a535a4439354e43674c53574d694b415558306d6452334c654e4e59704a44772f6d4830596867435042496e7966764651413564416b2f696358764b51383377764a32344554792b66336c7450754c546a4638484275486a41795041543677536f62445350503833683147647845496b50676d51675155357a314c317665437068597169364d694e6746396573384f456f694463706f64453334796a7755595759657a736144795a4f4f4142494548584651664751624152496948575341496f70366742456757686878305763497033695171596e786767514c43634a68596e3165444d6b7a56584d65792b464f4d70516f436252654367426d65422b64357373494d32722f376e66496e77503336794130656b4a3038316b79533842582f414b384f48754238354e504c3572424a414b6f4167736453683834424146424267746c4252457953616d4a7a6a4b48327a3959676b6f5874324a3139657a4978425256672f77433834307a75634e736f4d4971647934704246634e594d536474566a676b68454777394d6b547236776a79685732483055504177685442666b59785130766f2f76574f51414e442f3573496b434a6b4d59536374313167434569556e39355171496858657347496b38555655327845764255474a794e575430696367494c4f337368724c52436b61654a6a5659494751795741436534776d4941495141795271514c43753478677831324d706c615353695a4547386b73714930412b4f635977494f4264727571413274573449425775375a4345385955376747484a346858316d70516b72612f654d64456b445a316c55364b794a6e42546634775a465a6f5352614c6a7937474e736f524a6f44763679577773536278674344536d534130726a6142536865455471374d33695252796e7a764a43455367672b51515455757a4a3054476b4f3755514b786a5543734241683465465a44444171634f73627441514d4d6d5545437259724f5149524532414d664f514555504e5650576377527653392f7743764e34676e78582f75567942694b664a69744b4a6543413972574c594e555a524b6653755357417076697066427641794259414542356f417249434c5558774d6366322f7a68484d5239544948786b437343512b383969455a4c6459452f724a6e45724c6f7944716a632b562b70414d5463666554594147345669436135356368454573795932794d34436e4e5345486978746e4345544859357a636f426d503835536f41416463427759652b496f6c494b7470316a4541575242443137506e4e366f4a324668395a7041676a61642f76786b377849474d484c2b734f57324d3243496e474e4b33545451397958426244494541462f474e4544744659515469704a6574584f514b6b50616344774d4d526577314e714344544567795a455369416b51617770664a4577494575785a68794541414a38726d526237796a586f5a44464e365953776557492b635641456d32704b50456d736a33535a78704268474749506c70424a397333334174336d6761797379562b385167677a4d707551496e79346745797754423167414841654a57434b71416e6878497567333477716775566b334f48775045435a4642374a383544784244465356674b4941476a454641514d546b48594654654e74396c3776454b4349592f774137634854666b737646536b6c50476336494276435945594974626432514877447a6d7432516c7371306f414551414151586a3653554d5370553556754d70437a757a76466e5579357232663841635466724535334437784f58426e2f2f7841417445514143415149464241454441775541414141414141414241674144455151514569457842524d6951534147464646686b62456a6359484238502f6141416742416745425077413752637139556f766a7a4c6b6e5538302b316a4d346266654c2f5462577370346a55644a696b6752626b6235387932385a7243356a4f476656376a3274755a5478444b6245584571313664726b796e554672474c74355369786263786d2f455672354c6b77466a416f397a47343575365654696666566257764f3478504d6f34717071414269416b586c432b6d3568334d44576e63487778446143317637773452617a45367435577737557a6f4d77324662526534684768677733416c496a54635252596650724f704d516a6a6867522b302b35656d316c4e6f6a4773336b5a3358706a5370687566497a46645171417252586262397a4b56776f422f453154563865705950767170486f7a45594e2b396f484d58414561664962632f724d526858446176557030797a41435944706a564d52334b76414e392f77434952427a4e73376d616a4f6470314c444d4b75704f596d706c75564730556c723245366651314d4a614e38427a472f45307a4659756c686c31564a697572737a397842346e6150696d4e5863624869553674436b74795a3065703373517a2b674e7638354e3845702b3532316770714a39544f36314532322f3348734e7875447a4b5a33304863656f7a6156306d644872314b64594a544637387a316e59354b62633561675a31436974616b797550522f6955314e394a69374759487035785445413241356d4477464c444379632f6b7a6e49387763625a427647436f4f494733496c547945722b46517166554441637a6f417452592f6b7a694a4e4d306d4c6b7458305a713379715646444243647a507144416854397776766d5579727063387a36667158706c54364d356e47563754336b7262324d4e6468585642775938306939353166664374662f7435526679307a3664593931682b6b584a68664c336c2f3851414d7845414151514142414d47424155464141414141414141415141434178454545694578425546524268415449434a6846444a7877534d77736448774e454b426f66482f3267414941514d4241543841373457353355646c365141324e413066556f78473650303665345665497a7733366b4b6243313667672f716d74315230506b796b6d676f34386a4b555a707730556d465a494b4768574877387a4351304b566a672f4f4e306454536e6147766f494f6f6f6d31524f33654e3171446f754738506a384d4f64756a7736433770474f4e6f70543457463748486d6e476e6c596a35753461364c4d5737655444366745396151787234474332364b4445746d6a447773544e5473704254574573494f6c6a52544d79754c5479556a387a7650774e374a73432b46773161344f7636304644685933744759413073546c68595177563946483462782b49323150494e474e32433456777550315971585557623967735335706c63573758352b46342f3456376d6e5a7772396c672b4a4e45475a796478647277363479516475696a7830546d5a4736667a582f616d6b465a6c78546a4459634c3850433756776f31392f794857754634356f5a6c66736f3862686f32686a377337567146696a47483246784445427248556a312f49776e44354d55636a464277526f6a3846337a4458546e374c34624a434448715737337545356d4978456e70433435473344784d6a356b32664c616649526f4531326c6c4e4f7569374f3464736b4d6842703336424e7a76414439486a6e31364839314931785a34674e4f352b2f2f5647515857336e2b71343142464a4358532f32366a39764b354f6153625451514e454e7456674d512b4b5670616131462f546f6e7942777a4e5231466c5933484e77726574724738536c784c686d4f334c6b6d323636546d30615762764c5479516253466e55624a706f33305550346b51634e6945786849494258614e315369746750756851626167625771314a7446744a70356439554c566b3770734c6e4d7a386c3265782b634844502f774148374a30626d5345586f7530554238567275564b725073766c616e4e72514a774649485875716861696a446f584f504931334e32584250366c6e38367245786a4b484c74417934676664527342424b796130694d6d2b7166736a7633662f396b3d, '2021-07-17 12:25:07', '2021-07-31 07:13:48', 'Admin', NULL, 1);

-- --------------------------------------------------------

--
-- Table structure for table `appdownload`
--

CREATE TABLE `appdownload` (
  `id` bigint(20) UNSIGNED NOT NULL,
  `mobileno` bigint(20) UNSIGNED NOT NULL,
  `created_at` datetime NOT NULL,
  `updated_at` datetime NOT NULL,
  `created_by` varchar(50) NOT NULL,
  `status` int(10) UNSIGNED NOT NULL DEFAULT 0
) ENGINE=InnoDB DEFAULT CHARSET=latin1;

-- --------------------------------------------------------

--
-- Table structure for table `appversion`
--

CREATE TABLE `appversion` (
  `id` int(11) NOT NULL,
  `info` varchar(250) DEFAULT NULL,
  `name` varchar(120) NOT NULL,
  `mandatory` int(11) NOT NULL DEFAULT 1 COMMENT '0-not mandatory 1- manadatory',
  `version` int(11) NOT NULL,
  `new_version_names` mediumtext DEFAULT NULL,
  `new_version_codes` mediumtext DEFAULT NULL,
  `allowed_days` int(11) DEFAULT NULL,
  `has_issues` varchar(1) NOT NULL DEFAULT 'N',
  `created_at` datetime NOT NULL,
  `updated_at` datetime NOT NULL,
  `created_by` varchar(50) NOT NULL,
  `status` int(10) UNSIGNED NOT NULL DEFAULT 0
) ENGINE=InnoDB DEFAULT CHARSET=latin1;

-- --------------------------------------------------------

--
-- Table structure for table `boarding_droping`
--

CREATE TABLE `boarding_droping` (
  `id` int(11) NOT NULL,
  `location_id` int(10) UNSIGNED NOT NULL,
  `boarding_point` text NOT NULL,
  `created_at` datetime NOT NULL,
  `updated_at` datetime DEFAULT NULL,
  `created_by` varchar(50) NOT NULL,
  `status` int(10) UNSIGNED NOT NULL DEFAULT 1
) ENGINE=InnoDB DEFAULT CHARSET=latin1;

--
-- Dumping data for table `boarding_droping`
--

INSERT INTO `boarding_droping` (`id`, `location_id`, `boarding_point`, `created_at`, `updated_at`, `created_by`, `status`) VALUES
(1, 1291, 'Bermunda', '2020-11-04 02:37:10', '2020-11-05 02:37:10', 'Admin', 1),
(2, 1291, 'CRPF', '2020-11-04 02:37:10', '2020-11-05 02:37:10', 'Admin', 1),
(3, 1291, 'Rasulgarh', '2020-11-04 02:37:10', '2020-11-05 02:37:10', 'Admin', 1),
(4, 1291, 'Palasuni', '2020-11-04 02:37:10', '2020-11-05 02:37:10', 'Admin', 1),
(5, 1294, 'Sambalpur Town', '2020-11-04 02:37:10', '2020-11-05 02:37:10', 'Admin', 1),
(6, 1294, 'Hirakud', '2020-11-04 02:37:10', '2020-11-05 02:37:10', 'Admin', 1),
(9, 1345, 'Bus stand', '2021-06-11 15:14:51', '2021-06-11 15:14:51', 'Admin', 0),
(10, 1345, 'Atharanala', '2021-06-11 15:14:51', '2021-06-11 15:14:51', 'Admin', 0),
(11, 1292, 'Badambadi', '2021-06-11 15:15:36', '2021-06-11 15:15:36', 'Admin', 0),
(12, 1292, 'Link road', '2021-06-11 15:15:36', '2021-06-11 15:15:36', 'Admin', 0),
(13, 1292, 'OMP', '2021-06-11 15:15:36', '2021-06-11 15:15:36', 'Admin', 0),
(14, 1292, 'Jagtpur', '2021-06-11 15:15:36', '2021-06-11 15:15:36', 'Admin', 0),
(15, 1292, 'Manguli', '2021-06-11 15:15:36', '2021-06-11 15:15:36', 'Admin', 0),
(16, 1297, 'Bus stand', '2021-06-11 15:16:56', '2021-06-11 15:16:56', 'Admin', 0),
(17, 1297, 'New Bazar', '2021-06-11 15:16:56', '2021-06-11 15:16:56', 'Admin', 0),
(20, 1789, '22223', '2021-06-30 12:07:35', '2021-06-30 12:07:35', 'Admin', 0),
(21, 1789, '33332', '2021-06-30 12:07:35', '2021-06-30 12:07:35', 'Admin', 0),
(22, 1800, 'kalpana', '2021-07-17 06:38:56', '2021-07-17 06:38:56', 'Admin', 0),
(23, 1800, 'laxmisagar', '2021-07-17 06:38:56', '2021-07-17 06:38:56', 'Admin', 0),
(24, 1800, 'bomikhal', '2021-07-17 06:38:56', '2021-07-17 06:38:56', 'Admin', 0),
(25, 1800, 'rasulgarh', '2021-07-17 06:38:56', '2021-07-17 06:38:56', 'Admin', 0),
(26, 1801, 'Badambadi', '2021-07-17 07:20:34', '2021-07-17 07:20:34', 'Admin', 0),
(27, 1801, 'Link road', '2021-07-17 07:20:34', '2021-07-17 07:20:34', 'Admin', 0),
(28, 1802, 'Nalco', '2021-07-17 07:20:53', '2021-07-17 07:20:53', 'Admin', 0),
(29, 1802, 'Bus Stand', '2021-07-17 07:20:53', '2021-07-17 07:20:53', 'Admin', 0),
(30, 1803, 'Laxmi Talkies', '2021-07-17 07:21:13', '2021-07-17 07:21:13', 'Admin', 0),
(31, 1803, 'Bus Stand', '2021-07-17 07:21:13', '2021-07-17 07:21:13', 'Admin', 0),
(32, 1804, 'Gandhi Chowk', '2021-07-17 07:21:32', '2021-07-17 07:21:32', 'Admin', 0),
(33, 1804, 'Bus Stand', '2021-07-17 07:21:32', '2021-07-17 07:21:32', 'Admin', 0),
(34, 1374, 'Bus Stand', '2021-07-24 10:29:47', '2021-07-24 10:29:47', 'Admin', 0),
(35, 1374, 'Bonth Chhawk', '2021-07-24 10:29:47', '2021-07-24 10:29:47', 'Admin', 0),
(36, 1299, 'Jajpur Town', '2021-07-24 10:30:30', '2021-07-24 10:30:30', 'Admin', 0),
(37, 1299, 'Bus Stand', '2021-07-24 10:30:30', '2021-07-24 10:30:30', 'Admin', 0),
(38, 1331, 'Chandikhole', '2021-07-24 10:31:01', '2021-07-24 10:31:01', 'Admin', 0),
(39, 1349, 'Manguli', '2021-07-24 10:32:03', '2021-07-24 10:32:03', 'Admin', 0),
(40, 1302, 'Bus Stand', '2021-08-30 12:59:06', '2021-08-30 12:59:06', 'Admin', 0),
(41, 1304, 'Bus stand', '2021-08-30 12:59:36', '2021-08-30 12:59:36', 'Admin', 0);

-- --------------------------------------------------------

--
-- Table structure for table `booking`
--

CREATE TABLE `booking` (
  `id` int(10) UNSIGNED NOT NULL,
  `transaction_id` varchar(200) NOT NULL,
  `pnr` varchar(100) NOT NULL,
  `users_id` int(11) NOT NULL COMMENT 'Users ID',
  `bus_id` int(10) UNSIGNED NOT NULL,
  `source_id` int(10) UNSIGNED NOT NULL,
  `destination_id` int(10) UNSIGNED NOT NULL,
  `j_day` int(11) NOT NULL DEFAULT 1 COMMENT 'journey day | 1-same day 2-nxt day so on',
  `journey_dt` date NOT NULL,
  `boarding_point` varchar(120) NOT NULL,
  `dropping_point` varchar(120) NOT NULL,
  `boarding_time` time NOT NULL,
  `dropping_time` time NOT NULL,
  `origin` enum('ODBUS','RPBOA','GRANDBUS','JANARDANBUS','KHAMBESWARI','MOBUS') DEFAULT NULL,
  `app_type` set('WEB','MOB','ANDROID','CLNTWEB','CLNTMOB','ASSNWEB','ASSNMOB','CONDUCTOR','AGENT','MANAGER','OPERATOR') NOT NULL,
  `typ_id` varchar(50) NOT NULL COMMENT 'Type of Users booking Ticket',
  `created_at` datetime DEFAULT current_timestamp(),
  `updated_at` datetime NOT NULL,
  `created_by` varchar(50) NOT NULL,
  `status` int(10) UNSIGNED NOT NULL DEFAULT 0 COMMENT '0=Not Booked, 1= Booked(based on successful payment), 2=booking cancelled',
  `total_fare` double(8,2) DEFAULT 0.00,
  `owner_fare` double(8,2) DEFAULT 0.00,
  `odbus_gst_charges` double(8,2) DEFAULT 0.00,
  `odbus_gst_amount` double(8,2) DEFAULT 0.00,
  `owner_gst_charges` double(8,2) DEFAULT 0.00,
  `owner_gst_amount` double(8,2) DEFAULT 0.00,
  `odbus_charges` double(8,2) NOT NULL DEFAULT 0.00
) ENGINE=InnoDB DEFAULT CHARSET=latin1;

--
-- Dumping data for table `booking`
--

INSERT INTO `booking` (`id`, `transaction_id`, `pnr`, `users_id`, `bus_id`, `source_id`, `destination_id`, `j_day`, `journey_dt`, `boarding_point`, `dropping_point`, `boarding_time`, `dropping_time`, `origin`, `app_type`, `typ_id`, `created_at`, `updated_at`, `created_by`, `status`, `total_fare`, `owner_fare`, `odbus_gst_charges`, `odbus_gst_amount`, `owner_gst_charges`, `owner_gst_amount`, `odbus_charges`) VALUES
(1, '20210915115749614729', '81970326', 1, 5, 1345, 1374, 1, '2021-09-15', 'Bus stand', 'Bonth Chhawk', '11:00:00', '15:30:00', 'ODBUS', 'WEB', '1', '2021-09-15 11:57:49', '2021-09-24 11:48:30', 'Customer', 1, 880.00, 800.00, 5.00, 40.00, 0.00, 0.00, 56.00),
(2, '20210915124025172945', '45019378', 1, 5, 1374, 1304, 2, '2021-09-16', 'Bonth Chhawk', 'Bus stand', '15:30:00', '20:00:00', 'ODBUS', 'WEB', '1', '2021-09-15 12:40:25', '2021-09-15 12:40:28', 'Customer', 1, 556.00, 500.00, 5.00, 25.00, 0.00, 0.00, 40.00),
(3, '20210915132116519835', '85269314', 1, 7, 1345, 1292, 1, '2021-09-15', 'Bus stand', 'Badambadi', '20:00:00', '23:00:00', 'ODBUS', 'WEB', '1', '2021-09-15 13:21:16', '2021-09-15 13:21:19', 'Customer', 1, 172.00, 150.00, 5.00, 7.50, 0.00, 0.00, 15.00),
(4, '20210915141644265268', '26594103', 1, 5, 1374, 1304, 2, '2021-09-15', 'Bonth Chhawk', 'Bus stand', '15:30:00', '20:00:00', 'ODBUS', 'WEB', '1', '2021-09-15 14:16:44', '2021-09-15 14:16:47', 'Customer', 1, 556.00, 500.00, 5.00, 25.00, 0.00, 0.00, 40.00),
(5, '20210915155237398747', '25963148', 1, 5, 1345, 1374, 1, '2021-09-15', 'Bus stand', 'Bonth Chhawk', '11:00:00', '15:30:00', 'ODBUS', 'WEB', '1', '2021-09-15 15:52:37', '2021-09-15 15:52:41', 'Customer', 1, 1100.00, 1000.00, 5.00, 50.00, 0.00, 0.00, 70.00),
(6, '20210915155953207103', '43715869', 1, 5, 1345, 1374, 1, '2021-09-16', 'Bus stand', 'Bonth Chhawk', '11:00:00', '15:30:00', 'ODBUS', 'WEB', '1', '2021-09-15 15:59:53', '2021-09-15 15:59:57', 'Customer', 1, 667.00, 600.00, 5.00, 30.00, 0.00, 0.00, 48.00),
(7, '2021091614084884667', '01394257', 1, 5, 1345, 1374, 1, '2021-09-17', 'Bus stand', 'Bonth Chhawk', '11:00:00', '15:30:00', 'ODBUS', 'WEB', '1', '2021-09-16 14:08:48', '2021-09-16 14:09:09', 'Customer', 1, 341.00, 300.00, 5.00, 15.00, 0.00, 0.00, 30.00),
(8, '2021091614084898903', '90462518', 1, 5, 1345, 1374, 1, '2021-09-17', 'Bus stand', 'Bonth Chhawk', '11:00:00', '15:30:00', 'ODBUS', 'WEB', '1', '2021-09-16 14:08:48', '2021-09-16 14:10:59', 'Customer', 1, 446.00, 400.00, 5.00, 20.00, 0.00, 0.00, 32.00),
(9, '20210916140848126923', '87953024', 1, 5, 1345, 1374, 1, '2021-09-17', 'Bus stand', 'Bonth Chhawk', '11:00:00', '15:30:00', 'ODBUS', 'WEB', '1', '2021-09-16 14:08:48', '2021-09-16 14:09:46', 'Customer', 1, 341.00, 300.00, 5.00, 15.00, 0.00, 0.00, 30.00),
(10, '20210916141405504398', '69152873', 1, 5, 1345, 1374, 1, '2021-09-17', 'Bus stand', 'Bonth Chhawk', '11:00:00', '15:30:00', 'ODBUS', 'WEB', '1', '2021-09-16 14:14:05', '2021-09-16 14:14:17', 'Customer', 1, 341.00, 300.00, 5.00, 15.00, 0.00, 0.00, 30.00),
(11, '202109212305186543', '94518762', 10, 3, 1345, 1304, 2, '2021-09-21', 'Bus stand', 'Bus stand', '20:00:00', '09:00:00', 'ODBUS', 'WEB', '1', '2021-09-21 23:05:18', '2021-09-21 23:05:18', 'Customer', 0, 1100.00, 1000.00, 5.00, 50.00, 0.00, 0.00, 70.00),
(12, '20210921230609796704', '82793056', 10, 3, 1345, 1304, 2, '2021-09-21', 'Bus stand', 'Bus stand', '20:00:00', '09:00:00', 'ODBUS', 'WEB', '1', '2021-09-21 23:06:09', '2021-09-21 23:06:13', 'Customer', 1, 1100.00, 1000.00, 5.00, 50.00, 0.00, 0.00, 70.00),
(13, '20210922145726205657', '19502783', 11, 5, 1345, 1374, 1, '2021-09-23', 'Bus stand', 'Bonth Chhawk', '11:00:00', '15:30:00', 'ODBUS', 'WEB', '1', '2021-09-22 14:57:26', '2021-09-22 14:57:40', 'Customer', 1, 341.00, 300.00, 5.00, 15.00, 0.00, 0.00, 30.00),
(14, '20210922145727927509', '67980342', 12, 5, 1345, 1374, 1, '2021-09-23', 'Bus stand', 'Bonth Chhawk', '11:00:00', '15:30:00', 'ODBUS', 'WEB', '1', '2021-09-22 14:57:27', '2021-09-22 14:57:40', 'Customer', 1, 341.00, 300.00, 5.00, 15.00, 0.00, 0.00, 30.00),
(15, '20210922162331723827', '48156379', 13, 5, 1345, 1374, 1, '2021-09-23', 'Bus stand', 'Bonth Chhawk', '11:00:00', '15:30:00', 'ODBUS', 'WEB', '1', '2021-09-22 16:23:31', '2021-09-22 16:23:31', 'Customer', 0, 341.00, 300.00, 5.00, 15.00, 0.00, 0.00, 30.00),
(16, '20210922162445411214', '62493057', 13, 5, 1345, 1374, 1, '2021-09-23', 'Bus stand', 'Bonth Chhawk', '11:00:00', '15:30:00', 'ODBUS', 'WEB', '1', '2021-09-22 16:24:45', '2021-09-22 16:24:45', 'Customer', 0, 341.00, 300.00, 5.00, 15.00, 0.00, 0.00, 30.00),
(17, '20210922162544481822', '79856301', 13, 5, 1345, 1374, 1, '2021-09-23', 'Bus stand', 'Bonth Chhawk', '11:00:00', '15:30:00', 'ODBUS', 'WEB', '1', '2021-09-22 16:25:44', '2021-09-22 16:25:44', 'Customer', 0, 341.00, 300.00, 5.00, 15.00, 0.00, 0.00, 30.00),
(18, '20210922162627850925', '06439152', 13, 5, 1345, 1374, 1, '2021-09-23', 'Bus stand', 'Bonth Chhawk', '11:00:00', '15:30:00', 'ODBUS', 'WEB', '1', '2021-09-22 16:26:27', '2021-09-22 16:26:27', 'Customer', 0, 341.00, 300.00, 5.00, 15.00, 0.00, 0.00, 30.00),
(19, '20210922162711402218', '04516297', 13, 5, 1345, 1374, 1, '2021-09-23', 'Bus stand', 'Bonth Chhawk', '11:00:00', '15:30:00', 'ODBUS', 'WEB', '1', '2021-09-22 16:27:11', '2021-09-22 16:27:11', 'Customer', 0, 341.00, 300.00, 5.00, 15.00, 0.00, 0.00, 30.00),
(20, '20210922163215770782', '46275391', 13, 5, 1345, 1374, 1, '2021-09-22', 'Bus stand', 'Bonth Chhawk', '11:00:00', '15:30:00', 'ODBUS', 'WEB', '1', '2021-09-22 16:32:15', '2021-09-22 16:44:33', 'Customer', 1, 341.00, 300.00, 5.00, 15.00, 0.00, 0.00, 30.00),
(21, '20210924111546866280', '15670932', 1, 5, 1345, 1374, 1, '2021-09-24', 'Bus stand', 'Bonth Chhawk', '11:00:00', '15:30:00', 'ODBUS', 'WEB', '1', '2021-09-24 11:15:46', '2021-09-24 11:15:46', 'Customer', 0, 341.00, 300.00, 5.00, 15.00, 0.00, 0.00, 30.00),
(22, '20210924112517380349', '28603945', 1, 5, 1345, 1374, 1, '2021-09-24', 'Bus stand', 'Bonth Chhawk', '11:00:00', '15:30:00', 'ODBUS', 'WEB', '1', '2021-09-24 11:25:17', '2021-09-24 11:25:17', 'Customer', 0, 341.00, 300.00, 5.00, 15.00, 0.00, 0.00, 30.00),
(23, '20210924113427694788', '43821607', 1, 5, 1345, 1374, 1, '2021-09-24', 'Bus stand', 'Bonth Chhawk', '11:00:00', '15:30:00', 'ODBUS', 'WEB', '1', '2021-09-24 11:34:27', '2021-09-24 11:34:27', 'Customer', 0, 341.00, 300.00, 5.00, 15.00, 0.00, 0.00, 30.00),
(24, '20210924113745204959', '50297814', 1, 5, 1345, 1374, 1, '2021-09-24', 'Bus stand', 'Bonth Chhawk', '11:00:00', '15:30:00', 'ODBUS', 'WEB', '1', '2021-09-24 11:37:45', '2021-09-24 11:37:45', 'Customer', 0, 341.00, 300.00, 5.00, 15.00, 0.00, 0.00, 30.00),
(25, '20210924114115934887', '63950178', 1, 5, 1345, 1374, 1, '2021-09-24', 'Bus stand', 'Bonth Chhawk', '11:00:00', '15:30:00', 'ODBUS', 'WEB', '1', '2021-09-24 11:41:15', '2021-09-24 11:41:15', 'Customer', 0, 341.00, 300.00, 5.00, 15.00, 0.00, 0.00, 30.00),
(26, '20210924114537992373', '37086925', 1, 5, 1345, 1374, 1, '2021-09-24', 'Bus stand', 'Bonth Chhawk', '11:00:00', '15:30:00', 'ODBUS', 'WEB', '1', '2021-09-24 11:45:38', '2021-09-24 11:45:38', 'Customer', 0, 341.00, 300.00, 5.00, 15.00, 0.00, 0.00, 30.00),
(27, '20210924114813883660', '27450389', 1, 5, 1345, 1374, 1, '2021-09-24', 'Bus stand', 'Bonth Chhawk', '11:00:00', '15:30:00', 'ODBUS', 'WEB', '1', '2021-09-24 11:48:13', '2021-09-24 11:48:13', 'Customer', 0, 341.00, 300.00, 5.00, 15.00, 0.00, 0.00, 30.00),
(28, '20210924115406191392', '47593208', 1, 5, 1345, 1374, 1, '2021-09-24', 'Bus stand', 'Bonth Chhawk', '11:00:00', '15:30:00', 'ODBUS', 'WEB', '1', '2021-09-24 11:54:06', '2021-09-24 11:54:25', 'Customer', 1, 341.00, 300.00, 5.00, 15.00, 0.00, 0.00, 30.00),
(29, '20210924120108382603', '02743619', 1, 5, 1345, 1374, 1, '2021-09-24', 'Bus stand', 'Bonth Chhawk', '11:00:00', '15:30:00', 'ODBUS', 'WEB', '1', '2021-09-24 12:01:08', '2021-09-24 12:01:08', 'Customer', 0, 341.00, 300.00, 5.00, 15.00, 0.00, 0.00, 30.00),
(30, '20210924120736405631', '83164295', 1, 5, 1345, 1374, 1, '2021-09-24', 'Bus stand', 'Bonth Chhawk', '11:00:00', '15:30:00', 'ODBUS', 'WEB', '1', '2021-09-24 12:07:36', '2021-09-24 12:07:54', 'Customer', 1, 341.00, 300.00, 5.00, 15.00, 0.00, 0.00, 30.00),
(31, '20210924125202736057', '62013894', 2, 5, 1345, 1374, 1, '2021-09-25', 'Bus stand', 'Bonth Chhawk', '11:00:00', '15:30:00', 'ODBUS', 'WEB', '1', '2021-09-24 12:52:02', '2021-09-24 12:52:02', 'Customer', 0, 341.00, 300.00, 5.00, 15.00, 0.00, 0.00, 30.00),
(32, '20210924125419870337', '98651207', 2, 5, 1345, 1374, 1, '2021-09-25', 'Bus stand', 'Bonth Chhawk', '11:00:00', '15:30:00', 'ODBUS', 'WEB', '1', '2021-09-24 12:54:19', '2021-09-24 12:54:19', 'Customer', 0, 341.00, 300.00, 5.00, 15.00, 0.00, 0.00, 30.00),
(33, '20210924125548385223', '68904753', 2, 5, 1345, 1374, 1, '2021-09-24', 'Bus stand', 'Bonth Chhawk', '11:00:00', '15:30:00', 'ODBUS', 'WEB', '1', '2021-09-24 12:55:48', '2021-09-24 12:55:48', 'Customer', 0, 341.00, 300.00, 5.00, 15.00, 0.00, 0.00, 30.00),
(34, '20210924125947597160', '67532890', 2, 5, 1345, 1374, 1, '2021-09-25', 'Bus stand', 'Bonth Chhawk', '11:00:00', '15:30:00', 'ODBUS', 'WEB', '1', '2021-09-24 12:59:47', '2021-09-24 12:59:47', 'Customer', 0, 341.00, 300.00, 5.00, 15.00, 0.00, 0.00, 30.00),
(35, '20210927120946796816', '86295104', 2, 7, 1345, 1294, 2, '2021-09-28', 'Bus stand', 'Sambalpur Town', '20:00:00', '06:10:00', 'ODBUS', 'WEB', '1', '2021-09-27 12:09:46', '2021-09-27 12:25:52', 'Customer', 1, 556.00, 500.00, 5.00, 25.00, 0.00, 0.00, 40.00),
(36, '20210927123952723486', '80941236', 2, 7, 1345, 1294, 2, '2021-09-28', 'Bus stand', 'Sambalpur Town', '20:00:00', '06:10:00', 'ODBUS', 'WEB', '1', '2021-09-27 12:39:52', '2021-09-27 12:40:10', 'Customer', 1, 556.00, 500.00, 5.00, 25.00, 0.00, 0.00, 40.00),
(37, '20210927124413366731', '60975134', 2, 5, 1345, 1374, 1, '2021-09-29', 'Bus stand', 'Bonth Chhawk', '11:00:00', '15:30:00', 'ODBUS', 'WEB', '1', '2021-09-27 12:44:13', '2021-09-27 12:44:13', 'Customer', 0, 341.00, 300.00, 5.00, 15.00, 0.00, 0.00, 30.00),
(38, '20210927124549464860', '73082194', 2, 5, 1345, 1374, 1, '2021-09-30', 'Bus stand', 'Bonth Chhawk', '11:00:00', '15:30:00', 'ODBUS', 'WEB', '1', '2021-09-27 12:45:49', '2021-09-27 12:45:49', 'Customer', 0, 341.00, 300.00, 5.00, 15.00, 0.00, 0.00, 30.00),
(39, '20210927133024364673', '16745923', 2, 3, 1345, 1374, 2, '2021-09-27', 'Bus stand', 'Bus Stand', '20:00:00', '01:00:00', 'ODBUS', 'WEB', '1', '2021-09-27 13:30:24', '2021-09-27 13:30:24', 'Customer', 0, 446.00, 400.00, 5.00, 20.00, 0.00, 0.00, 32.00),
(40, '20210927133123501918', '92650481', 1, 3, 1345, 1374, 2, '2021-09-27', 'Bus stand', 'Bus Stand', '20:00:00', '01:00:00', 'ODBUS', 'WEB', '1', '2021-09-27 13:31:23', '2021-09-27 13:31:23', 'Customer', 0, 446.00, 400.00, 5.00, 20.00, 0.00, 0.00, 32.00),
(41, '20210927133641832065', '24517863', 1, 3, 1345, 1374, 2, '2021-09-27', 'Bus stand', 'Bus Stand', '20:00:00', '01:00:00', 'ODBUS', 'WEB', '1', '2021-09-27 13:36:41', '2021-09-27 13:36:41', 'Customer', 0, 446.00, 400.00, 5.00, 20.00, 0.00, 0.00, 32.00),
(42, '2021092713371525912', '76582490', 2, 3, 1345, 1374, 2, '2021-09-27', 'Bus stand', 'Bus Stand', '20:00:00', '01:00:00', 'ODBUS', 'WEB', '1', '2021-09-27 13:37:15', '2021-09-27 13:37:15', 'Customer', 0, 446.00, 400.00, 5.00, 20.00, 0.00, 0.00, 32.00),
(43, '20210927142233376066', '30924157', 1, 3, 1345, 1374, 2, '2021-09-27', 'Bus stand', 'Bus Stand', '20:00:00', '01:00:00', 'ODBUS', 'WEB', '1', '2021-09-27 14:22:33', '2021-09-27 14:22:33', 'Customer', 0, 446.00, 400.00, 5.00, 20.00, 0.00, 0.00, 32.00),
(44, '20210927142542872134', '16572940', 2, 3, 1345, 1374, 2, '2021-09-27', 'Bus stand', 'Bus Stand', '20:00:00', '01:00:00', 'ODBUS', 'WEB', '1', '2021-09-27 14:25:42', '2021-09-27 14:25:42', 'Customer', 0, 446.00, 400.00, 5.00, 20.00, 0.00, 0.00, 32.00),
(45, '20210927142558456406', '46812539', 2, 3, 1345, 1374, 2, '2021-09-27', 'Bus stand', 'Bus Stand', '20:00:00', '01:00:00', 'ODBUS', 'WEB', '1', '2021-09-27 14:25:58', '2021-09-27 14:25:58', 'Customer', 0, 446.00, 400.00, 5.00, 20.00, 0.00, 0.00, 32.00),
(46, '20210927143204887555', '78215630', 15, 3, 1345, 1374, 2, '2021-09-30', 'Bus stand', 'Bus Stand', '20:00:00', '01:00:00', 'ODBUS', 'WEB', '1', '2021-09-27 14:32:04', '2021-09-27 14:32:04', 'Customer', 0, 446.00, 400.00, 5.00, 20.00, 0.00, 0.00, 32.00),
(47, '20210927144701796760', '72089435', 2, 3, 1345, 1374, 2, '2021-09-27', 'Bus stand', 'Bus Stand', '20:00:00', '01:00:00', 'ODBUS', 'WEB', '1', '2021-09-27 14:47:01', '2021-09-27 14:47:01', 'Customer', 0, 446.00, 400.00, 5.00, 20.00, 0.00, 0.00, 32.00),
(48, '20210927144912227517', '81695704', 2, 3, 1345, 1374, 2, '2021-09-27', 'Bus stand', 'Bus Stand', '20:00:00', '01:00:00', 'ODBUS', 'WEB', '1', '2021-09-27 14:49:12', '2021-09-27 14:49:12', 'Customer', 0, 446.00, 400.00, 5.00, 20.00, 0.00, 0.00, 32.00),
(49, '20210927145013548278', '82917350', 2, 3, 1345, 1374, 2, '2021-09-27', 'Bus stand', 'Bus Stand', '20:00:00', '01:00:00', 'ODBUS', 'WEB', '1', '2021-09-27 14:50:13', '2021-09-27 14:50:13', 'Customer', 0, 446.00, 400.00, 5.00, 20.00, 0.00, 0.00, 32.00),
(50, '20210927145125501745', '94215038', 2, 3, 1345, 1374, 2, '2021-09-27', 'Bus stand', 'Bus Stand', '20:00:00', '01:00:00', 'ODBUS', 'WEB', '1', '2021-09-27 14:51:25', '2021-09-27 14:51:25', 'Customer', 0, 446.00, 400.00, 5.00, 20.00, 0.00, 0.00, 32.00),
(51, '20210927145201807204', '24618093', 2, 3, 1345, 1374, 2, '2021-09-27', 'Bus stand', 'Bus Stand', '20:00:00', '01:00:00', 'ODBUS', 'WEB', '1', '2021-09-27 14:52:01', '2021-09-27 14:52:01', 'Customer', 0, 446.00, 400.00, 5.00, 20.00, 0.00, 0.00, 32.00),
(52, '20210927150120579301', '61548093', 1, 3, 1345, 1374, 2, '2021-09-27', 'Bus stand', 'Bus Stand', '20:00:00', '01:00:00', 'ODBUS', 'WEB', '1', '2021-09-27 15:01:20', '2021-09-27 15:01:20', 'Customer', 0, 446.00, 400.00, 5.00, 20.00, 0.00, 0.00, 32.00),
(53, '20210927151421162228', '27619584', 1, 5, 1345, 1374, 1, '2021-09-27', 'Bus stand', 'Bonth Chhawk', '11:00:00', '15:30:00', 'ODBUS', 'WEB', '1', '2021-09-27 15:14:21', '2021-09-27 15:14:21', 'Customer', 0, 341.00, 300.00, 5.00, 15.00, 0.00, 0.00, 30.00),
(54, '20210927152233768839', '95087243', 1, 7, 1345, 1294, 2, '2021-09-28', 'Bus stand', 'Sambalpur Town', '20:00:00', '06:10:00', 'ODBUS', 'WEB', '1', '2021-09-27 15:22:33', '2021-09-27 16:54:58', 'Customer', 2, 556.00, 500.00, 5.00, 25.00, 0.00, 0.00, 40.00),
(55, '20210927161027478517', '97213865', 2, 3, 1345, 1374, 2, '2021-09-27', 'Bus stand', 'Bus Stand', '20:00:00', '01:00:00', 'ODBUS', 'WEB', '1', '2021-09-27 16:10:27', '2021-09-27 16:10:27', 'Customer', 0, 446.00, 400.00, 5.00, 20.00, 0.00, 0.00, 32.00),
(56, '20210927173901518027', '07236149', 1, 5, 1345, 1374, 1, '2021-09-28', 'Bus stand', 'Bonth Chhawk', '11:00:00', '15:30:00', 'ODBUS', 'WEB', '1', '2021-09-27 17:39:01', '2021-09-27 17:41:08', 'Customer', 1, 446.00, 400.00, 5.00, 20.00, 0.00, 0.00, 32.00),
(57, '20210928110049356292', '14302579', 2, 3, 1345, 1374, 2, '2021-09-30', 'Bus stand', 'Bus Stand', '20:00:00', '01:00:00', 'ODBUS', 'WEB', '1', '2021-09-28 11:00:49', '2021-09-28 11:00:49', 'Customer', 0, 446.00, 400.00, 5.00, 20.00, 0.00, 0.00, 32.00),
(58, '20210928122641374289', '12063749', 2, 3, 1345, 1374, 2, '2021-09-28', 'Bus stand', 'Bus Stand', '20:00:00', '01:00:00', 'ODBUS', 'WEB', '1', '2021-09-28 12:26:41', '2021-09-28 12:26:41', 'Customer', 0, 446.00, 400.00, 5.00, 20.00, 0.00, 0.00, 32.00),
(59, '2021092817020934096', '45628937', 2, 3, 1345, 1374, 2, '2021-09-30', 'Bus stand', 'Bus Stand', '20:00:00', '01:00:00', 'ODBUS', 'WEB', '1', '2021-09-28 17:02:09', '2021-09-28 17:02:09', 'Customer', 0, 446.00, 400.00, 5.00, 20.00, 0.00, 0.00, 32.00),
(60, '202109281708207565', '01495376', 2, 3, 1345, 1374, 2, '2021-09-28', 'Bus stand', 'Bus Stand', '20:00:00', '01:00:00', 'ODBUS', 'WEB', '1', '2021-09-28 17:08:20', '2021-09-28 17:08:44', 'Customer', 1, 446.00, 400.00, 5.00, 20.00, 0.00, 0.00, 32.00),
(61, '20210928173049336757', '43185726', 2, 3, 1345, 1374, 2, '2021-09-30', 'Bus stand', 'Bus Stand', '20:00:00', '01:00:00', 'ODBUS', 'WEB', '1', '2021-09-28 17:30:49', '2021-09-29 11:43:45', 'Customer', 2, 446.00, 400.00, 5.00, 20.00, 0.00, 0.00, 32.00),
(62, '20210928174408949609', '24983651', 2, 7, 1345, 1294, 2, '2021-09-29', 'Bus stand', 'Sambalpur Town', '20:00:00', '06:10:00', 'ODBUS', 'WEB', '1', '2021-09-28 17:44:08', '2021-09-28 17:45:19', 'Customer', 1, 556.00, 500.00, 5.00, 25.00, 0.00, 0.00, 40.00),
(63, '20210928175942838502', '46752183', 2, 3, 1345, 1374, 2, '2021-09-30', 'Bus stand', 'Bus Stand', '20:00:00', '01:00:00', 'ODBUS', 'WEB', '1', '2021-09-28 17:59:42', '2021-09-29 11:58:35', 'Customer', 2, 446.00, 400.00, 5.00, 20.00, 0.00, 0.00, 32.00),
(64, '20210929111322438682', '61534279', 15, 5, 1345, 1374, 1, '2021-09-30', 'Bus stand', 'Bonth Chhawk', '11:00:00', '15:30:00', 'ODBUS', 'WEB', '1', '2021-09-29 11:13:22', '2021-09-29 11:13:22', 'Customer', 0, 341.00, 300.00, 5.00, 15.00, 0.00, 0.00, 30.00),
(65, '202109291435353771', '03794812', 2, 5, 1345, 1374, 1, '2021-10-01', 'Bus stand', 'Bonth Chhawk', '11:00:00', '15:30:00', 'ODBUS', 'WEB', '1', '2021-09-29 14:35:35', '2021-09-30 10:47:25', 'Customer', 2, 446.00, 400.00, 5.00, 20.00, 0.00, 0.00, 32.00),
(66, '20210929155629531024', '95804162', 16, 5, 1345, 1374, 1, '2021-10-02', 'Bus stand', 'Bonth Chhawk', '11:00:00', '15:30:00', 'ODBUS', 'WEB', '1', '2021-09-29 15:56:29', '2021-09-29 15:56:29', 'Customer', 0, 341.00, 300.00, 5.00, 15.00, 0.00, 0.00, 30.00),
(67, '202109301644305440', '30189725', 2, 5, 1345, 1374, 1, '2021-09-30', 'Bus stand', 'Bonth Chhawk', '11:00:00', '15:30:00', 'ODBUS', 'WEB', '1', '2021-09-30 16:44:30', '2021-09-30 16:44:30', 'Customer', 0, 341.00, 300.00, 5.00, 15.00, 0.00, 0.00, 30.00),
(68, '20210930164725274540', '17408369', 2, 5, 1345, 1374, 1, '2021-09-30', 'Bus stand', 'Bonth Chhawk', '11:00:00', '15:30:00', 'ODBUS', 'WEB', '1', '2021-09-30 16:47:25', '2021-09-30 16:47:25', 'Customer', 0, 341.00, 300.00, 5.00, 15.00, 0.00, 0.00, 30.00),
(69, '20210930164752189377', '85071643', 2, 5, 1345, 1374, 1, '2021-09-30', 'Bus stand', 'Bonth Chhawk', '11:00:00', '15:30:00', 'ODBUS', 'WEB', '1', '2021-09-30 16:47:52', '2021-09-30 16:47:52', 'Customer', 0, 341.00, 300.00, 5.00, 15.00, 0.00, 0.00, 30.00),
(70, '20210930165000188602', '81762943', 2, 5, 1345, 1374, 1, '2021-09-30', 'Bus stand', 'Bonth Chhawk', '11:00:00', '15:30:00', 'ODBUS', 'WEB', '1', '2021-09-30 16:50:00', '2021-09-30 16:50:00', 'Customer', 0, 341.00, 300.00, 5.00, 15.00, 0.00, 0.00, 30.00),
(71, '20210930165226726687', '46085327', 2, 5, 1345, 1374, 1, '2021-09-30', 'Bus stand', 'Bonth Chhawk', '11:00:00', '15:30:00', 'ODBUS', 'WEB', '1', '2021-09-30 16:52:26', '2021-09-30 16:52:26', 'Customer', 0, 341.00, 300.00, 5.00, 15.00, 0.00, 0.00, 30.00),
(72, '20211002142724769992', '19708642', 1, 5, 1345, 1374, 1, '2021-10-02', 'Bus stand', 'Bonth Chhawk', '11:00:00', '15:30:00', 'ODBUS', 'WEB', '1', '2021-10-02 14:27:24', '2021-10-02 14:27:55', 'Customer', 1, 446.00, 400.00, 5.00, 20.00, 0.00, 0.00, 32.00);

-- --------------------------------------------------------

--
-- Table structure for table `booking_detail`
--

CREATE TABLE `booking_detail` (
  `id` int(11) NOT NULL,
  `booking_id` int(10) UNSIGNED NOT NULL,
  `bus_seats_id` int(10) UNSIGNED NOT NULL,
  `passenger_name` varchar(250) NOT NULL,
  `passenger_gender` varchar(120) NOT NULL,
  `passenger_age` varchar(80) NOT NULL,
  `created_at` datetime NOT NULL,
  `updated_at` datetime NOT NULL,
  `created_by` varchar(50) NOT NULL,
  `status` int(10) UNSIGNED NOT NULL DEFAULT 0 COMMENT '0=Not Booked,1= Booked(based on successful payment), 2=booking cancelled'
) ENGINE=InnoDB DEFAULT CHARSET=latin1;

--
-- Dumping data for table `booking_detail`
--

INSERT INTO `booking_detail` (`id`, `booking_id`, `bus_seats_id`, `passenger_name`, `passenger_gender`, `passenger_age`, `created_at`, `updated_at`, `created_by`, `status`) VALUES
(1, 1, 44, 'lima m', 'M', '12', '2021-09-15 11:57:49', '2021-09-15 11:57:49', 'Customer', 0),
(2, 1, 46, 'lima f', 'F', '22', '2021-09-15 11:57:49', '2021-09-15 11:57:49', 'Customer', 0),
(3, 2, 47, 'lima', 'F', '23', '2021-09-15 12:40:25', '2021-09-15 12:40:25', 'Customer', 0),
(4, 3, 144, 'lima', 'F', '22', '2021-09-15 13:21:16', '2021-09-15 13:21:16', 'Customer', 0),
(5, 4, 47, 'lima', 'M', '12', '2021-09-15 14:16:44', '2021-09-15 14:16:44', 'Customer', 0),
(6, 5, 45, 'D DAS', 'M', '25', '2021-09-15 15:52:37', '2021-09-15 15:52:37', 'Customer', 0),
(7, 5, 36, 'S DAS', 'M', '28', '2021-09-15 15:52:37', '2021-09-15 15:52:37', 'Customer', 0),
(8, 5, 37, 'DD DAS', 'M', '30', '2021-09-15 15:52:37', '2021-09-15 15:52:37', 'Customer', 0),
(9, 6, 36, 'R Sharma', 'M', '25', '2021-09-15 15:59:53', '2021-09-15 15:59:53', 'Customer', 0),
(10, 6, 37, 'G Sharma', 'M', '26', '2021-09-15 15:59:53', '2021-09-15 15:59:53', 'Customer', 0),
(11, 7, 35, 'rashmiranjan sahoo', 'M', '29', '2021-09-16 14:08:48', '2021-09-16 14:08:48', 'Customer', 0),
(12, 8, 35, 'Dillip Singh', 'M', '29', '2021-09-16 14:08:48', '2021-09-16 14:08:48', 'Customer', 0),
(13, 9, 35, 'DEEPAK KUMAR', 'M', '24', '2021-09-16 14:08:48', '2021-09-16 14:08:48', 'Customer', 0),
(14, 10, 39, 'santosh', 'M', '25', '2021-09-16 14:14:05', '2021-09-16 14:14:05', 'Customer', 0),
(15, 11, 14, 'qwefewf', 'F', '32', '2021-09-21 23:05:18', '2021-09-21 23:05:18', 'Customer', 0),
(16, 12, 14, 'dwqwqd', 'F', '22', '2021-09-21 23:06:09', '2021-09-21 23:06:09', 'Customer', 0),
(17, 13, 35, 'Hussne', 'M', '25', '2021-09-22 14:57:26', '2021-09-22 14:57:26', 'Customer', 0),
(18, 14, 35, 'AK Padhy', 'M', '32', '2021-09-22 14:57:27', '2021-09-22 14:57:27', 'Customer', 0),
(19, 15, 39, 'Lima', 'M', '34', '2021-09-22 16:23:31', '2021-09-22 16:23:31', 'Customer', 0),
(20, 16, 39, 'Lima 3333', 'M', '34', '2021-09-22 16:24:45', '2021-09-22 16:24:45', 'Customer', 0),
(21, 17, 39, 'Lima 3333', 'M', '34', '2021-09-22 16:25:44', '2021-09-22 16:25:44', 'Customer', 0),
(22, 18, 39, 'Lima 3333', 'M', '34', '2021-09-22 16:26:27', '2021-09-22 16:26:27', 'Customer', 0),
(23, 19, 39, 'Lima 3333', 'M', '34', '2021-09-22 16:27:11', '2021-09-22 16:27:11', 'Customer', 0),
(24, 20, 35, 'lima', 'F', '23', '2021-09-22 16:32:15', '2021-09-22 16:32:15', 'Customer', 0),
(25, 21, 35, 'lima', 'F', '23', '2021-09-24 11:15:46', '2021-09-24 11:15:46', 'Customer', 0),
(26, 22, 35, 'Lima', 'F', '28', '2021-09-24 11:25:17', '2021-09-24 11:25:17', 'Customer', 0),
(27, 23, 35, 'lima', 'M', '12', '2021-09-24 11:34:27', '2021-09-24 11:34:27', 'Customer', 0),
(28, 24, 35, 'lima', 'F', '28', '2021-09-24 11:37:45', '2021-09-24 11:37:45', 'Customer', 0),
(29, 25, 35, 'lima22', 'F', '12', '2021-09-24 11:41:15', '2021-09-24 11:41:15', 'Customer', 0),
(30, 26, 36, 'lima', 'F', '12', '2021-09-24 11:45:38', '2021-09-24 11:45:38', 'Customer', 0),
(31, 27, 37, 'Lima', 'F', '12', '2021-09-24 11:48:13', '2021-09-24 11:48:13', 'Customer', 0),
(32, 28, 39, 'Lima', 'F', '34', '2021-09-24 11:54:06', '2021-09-24 11:54:06', 'Customer', 0),
(33, 29, 42, 'lima', 'F', '87', '2021-09-24 12:01:08', '2021-09-24 12:01:08', 'Customer', 0),
(34, 30, 40, 'lima', 'F', '28', '2021-09-24 12:07:36', '2021-09-24 12:07:36', 'Customer', 0),
(35, 31, 37, 'lima', 'F', '28', '2021-09-24 12:52:02', '2021-09-24 12:52:02', 'Customer', 0),
(36, 32, 37, 'Lima', 'F', '28', '2021-09-24 12:54:19', '2021-09-24 12:54:19', 'Customer', 0),
(37, 33, 41, 'lima', 'F', '28', '2021-09-24 12:55:48', '2021-09-24 12:55:48', 'Customer', 0),
(38, 34, 42, 'lima', 'F', '28', '2021-09-24 12:59:47', '2021-09-24 12:59:47', 'Customer', 0),
(39, 35, 101, 'lima', 'F', '28', '2021-09-27 12:09:46', '2021-09-27 12:25:52', 'Customer', 1),
(40, 36, 100, 'lima', 'M', '12', '2021-09-27 12:39:52', '2021-09-27 12:40:10', 'Customer', 1),
(41, 37, 41, 'lima', 'F', '12', '2021-09-27 12:44:13', '2021-09-27 12:44:13', 'Customer', 0),
(42, 38, 41, 'lima', 'F', '12', '2021-09-27 12:45:49', '2021-09-27 12:45:49', 'Customer', 0),
(43, 39, 1, 'lima', 'F', '12', '2021-09-27 13:30:24', '2021-09-27 13:30:24', 'Customer', 0),
(44, 40, 1, 'Lima', 'F', '12', '2021-09-27 13:31:23', '2021-09-27 13:31:23', 'Customer', 0),
(45, 41, 1, 'Lima', 'F', '12', '2021-09-27 13:36:41', '2021-09-27 13:36:41', 'Customer', 0),
(46, 42, 4, 'lima', 'F', '12', '2021-09-27 13:37:15', '2021-09-27 13:37:15', 'Customer', 0),
(47, 43, 1, 'Lima', 'F', '12', '2021-09-27 14:22:33', '2021-09-27 14:22:33', 'Customer', 0),
(48, 44, 4, 'lima', 'F', '12', '2021-09-27 14:25:42', '2021-09-27 14:25:42', 'Customer', 0),
(49, 45, 4, 'lima', 'F', '12', '2021-09-27 14:25:58', '2021-09-27 14:25:58', 'Customer', 0),
(50, 46, 4, 'ssss', 'F', '22', '2021-09-27 14:32:04', '2021-09-27 14:32:04', 'Customer', 0),
(51, 50, 4, 'lima', 'F', '12', '2021-09-27 14:51:25', '2021-09-27 14:51:25', 'Customer', 0),
(52, 52, 2, 'lima', 'F', '12', '2021-09-27 15:01:20', '2021-09-27 15:01:20', 'Customer', 0),
(53, 53, 42, 'lima', 'F', '12', '2021-09-27 15:14:21', '2021-09-27 15:14:21', 'Customer', 0),
(54, 54, 101, 'Lima', 'F', '12', '2021-09-27 15:22:33', '2021-09-27 16:54:58', 'Customer', 2),
(55, 55, 4, 'lima', 'F', '12', '2021-09-27 16:10:27', '2021-09-27 16:10:27', 'Customer', 0),
(56, 56, 44, 'lima tttt', 'F', '11', '2021-09-27 17:39:01', '2021-09-27 17:41:08', 'Customer', 1),
(57, 57, 2, 'lima', 'F', '12', '2021-09-28 11:00:49', '2021-09-28 11:00:49', 'Customer', 0),
(58, 58, 2, 'lima', 'F', '12', '2021-09-28 12:26:41', '2021-09-28 12:26:41', 'Customer', 0),
(59, 59, 2, 'lima', 'F', '28', '2021-09-28 17:02:09', '2021-09-28 17:02:09', 'Customer', 0),
(60, 60, 2, 'lima', 'F', '28', '2021-09-28 17:08:20', '2021-09-28 17:08:44', 'Customer', 1),
(61, 61, 1, 'lima', 'F', '12', '2021-09-28 17:30:49', '2021-09-29 11:43:45', 'Customer', 2),
(62, 62, 100, 'lima mohanty', 'F', '28', '2021-09-28 17:44:08', '2021-09-28 17:45:19', 'Customer', 1),
(63, 63, 3, 'Lisa', 'F', '12', '2021-09-28 17:59:42', '2021-09-29 11:58:35', 'Customer', 2),
(64, 64, 39, '3', 'F', '11', '2021-09-29 11:13:22', '2021-09-29 11:13:22', 'Customer', 0),
(65, 65, 45, 'lima', 'F', '12', '2021-09-29 14:35:35', '2021-09-30 10:47:25', 'Customer', 2),
(66, 66, 35, 'priyadarshi', 'M', '23', '2021-09-29 15:56:29', '2021-09-29 15:56:29', 'Customer', 0),
(67, 67, 35, 'lima', 'F', '22', '2021-09-30 16:44:30', '2021-09-30 16:44:30', 'Customer', 0),
(68, 68, 35, 'lima', 'F', '22', '2021-09-30 16:47:25', '2021-09-30 16:47:25', 'Customer', 0),
(69, 69, 35, 'lima', 'F', '22', '2021-09-30 16:47:52', '2021-09-30 16:47:52', 'Customer', 0),
(70, 70, 35, 'lima test', 'F', '22', '2021-09-30 16:50:00', '2021-09-30 16:50:00', 'Customer', 0),
(71, 71, 35, 'lima test', 'F', '22', '2021-09-30 16:52:26', '2021-09-30 16:52:26', 'Customer', 0),
(72, 72, 46, 'lima', 'F', '11', '2021-10-02 14:27:24', '2021-10-02 14:27:55', 'Customer', 1);

-- --------------------------------------------------------

--
-- Table structure for table `booking_seized`
--

CREATE TABLE `booking_seized` (
  `id` int(11) NOT NULL,
  `bus_id` int(10) UNSIGNED NOT NULL,
  `location_id` int(10) UNSIGNED NOT NULL,
  `seize_booking_minute` int(11) NOT NULL COMMENT 'value in minute',
  `created_at` datetime NOT NULL DEFAULT current_timestamp(),
  `updated_at` datetime NOT NULL DEFAULT current_timestamp(),
  `created_by` varchar(250) NOT NULL,
  `status` int(11) NOT NULL DEFAULT 0
) ENGINE=InnoDB DEFAULT CHARSET=latin1;

--
-- Dumping data for table `booking_seized`
--

INSERT INTO `booking_seized` (`id`, `bus_id`, `location_id`, `seize_booking_minute`, `created_at`, `updated_at`, `created_by`, `status`) VALUES
(1, 3, 1345, 120, '2021-08-30 13:07:51', '2021-08-30 13:07:51', 'Admin', 0),
(2, 3, 1345, 320, '2021-08-30 13:07:51', '2021-08-30 13:07:51', 'Admin', 0),
(3, 3, 1345, 450, '2021-08-30 13:07:52', '2021-08-30 13:07:52', 'Admin', 0),
(4, 3, 1303, 600, '2021-08-30 13:07:52', '2021-08-30 13:07:52', 'Admin', 0),
(5, 4, 1291, 250, '2021-09-03 07:53:42', '2021-09-03 07:53:42', 'Admin', 0),
(6, 4, 1292, 350, '2021-09-03 07:53:42', '2021-09-03 07:53:42', 'Admin', 0),
(7, 5, 1345, 250, '2021-09-11 09:32:39', '2021-09-11 09:32:39', 'Admin', 0),
(8, 5, 1374, 240, '2021-09-11 09:32:39', '2021-09-11 09:32:39', 'Admin', 0),
(9, 5, 1345, 256, '2021-09-11 09:32:39', '2021-09-11 09:32:39', 'Admin', 0),
(10, 6, 1291, 120, '2021-09-11 09:38:04', '2021-09-11 09:38:04', 'Admin', 0),
(11, 6, 1291, 120, '2021-09-11 09:38:04', '2021-09-11 09:38:04', 'Admin', 0),
(12, 7, 1345, 350, '2021-09-15 07:44:48', '2021-09-15 07:44:48', 'Admin', 0),
(13, 7, 1345, 350, '2021-09-15 07:44:48', '2021-09-15 07:44:48', 'Admin', 0),
(14, 7, 1345, 350, '2021-09-15 07:44:48', '2021-09-15 07:44:48', 'Admin', 0),
(15, 7, 1345, 350, '2021-09-15 07:44:48', '2021-09-15 07:44:48', 'Admin', 0),
(16, 7, 1291, 550, '2021-09-15 07:44:48', '2021-09-15 07:44:48', 'Admin', 0),
(17, 7, 1291, 550, '2021-09-15 07:44:48', '2021-09-15 07:44:48', 'Admin', 0),
(18, 7, 1292, 580, '2021-09-15 07:44:48', '2021-09-15 07:44:48', 'Admin', 0),
(19, 7, 1292, 580, '2021-09-15 07:44:48', '2021-09-15 07:44:48', 'Admin', 0);

-- --------------------------------------------------------

--
-- Table structure for table `booking_sequence`
--

CREATE TABLE `booking_sequence` (
  `id` int(11) NOT NULL,
  `booking_id` int(10) UNSIGNED NOT NULL,
  `sequence_start_no` int(11) NOT NULL,
  `sequence_end_no` int(11) NOT NULL,
  `created_at` timestamp NOT NULL DEFAULT current_timestamp(),
  `updated_at` timestamp NOT NULL DEFAULT current_timestamp()
) ENGINE=InnoDB DEFAULT CHARSET=latin1;

--
-- Dumping data for table `booking_sequence`
--

INSERT INTO `booking_sequence` (`id`, `booking_id`, `sequence_start_no`, `sequence_end_no`, `created_at`, `updated_at`) VALUES
(1, 1, 1, 3, '2021-09-15 15:57:49', '2021-09-15 15:57:49'),
(2, 2, 3, 4, '2021-09-15 16:40:25', '2021-09-15 16:40:25'),
(3, 3, 1, 3, '2021-09-15 17:21:16', '2021-09-15 17:21:16'),
(4, 4, 3, 4, '2021-09-15 18:16:44', '2021-09-15 18:16:44'),
(5, 5, 1, 3, '2021-09-15 19:52:37', '2021-09-15 19:52:37'),
(6, 6, 1, 3, '2021-09-15 19:59:53', '2021-09-15 19:59:53'),
(7, 7, 1, 3, '2021-09-16 18:08:48', '2021-09-16 18:08:48'),
(8, 8, 1, 3, '2021-09-16 18:08:48', '2021-09-16 18:08:48'),
(9, 9, 1, 3, '2021-09-16 18:08:48', '2021-09-16 18:08:48'),
(10, 10, 1, 3, '2021-09-16 18:14:05', '2021-09-16 18:14:05'),
(11, 11, 1, 4, '2021-09-22 03:05:18', '2021-09-22 03:05:18'),
(12, 12, 1, 4, '2021-09-22 03:06:09', '2021-09-22 03:06:09'),
(13, 13, 1, 3, '2021-09-22 18:57:26', '2021-09-22 18:57:26'),
(14, 14, 1, 3, '2021-09-22 18:57:27', '2021-09-22 18:57:27'),
(15, 15, 1, 3, '2021-09-22 20:23:31', '2021-09-22 20:23:31'),
(16, 16, 1, 3, '2021-09-22 20:24:45', '2021-09-22 20:24:45'),
(17, 17, 1, 3, '2021-09-22 20:25:44', '2021-09-22 20:25:44'),
(18, 18, 1, 3, '2021-09-22 20:26:27', '2021-09-22 20:26:27'),
(19, 19, 1, 3, '2021-09-22 20:27:11', '2021-09-22 20:27:11'),
(20, 20, 1, 3, '2021-09-22 20:32:15', '2021-09-22 20:32:15'),
(21, 21, 1, 3, '2021-09-24 15:15:46', '2021-09-24 15:15:46'),
(22, 22, 1, 3, '2021-09-24 15:25:17', '2021-09-24 15:25:17'),
(23, 23, 1, 3, '2021-09-24 15:34:27', '2021-09-24 15:34:27'),
(24, 24, 1, 3, '2021-09-24 15:37:45', '2021-09-24 15:37:45'),
(25, 25, 1, 3, '2021-09-24 15:41:15', '2021-09-24 15:41:15'),
(26, 26, 1, 3, '2021-09-24 15:45:38', '2021-09-24 15:45:38'),
(27, 27, 1, 3, '2021-09-24 15:48:13', '2021-09-24 15:48:13'),
(28, 28, 1, 3, '2021-09-24 15:54:06', '2021-09-24 15:54:06'),
(29, 29, 1, 3, '2021-09-24 16:01:08', '2021-09-24 16:01:08'),
(30, 30, 1, 3, '2021-09-24 16:07:36', '2021-09-24 16:07:36'),
(31, 31, 1, 3, '2021-09-24 16:52:02', '2021-09-24 16:52:02'),
(32, 32, 1, 3, '2021-09-24 16:54:19', '2021-09-24 16:54:19'),
(33, 33, 1, 3, '2021-09-24 16:55:48', '2021-09-24 16:55:48'),
(34, 34, 1, 3, '2021-09-24 16:59:47', '2021-09-24 16:59:47'),
(35, 35, 1, 4, '2021-09-27 16:09:46', '2021-09-27 16:09:46'),
(36, 36, 1, 4, '2021-09-27 16:39:52', '2021-09-27 16:39:52'),
(37, 37, 1, 3, '2021-09-27 16:44:13', '2021-09-27 16:44:13'),
(38, 38, 1, 3, '2021-09-27 16:45:49', '2021-09-27 16:45:49'),
(39, 39, 1, 2, '2021-09-27 17:30:24', '2021-09-27 17:30:24'),
(40, 40, 1, 2, '2021-09-27 17:31:23', '2021-09-27 17:31:23'),
(41, 41, 1, 2, '2021-09-27 17:36:41', '2021-09-27 17:36:41'),
(42, 42, 1, 2, '2021-09-27 17:37:15', '2021-09-27 17:37:15'),
(43, 43, 1, 2, '2021-09-27 18:22:33', '2021-09-27 18:22:33'),
(44, 44, 1, 2, '2021-09-27 18:25:42', '2021-09-27 18:25:42'),
(45, 45, 1, 2, '2021-09-27 18:25:58', '2021-09-27 18:25:58'),
(46, 46, 1, 2, '2021-09-27 18:32:04', '2021-09-27 18:32:04'),
(47, 50, 1, 2, '2021-09-27 18:51:25', '2021-09-27 18:51:25'),
(48, 52, 1, 2, '2021-09-27 19:01:20', '2021-09-27 19:01:20'),
(49, 53, 1, 3, '2021-09-27 19:14:21', '2021-09-27 19:14:21'),
(50, 54, 1, 4, '2021-09-27 19:22:33', '2021-09-27 19:22:33'),
(51, 55, 1, 2, '2021-09-27 20:10:27', '2021-09-27 20:10:27'),
(52, 56, 1, 3, '2021-09-27 21:39:01', '2021-09-27 21:39:01'),
(53, 57, 1, 2, '2021-09-28 15:00:49', '2021-09-28 15:00:49'),
(54, 58, 1, 2, '2021-09-28 16:26:41', '2021-09-28 16:26:41'),
(55, 59, 1, 2, '2021-09-28 21:02:09', '2021-09-28 21:02:09'),
(56, 60, 1, 2, '2021-09-28 21:08:20', '2021-09-28 21:08:20'),
(57, 61, 1, 2, '2021-09-28 21:30:49', '2021-09-28 21:30:49'),
(58, 62, 1, 4, '2021-09-28 21:44:08', '2021-09-28 21:44:08'),
(59, 63, 1, 2, '2021-09-28 21:59:42', '2021-09-28 21:59:42'),
(60, 64, 1, 3, '2021-09-29 15:13:22', '2021-09-29 15:13:22'),
(61, 65, 1, 3, '2021-09-29 18:35:35', '2021-09-29 18:35:35'),
(62, 66, 1, 3, '2021-09-29 19:56:29', '2021-09-29 19:56:29'),
(63, 67, 1, 3, '2021-09-30 20:44:30', '2021-09-30 20:44:30'),
(64, 68, 1, 3, '2021-09-30 20:47:25', '2021-09-30 20:47:25'),
(65, 69, 1, 3, '2021-09-30 20:47:52', '2021-09-30 20:47:52'),
(66, 70, 1, 3, '2021-09-30 20:50:00', '2021-09-30 20:50:00'),
(67, 71, 1, 3, '2021-09-30 20:52:26', '2021-09-30 20:52:26'),
(68, 72, 1, 3, '2021-10-02 18:27:24', '2021-10-02 18:27:24');

-- --------------------------------------------------------

--
-- Table structure for table `bus`
--

CREATE TABLE `bus` (
  `id` int(10) UNSIGNED NOT NULL,
  `user_id` int(11) NOT NULL,
  `bus_operator_id` int(11) NOT NULL DEFAULT 1,
  `name` varchar(200) NOT NULL,
  `via` varchar(200) NOT NULL,
  `bus_number` varchar(50) NOT NULL,
  `bus_description` varchar(250) DEFAULT NULL,
  `bus_type_id` int(10) UNSIGNED NOT NULL,
  `bus_sitting_id` int(10) UNSIGNED NOT NULL,
  `bus_seat_layout_id` int(10) UNSIGNED NOT NULL,
  `cancellationslabs_id` int(11) NOT NULL,
  `running_cycle` int(10) UNSIGNED NOT NULL,
  `popularity` int(10) UNSIGNED DEFAULT NULL COMMENT 'Higher the number higher will be posotioning in buslist',
  `admin_notes` mediumtext DEFAULT NULL,
  `has_return_bus` int(11) NOT NULL COMMENT '0-no 1-yes',
  `return_bus_id` int(11) DEFAULT NULL,
  `cancelation_points` mediumtext DEFAULT NULL,
  `created_at` datetime NOT NULL,
  `updated_at` datetime NOT NULL,
  `created_by` varchar(50) NOT NULL,
  `status` int(10) UNSIGNED NOT NULL DEFAULT 0,
  `sequence` int(11) NOT NULL DEFAULT 1000,
  `max_seat_book` int(11) NOT NULL DEFAULT 6,
  `cancellation_policy_desc` longtext DEFAULT NULL,
  `travel_policy_desc` longtext DEFAULT NULL
) ENGINE=InnoDB DEFAULT CHARSET=latin1;

--
-- Dumping data for table `bus`
--

INSERT INTO `bus` (`id`, `user_id`, `bus_operator_id`, `name`, `via`, `bus_number`, `bus_description`, `bus_type_id`, `bus_sitting_id`, `bus_seat_layout_id`, `cancellationslabs_id`, `running_cycle`, `popularity`, `admin_notes`, `has_return_bus`, `return_bus_id`, `cancelation_points`, `created_at`, `updated_at`, `created_by`, `status`, `sequence`, `max_seat_book`, `cancellation_policy_desc`, `travel_policy_desc`) VALUES
(1, 1, 1, 'MAA', 'Bhadark', 'OD 22A5345', NULL, 315, 3, 7, 1, 0, NULL, NULL, 0, NULL, NULL, '2021-08-30 13:05:42', '2021-08-30 13:08:10', 'Admin', 2, 1000, 6, NULL, NULL),
(3, 1, 1, 'MAA', 'Bhadark', 'OD 22A5344', NULL, 315, 3, 7, 1, 1, NULL, NULL, 0, NULL, NULL, '2021-08-30 13:07:51', '2021-08-30 13:09:05', 'Admin', 1, 1000, 6, NULL, NULL),
(4, 1, 9, 'Arnapurna', 'Angul', 'OD 02 BE 478959', 'Luxury Bus', 315, 3, 7, 2, 0, NULL, NULL, 0, NULL, NULL, '2021-09-03 07:53:42', '2021-09-15 08:51:47', 'Admin', 2, 1000, 6, NULL, NULL),
(5, 1, 9, 'Das & das', 'bhadrak', 'OD 02 AQ 9046', NULL, 315, 3, 7, 1, 1, NULL, NULL, 0, NULL, NULL, '2021-09-11 09:32:39', '2021-09-11 09:33:06', 'Admin', 1, 1000, 4, NULL, NULL),
(6, 1, 1, 'testing', 'bhadrak', '123456', NULL, 315, 3, 7, 1, 0, NULL, NULL, 0, NULL, NULL, '2021-09-11 09:38:04', '2021-09-11 09:40:49', 'Admin', 2, 1000, 6, NULL, NULL),
(7, 1, 8, 'HH BUS', 'Angul', 'OD 02 HH 5254', NULL, 315, 3, 11, 3, 2, NULL, NULL, 0, NULL, NULL, '2021-09-15 07:44:48', '2021-09-15 07:45:48', 'Admin', 1, 1000, 5, NULL, NULL);

-- --------------------------------------------------------

--
-- Table structure for table `bus_amenities`
--

CREATE TABLE `bus_amenities` (
  `id` int(10) UNSIGNED NOT NULL,
  `bus_id` int(10) UNSIGNED NOT NULL,
  `amenities_id` int(10) UNSIGNED NOT NULL,
  `created_at` datetime NOT NULL,
  `updated_at` datetime NOT NULL,
  `created_by` varchar(50) DEFAULT NULL,
  `status` int(10) UNSIGNED NOT NULL DEFAULT 0
) ENGINE=InnoDB DEFAULT CHARSET=latin1;

--
-- Dumping data for table `bus_amenities`
--

INSERT INTO `bus_amenities` (`id`, `bus_id`, `amenities_id`, `created_at`, `updated_at`, `created_by`, `status`) VALUES
(1, 1, 4, '2021-08-30 13:05:42', '2021-08-30 13:05:42', 'Admin', 1),
(2, 1, 5, '2021-08-30 13:05:42', '2021-08-30 13:05:42', 'Admin', 1),
(3, 3, 4, '2021-08-30 13:07:51', '2021-08-30 13:07:51', 'Admin', 1),
(4, 3, 5, '2021-08-30 13:07:51', '2021-08-30 13:07:51', 'Admin', 1),
(5, 4, 2, '2021-09-03 07:53:42', '2021-09-03 07:53:42', 'Admin', 1),
(6, 5, 1, '2021-09-11 09:32:39', '2021-09-11 09:32:39', 'Admin', 1),
(7, 6, 1, '2021-09-11 09:38:04', '2021-09-11 09:38:04', 'Admin', 1),
(8, 6, 4, '2021-09-11 09:38:04', '2021-09-11 09:38:04', 'Admin', 1),
(9, 7, 2, '2021-09-15 07:44:48', '2021-09-15 07:44:48', 'Admin', 1),
(10, 7, 4, '2021-09-15 07:44:48', '2021-09-15 07:44:48', 'Admin', 1);

-- --------------------------------------------------------

--
-- Table structure for table `bus_cancelled`
--

CREATE TABLE `bus_cancelled` (
  `id` int(10) UNSIGNED NOT NULL,
  `bus_id` int(10) UNSIGNED NOT NULL,
  `bus_operator_id` int(11) NOT NULL,
  `month` varchar(50) DEFAULT NULL,
  `year` varchar(50) DEFAULT NULL,
  `reason` varchar(200) NOT NULL,
  `created_at` datetime NOT NULL,
  `updated_at` datetime NOT NULL,
  `cancelled_by` varchar(50) NOT NULL,
  `status` int(10) UNSIGNED NOT NULL DEFAULT 0
) ENGINE=InnoDB DEFAULT CHARSET=latin1;

-- --------------------------------------------------------

--
-- Table structure for table `bus_cancelled_date`
--

CREATE TABLE `bus_cancelled_date` (
  `id` int(10) UNSIGNED NOT NULL,
  `bus_cancelled_id` int(10) UNSIGNED NOT NULL,
  `cancelled_date` date NOT NULL,
  `created_by` varchar(200) DEFAULT NULL,
  `created_at` datetime NOT NULL,
  `updated_at` datetime NOT NULL,
  `status` int(11) NOT NULL DEFAULT 0
) ENGINE=InnoDB DEFAULT CHARSET=latin1;

-- --------------------------------------------------------

--
-- Table structure for table `bus_class`
--

CREATE TABLE `bus_class` (
  `id` int(11) NOT NULL,
  `class_name` varchar(250) NOT NULL,
  `created_at` datetime NOT NULL,
  `updated_at` datetime NOT NULL,
  `created_by` varchar(250) NOT NULL
) ENGINE=InnoDB DEFAULT CHARSET=latin1;

--
-- Dumping data for table `bus_class`
--

INSERT INTO `bus_class` (`id`, `class_name`, `created_at`, `updated_at`, `created_by`) VALUES
(1, 'AC', '2021-06-03 18:23:22', '2021-06-03 18:23:22', 'Admin'),
(2, 'NON AC', '2021-06-03 18:23:22', '2021-06-03 18:23:22', 'Admin');

-- --------------------------------------------------------

--
-- Table structure for table `bus_closing_hours`
--

CREATE TABLE `bus_closing_hours` (
  `id` int(11) NOT NULL,
  `bus_id` int(11) NOT NULL,
  `city_id` int(11) NOT NULL,
  `dep_time` varchar(250) NOT NULL,
  `closing_hours` varchar(250) NOT NULL,
  `status` int(11) NOT NULL DEFAULT 1,
  `created_at` datetime DEFAULT NULL,
  `updated_at` datetime DEFAULT NULL
) ENGINE=InnoDB DEFAULT CHARSET=latin1;

-- --------------------------------------------------------

--
-- Table structure for table `bus_contacts`
--

CREATE TABLE `bus_contacts` (
  `id` int(11) NOT NULL,
  `bus_id` int(10) UNSIGNED NOT NULL,
  `type` int(11) NOT NULL COMMENT '0-operator 1-manager 2-conductor',
  `phone` varchar(100) NOT NULL,
  `booking_sms_send` int(11) NOT NULL DEFAULT 0 COMMENT '0-dontsend 1-send',
  `cancel_sms_send` int(11) NOT NULL DEFAULT 0 COMMENT '0-dontsend 1-send',
  `created_at` datetime NOT NULL,
  `updated_at` datetime NOT NULL,
  `created_by` varchar(50) NOT NULL,
  `status` int(10) UNSIGNED NOT NULL DEFAULT 1
) ENGINE=InnoDB DEFAULT CHARSET=latin1;

--
-- Dumping data for table `bus_contacts`
--

INSERT INTO `bus_contacts` (`id`, `bus_id`, `type`, `phone`, `booking_sms_send`, `cancel_sms_send`, `created_at`, `updated_at`, `created_by`, `status`) VALUES
(1, 1, 2, '1234567898', 1, 1, '2021-08-30 13:05:42', '2021-08-30 13:05:42', 'Admin', 1),
(2, 1, 1, '3234545676', 1, 1, '2021-08-30 13:05:42', '2021-08-30 13:05:42', 'Admin', 1),
(3, 1, 0, '8767565434', 1, 1, '2021-08-30 13:05:42', '2021-08-30 13:05:42', 'Admin', 1),
(4, 3, 2, '1234567898', 1, 1, '2021-08-30 13:07:51', '2021-08-30 13:07:51', 'Admin', 1),
(5, 3, 1, '3234545676', 1, 1, '2021-08-30 13:07:51', '2021-08-30 13:07:51', 'Admin', 1),
(6, 3, 0, '8767565434', 1, 1, '2021-08-30 13:07:51', '2021-08-30 13:07:51', 'Admin', 1),
(7, 4, 2, '5487985487', 1, 1, '2021-09-03 07:53:42', '2021-09-03 07:53:42', 'Admin', 1),
(8, 4, 1, '5487985486', 1, 1, '2021-09-03 07:53:42', '2021-09-03 07:53:42', 'Admin', 1),
(9, 4, 0, '5487985488', 1, 1, '2021-09-03 07:53:42', '2021-09-03 07:53:42', 'Admin', 1),
(10, 5, 2, '7978817539', 1, 1, '2021-09-11 09:32:39', '2021-09-11 09:32:39', 'Admin', 1),
(11, 5, 1, '7978817539', 1, 1, '2021-09-11 09:32:39', '2021-09-11 09:32:39', 'Admin', 1),
(12, 5, 0, '7978817539', 1, 1, '2021-09-11 09:32:39', '2021-09-11 09:32:39', 'Admin', 1),
(13, 6, 2, '1234567898', 1, 1, '2021-09-11 09:38:04', '2021-09-11 09:38:04', 'Admin', 1),
(14, 6, 1, '2123434567', 1, 1, '2021-09-11 09:38:04', '2021-09-11 09:38:04', 'Admin', 1),
(15, 6, 0, '2345678998', 1, 1, '2021-09-11 09:38:04', '2021-09-11 09:38:04', 'Admin', 1),
(16, 7, 2, '5487548754', 1, 1, '2021-09-15 07:44:48', '2021-09-15 07:44:48', 'Admin', 1),
(17, 7, 1, '5487548754', 1, 1, '2021-09-15 07:44:48', '2021-09-15 07:44:48', 'Admin', 1),
(18, 7, 0, '5487548754', 1, 1, '2021-09-15 07:44:48', '2021-09-15 07:44:48', 'Admin', 1);

-- --------------------------------------------------------

--
-- Table structure for table `bus_extra_fare`
--

CREATE TABLE `bus_extra_fare` (
  `id` bigint(20) UNSIGNED NOT NULL,
  `bus_id` int(10) UNSIGNED NOT NULL,
  `type` int(10) UNSIGNED NOT NULL COMMENT '1 - Operator, 2 - ODBUS',
  `journey_date` date DEFAULT NULL,
  `seat_fare` int(11) NOT NULL COMMENT 'extra 30rs.. added to all seaters',
  `sleeper_fare` int(11) NOT NULL COMMENT 'extra 70rs.. added to all sleapers',
  `created_at` datetime NOT NULL,
  `updated_at` datetime NOT NULL,
  `created_by` varchar(50) NOT NULL,
  `status` int(10) UNSIGNED NOT NULL DEFAULT 0
) ENGINE=InnoDB DEFAULT CHARSET=latin1;

-- --------------------------------------------------------

--
-- Table structure for table `bus_festival_fare`
--

CREATE TABLE `bus_festival_fare` (
  `id` int(11) NOT NULL,
  `bus_id` int(10) UNSIGNED NOT NULL,
  `festival_fare_id` int(11) NOT NULL
) ENGINE=InnoDB DEFAULT CHARSET=latin1;

-- --------------------------------------------------------

--
-- Table structure for table `bus_gallery`
--

CREATE TABLE `bus_gallery` (
  `id` int(10) UNSIGNED NOT NULL,
  `bus_id` int(10) UNSIGNED NOT NULL,
  `image` mediumblob NOT NULL,
  `alt_tag` varchar(250) DEFAULT NULL,
  `created_at` datetime NOT NULL,
  `updated_at` datetime NOT NULL,
  `created_by` varchar(50) NOT NULL,
  `status` int(10) UNSIGNED NOT NULL DEFAULT 1
) ENGINE=InnoDB DEFAULT CHARSET=latin1;

-- --------------------------------------------------------

--
-- Table structure for table `bus_location_sequence`
--

CREATE TABLE `bus_location_sequence` (
  `id` int(11) NOT NULL,
  `bus_id` int(10) UNSIGNED NOT NULL,
  `location_id` int(10) UNSIGNED NOT NULL,
  `sequence` int(11) NOT NULL,
  `created_at` timestamp NOT NULL DEFAULT current_timestamp(),
  `updated_at` timestamp NOT NULL DEFAULT current_timestamp()
) ENGINE=InnoDB DEFAULT CHARSET=latin1;

--
-- Dumping data for table `bus_location_sequence`
--

INSERT INTO `bus_location_sequence` (`id`, `bus_id`, `location_id`, `sequence`, `created_at`, `updated_at`) VALUES
(4, 3, 1345, 1, '2021-08-30 07:37:51', '2021-08-30 07:37:51'),
(5, 3, 1374, 2, '2021-08-30 07:37:51', '2021-08-30 07:37:51'),
(6, 3, 1302, 3, '2021-08-30 07:37:51', '2021-08-30 07:37:51'),
(7, 3, 1304, 4, '2021-08-30 07:37:51', '2021-08-30 07:37:51'),
(8, 4, 1291, 1, '2021-09-03 02:23:42', '2021-09-03 02:23:42'),
(9, 4, 1292, 2, '2021-09-03 02:23:42', '2021-09-03 02:23:42'),
(10, 4, 1802, 3, '2021-09-03 02:23:42', '2021-09-03 02:23:42'),
(11, 4, 1294, 4, '2021-09-03 02:23:42', '2021-09-03 02:23:42'),
(12, 5, 1345, 1, '2021-09-11 04:02:39', '2021-09-11 04:02:39'),
(13, 5, 1374, 3, '2021-09-11 04:02:39', '2021-09-11 04:02:39'),
(14, 5, 1291, 2, '2021-09-11 04:02:39', '2021-09-11 04:02:39'),
(15, 5, 1304, 4, '2021-09-11 04:02:39', '2021-09-11 04:02:39'),
(16, 6, 1291, 1, '2021-09-11 04:08:04', '2021-09-11 04:08:04'),
(17, 6, 1292, 2, '2021-09-11 04:08:04', '2021-09-11 04:08:04'),
(18, 6, 1374, 3, '2021-09-11 04:08:04', '2021-09-11 04:08:04'),
(19, 6, 1304, 4, '2021-09-11 04:08:04', '2021-09-11 04:08:04'),
(20, 7, 1345, 1, '2021-09-15 11:44:48', '2021-09-15 11:44:48'),
(21, 7, 1291, 2, '2021-09-15 11:44:48', '2021-09-15 11:44:48'),
(22, 7, 1292, 3, '2021-09-15 11:44:48', '2021-09-15 11:44:48'),
(23, 7, 1294, 4, '2021-09-15 11:44:48', '2021-09-15 11:44:48'),
(24, 7, 1297, 5, '2021-09-15 11:44:48', '2021-09-15 11:44:48');

-- --------------------------------------------------------

--
-- Table structure for table `bus_operator`
--

CREATE TABLE `bus_operator` (
  `id` int(11) NOT NULL,
  `email_id` varchar(50) NOT NULL,
  `password` varchar(20) NOT NULL,
  `operator_name` varchar(50) NOT NULL,
  `operator_info` text DEFAULT NULL,
  `contact_number` varchar(15) NOT NULL,
  `organisation_name` varchar(50) NOT NULL,
  `location_name` varchar(150) NOT NULL,
  `address` text DEFAULT NULL,
  `additional_email` varchar(50) DEFAULT NULL,
  `additional_contact` varchar(15) DEFAULT NULL,
  `bank_account_name` varchar(50) DEFAULT NULL,
  `bank_name` varchar(50) DEFAULT NULL,
  `bank_ifsc` varchar(50) DEFAULT NULL,
  `bank_account_number` varchar(50) DEFAULT NULL,
  `need_gst_bill` int(11) NOT NULL DEFAULT 0,
  `gst_number` varchar(250) DEFAULT NULL,
  `gst_amount` double(8,2) DEFAULT NULL,
  `created_at` datetime NOT NULL,
  `updated_at` datetime NOT NULL,
  `created_by` varchar(250) NOT NULL,
  `status` int(11) NOT NULL DEFAULT 0
) ENGINE=InnoDB DEFAULT CHARSET=latin1 COMMENT='Bus Operators';

--
-- Dumping data for table `bus_operator`
--

INSERT INTO `bus_operator` (`id`, `email_id`, `password`, `operator_name`, `operator_info`, `contact_number`, `organisation_name`, `location_name`, `address`, `additional_email`, `additional_contact`, `bank_account_name`, `bank_name`, `bank_ifsc`, `bank_account_number`, `need_gst_bill`, `gst_number`, `gst_amount`, `created_at`, `updated_at`, `created_by`, `status`) VALUES
(1, 'deesasd@ss.com', 'Admin@2010', 'GPM Travels', NULL, '9692424122', 'SEOFIED', 'Bhubaneswar', 'Station Bazar Road', NULL, NULL, 'Chandrakanta Rath', 'IOBS', 'IO5287', '123654785412', 0, NULL, NULL, '2021-02-01 09:37:56', '2021-03-13 13:02:04', 'Admin', 1),
(2, 'deepak@gmail.com', '25425', 'DD BUS Service', NULL, '9875486547', 'DD', 'bargarh', 'Lane 1,  Patia', NULL, NULL, 'Deepak Das', 'Punjab National Bank', 'PUB25415', '22552254125', 0, NULL, NULL, '2021-02-01 11:57:18', '2021-02-10 09:08:13', 'Admin', 1),
(3, 'deepaks@gmail.com', 'KK@123', 'KK', NULL, '1236547890', 'KK INT', 'bhubaneswar', 'Bhubaneswar', NULL, NULL, NULL, NULL, NULL, NULL, 0, NULL, NULL, '2021-02-01 13:13:36', '2021-02-25 14:10:44', 'Admin', 0),
(4, 'aasss@gmaill.com', 'abcd', 'SAS services', NULL, '1234569870', 'ABCDS', 'ATRE', 'TYHR', NULL, NULL, NULL, NULL, NULL, NULL, 0, NULL, NULL, '2021-02-01 13:17:58', '2021-02-26 13:59:29', 'Admin', 2),
(5, 'Chandra@gmail.com', '123456', 'NEXO Travels', NULL, '5454545459', 'Test', 'BBSR', 'BBSR', NULL, NULL, NULL, NULL, NULL, NULL, 0, NULL, NULL, '2021-02-26 13:59:20', '2021-02-26 13:59:20', 'Admin', 1),
(6, 'pdsir@gmail.com', '111111', 'demo', NULL, '2154545454', 'NEW OD', 'BBSR', 'BBS', NULL, NULL, NULL, NULL, NULL, NULL, 0, NULL, NULL, '2021-02-27 06:26:28', '2021-02-27 06:26:28', 'Admin', 1),
(7, 'chandras@odgroup.in', 'Admin@2010', 'CK BUS', NULL, '8798457865', 'CK BUS', 'Bhubaneswar', 'Bhubaneswar', NULL, NULL, NULL, NULL, NULL, NULL, 0, NULL, NULL, '2021-06-30 12:44:13', '2021-06-30 12:44:26', 'Admin', 1),
(8, 'hussen@odbus.in', 'Admin@2010', 'Hussen Travels', NULL, '9040236166', 'Hussen travels', 'Balianta', 'Balianta, Bhubaneswar', NULL, NULL, 'Dinesh Das', 'Statebank of India', 'SBIN0007447', '20015874178', 0, NULL, NULL, '2021-07-17 06:55:02', '2021-07-17 06:55:23', 'Admin', 1),
(9, 'santosh@odbus.in', 'Admin@2010', 'Santosh Dash', NULL, '8249244495', 'DASH AND DASH', 'Bhubaneswar', 'Kalpana Sqr', NULL, NULL, NULL, NULL, NULL, NULL, 0, NULL, NULL, '2021-09-03 07:50:59', '2021-09-03 07:51:02', 'Admin', 1);

-- --------------------------------------------------------

--
-- Table structure for table `bus_owner_fare`
--

CREATE TABLE `bus_owner_fare` (
  `id` int(11) NOT NULL,
  `bus_id` int(10) UNSIGNED NOT NULL,
  `owner_fare_id` int(10) UNSIGNED NOT NULL
) ENGINE=InnoDB DEFAULT CHARSET=latin1;

-- --------------------------------------------------------

--
-- Table structure for table `bus_safety`
--

CREATE TABLE `bus_safety` (
  `id` int(11) NOT NULL,
  `bus_id` int(10) UNSIGNED NOT NULL,
  `safety_id` int(11) NOT NULL,
  `created_at` datetime NOT NULL,
  `updated_at` datetime NOT NULL,
  `created_by` varchar(250) NOT NULL
) ENGINE=InnoDB DEFAULT CHARSET=latin1;

--
-- Dumping data for table `bus_safety`
--

INSERT INTO `bus_safety` (`id`, `bus_id`, `safety_id`, `created_at`, `updated_at`, `created_by`) VALUES
(1, 1, 1, '2021-08-30 13:05:42', '2021-08-30 13:05:42', 'Admin'),
(2, 1, 2, '2021-08-30 13:05:42', '2021-08-30 13:05:42', 'Admin'),
(3, 3, 1, '2021-08-30 13:07:51', '2021-08-30 13:07:51', 'Admin'),
(4, 3, 2, '2021-08-30 13:07:51', '2021-08-30 13:07:51', 'Admin'),
(5, 4, 2, '2021-09-03 07:53:42', '2021-09-03 07:53:42', 'Admin'),
(6, 4, 4, '2021-09-03 07:53:42', '2021-09-03 07:53:42', 'Admin'),
(7, 5, 1, '2021-09-11 09:32:39', '2021-09-11 09:32:39', 'Admin'),
(8, 6, 1, '2021-09-11 09:38:04', '2021-09-11 09:38:04', 'Admin'),
(9, 6, 2, '2021-09-11 09:38:04', '2021-09-11 09:38:04', 'Admin'),
(10, 7, 1, '2021-09-15 07:44:48', '2021-09-15 07:44:48', 'Admin'),
(11, 7, 3, '2021-09-15 07:44:48', '2021-09-15 07:44:48', 'Admin');

-- --------------------------------------------------------

--
-- Table structure for table `bus_schedule`
--

CREATE TABLE `bus_schedule` (
  `id` int(10) UNSIGNED NOT NULL,
  `bus_id` int(10) UNSIGNED NOT NULL,
  `created_at` datetime NOT NULL,
  `updated_at` datetime NOT NULL,
  `created_by` varchar(50) NOT NULL DEFAULT 'Admin',
  `status` int(10) UNSIGNED NOT NULL DEFAULT 1
) ENGINE=InnoDB DEFAULT CHARSET=latin1;

--
-- Dumping data for table `bus_schedule`
--

INSERT INTO `bus_schedule` (`id`, `bus_id`, `created_at`, `updated_at`, `created_by`, `status`) VALUES
(1, 3, '2021-08-30 13:09:05', '2021-09-11 09:33:13', 'Admin', 1),
(2, 5, '2021-09-11 09:33:06', '2021-09-11 09:33:10', 'Admin', 1),
(3, 7, '2021-09-15 07:45:48', '2021-09-15 07:45:51', 'Admin', 1);

-- --------------------------------------------------------

--
-- Table structure for table `bus_schedule_date`
--

CREATE TABLE `bus_schedule_date` (
  `id` int(10) UNSIGNED NOT NULL,
  `bus_schedule_id` int(10) UNSIGNED NOT NULL,
  `entry_date` date NOT NULL,
  `created_by` varchar(200) NOT NULL,
  `created_at` datetime NOT NULL,
  `updated_at` datetime NOT NULL,
  `status` int(11) NOT NULL
) ENGINE=InnoDB DEFAULT CHARSET=latin1;

--
-- Dumping data for table `bus_schedule_date`
--

INSERT INTO `bus_schedule_date` (`id`, `bus_schedule_id`, `entry_date`, `created_by`, `created_at`, `updated_at`, `status`) VALUES
(1, 1, '2021-08-30', 'Admin', '2021-08-30 13:09:05', '2021-08-30 13:09:05', 1),
(2, 1, '2021-08-31', 'Admin', '2021-08-30 13:09:05', '2021-08-30 13:09:05', 1),
(3, 1, '2021-09-01', 'Admin', '2021-08-30 13:09:05', '2021-08-30 13:09:05', 1),
(4, 1, '2021-09-02', 'Admin', '2021-08-30 13:09:05', '2021-08-30 13:09:05', 1),
(5, 1, '2021-09-03', 'Admin', '2021-08-30 13:09:05', '2021-08-30 13:09:05', 1),
(6, 1, '2021-09-04', 'Admin', '2021-08-30 13:09:05', '2021-08-30 13:09:05', 1),
(7, 1, '2021-09-05', 'Admin', '2021-08-30 13:09:05', '2021-08-30 13:09:05', 1),
(8, 1, '2021-09-06', 'Admin', '2021-08-30 13:09:05', '2021-08-30 13:09:05', 1),
(9, 1, '2021-09-07', 'Admin', '2021-08-30 13:09:05', '2021-08-30 13:09:05', 1),
(10, 1, '2021-09-08', 'Admin', '2021-08-30 13:09:05', '2021-08-30 13:09:05', 1),
(11, 1, '2021-09-09', 'Admin', '2021-08-30 13:09:05', '2021-08-30 13:09:05', 1),
(12, 1, '2021-09-10', 'Admin', '2021-08-30 13:09:05', '2021-08-30 13:09:05', 1),
(13, 1, '2021-09-11', 'Admin', '2021-08-30 13:09:05', '2021-08-30 13:09:05', 1),
(14, 1, '2021-09-12', 'Admin', '2021-08-30 13:09:05', '2021-08-30 13:09:05', 1),
(15, 1, '2021-09-13', 'Admin', '2021-08-30 13:09:05', '2021-08-30 13:09:05', 1),
(16, 1, '2021-09-14', 'Admin', '2021-08-30 13:09:05', '2021-08-30 13:09:05', 1),
(17, 1, '2021-09-15', 'Admin', '2021-08-30 13:09:05', '2021-08-30 13:09:05', 1),
(18, 1, '2021-09-16', 'Admin', '2021-08-30 13:09:05', '2021-08-30 13:09:05', 1),
(19, 1, '2021-09-17', 'Admin', '2021-08-30 13:09:05', '2021-08-30 13:09:05', 1),
(20, 1, '2021-09-18', 'Admin', '2021-08-30 13:09:05', '2021-08-30 13:09:05', 1),
(21, 1, '2021-09-19', 'Admin', '2021-08-30 13:09:05', '2021-08-30 13:09:05', 1),
(22, 1, '2021-09-20', 'Admin', '2021-08-30 13:09:05', '2021-08-30 13:09:05', 1),
(23, 1, '2021-09-21', 'Admin', '2021-08-30 13:09:05', '2021-08-30 13:09:05', 1),
(24, 1, '2021-09-22', 'Admin', '2021-08-30 13:09:05', '2021-08-30 13:09:05', 1),
(25, 1, '2021-09-23', 'Admin', '2021-08-30 13:09:05', '2021-08-30 13:09:05', 1),
(26, 1, '2021-09-24', 'Admin', '2021-08-30 13:09:05', '2021-08-30 13:09:05', 1),
(27, 1, '2021-09-25', 'Admin', '2021-08-30 13:09:05', '2021-08-30 13:09:05', 1),
(28, 1, '2021-09-26', 'Admin', '2021-08-30 13:09:05', '2021-08-30 13:09:05', 1),
(29, 1, '2021-09-27', 'Admin', '2021-08-30 13:09:05', '2021-08-30 13:09:05', 1),
(30, 1, '2021-09-28', 'Admin', '2021-08-30 13:09:05', '2021-08-30 13:09:05', 1),
(31, 2, '2021-09-11', 'Admin', '2021-09-11 09:33:06', '2021-09-11 09:33:06', 1),
(32, 2, '2021-09-12', 'Admin', '2021-09-11 09:33:06', '2021-09-11 09:33:06', 1),
(33, 2, '2021-09-13', 'Admin', '2021-09-11 09:33:06', '2021-09-11 09:33:06', 1),
(34, 2, '2021-09-14', 'Admin', '2021-09-11 09:33:06', '2021-09-11 09:33:06', 1),
(35, 2, '2021-09-15', 'Admin', '2021-09-11 09:33:06', '2021-09-11 09:33:06', 1),
(36, 2, '2021-09-16', 'Admin', '2021-09-11 09:33:06', '2021-09-11 09:33:06', 1),
(37, 2, '2021-09-17', 'Admin', '2021-09-11 09:33:06', '2021-09-11 09:33:06', 1),
(38, 2, '2021-09-18', 'Admin', '2021-09-11 09:33:06', '2021-09-11 09:33:06', 1),
(39, 2, '2021-09-19', 'Admin', '2021-09-11 09:33:06', '2021-09-11 09:33:06', 1),
(40, 2, '2021-09-20', 'Admin', '2021-09-11 09:33:06', '2021-09-11 09:33:06', 1),
(41, 2, '2021-09-21', 'Admin', '2021-09-11 09:33:06', '2021-09-11 09:33:06', 1),
(42, 2, '2021-09-22', 'Admin', '2021-09-11 09:33:06', '2021-09-11 09:33:06', 1),
(43, 2, '2021-09-23', 'Admin', '2021-09-11 09:33:06', '2021-09-11 09:33:06', 1),
(44, 2, '2021-09-24', 'Admin', '2021-09-11 09:33:06', '2021-09-11 09:33:06', 1),
(45, 2, '2021-09-25', 'Admin', '2021-09-11 09:33:06', '2021-09-11 09:33:06', 1),
(46, 2, '2021-09-26', 'Admin', '2021-09-11 09:33:06', '2021-09-11 09:33:06', 1),
(47, 2, '2021-09-27', 'Admin', '2021-09-11 09:33:06', '2021-09-11 09:33:06', 1),
(48, 2, '2021-09-28', 'Admin', '2021-09-11 09:33:06', '2021-09-11 09:33:06', 1),
(49, 2, '2021-09-29', 'Admin', '2021-09-11 09:33:06', '2021-09-11 09:33:06', 1),
(50, 2, '2021-09-30', 'Admin', '2021-09-11 09:33:06', '2021-09-11 09:33:06', 1),
(51, 2, '2021-10-01', 'Admin', '2021-09-11 09:33:06', '2021-09-11 09:33:06', 1),
(52, 2, '2021-10-02', 'Admin', '2021-09-11 09:33:06', '2021-09-11 09:33:06', 1),
(53, 2, '2021-10-03', 'Admin', '2021-09-11 09:33:06', '2021-09-11 09:33:06', 1),
(54, 2, '2021-10-04', 'Admin', '2021-09-11 09:33:06', '2021-09-11 09:33:06', 1),
(55, 2, '2021-10-05', 'Admin', '2021-09-11 09:33:06', '2021-09-11 09:33:06', 1),
(56, 2, '2021-10-06', 'Admin', '2021-09-11 09:33:06', '2021-09-11 09:33:06', 1),
(57, 2, '2021-10-07', 'Admin', '2021-09-11 09:33:06', '2021-09-11 09:33:06', 1),
(58, 2, '2021-10-08', 'Admin', '2021-09-11 09:33:06', '2021-09-11 09:33:06', 1),
(59, 2, '2021-10-09', 'Admin', '2021-09-11 09:33:06', '2021-09-11 09:33:06', 1),
(60, 2, '2021-10-10', 'Admin', '2021-09-11 09:33:06', '2021-09-11 09:33:06', 1),
(61, 3, '2021-09-15', 'Admin', '2021-09-15 07:45:48', '2021-09-15 07:45:48', 1),
(62, 3, '2021-09-17', 'Admin', '2021-09-15 07:45:48', '2021-09-15 07:45:48', 1),
(63, 3, '2021-09-19', 'Admin', '2021-09-15 07:45:48', '2021-09-15 07:45:48', 1),
(64, 3, '2021-09-21', 'Admin', '2021-09-15 07:45:48', '2021-09-15 07:45:48', 1),
(65, 3, '2021-09-23', 'Admin', '2021-09-15 07:45:48', '2021-09-15 07:45:48', 1),
(66, 3, '2021-09-25', 'Admin', '2021-09-15 07:45:48', '2021-09-15 07:45:48', 1),
(67, 3, '2021-09-27', 'Admin', '2021-09-15 07:45:48', '2021-09-15 07:45:48', 1),
(68, 3, '2021-09-29', 'Admin', '2021-09-15 07:45:48', '2021-09-15 07:45:48', 1),
(69, 3, '2021-10-01', 'Admin', '2021-09-15 07:45:48', '2021-09-15 07:45:48', 1),
(70, 3, '2021-10-03', 'Admin', '2021-09-15 07:45:48', '2021-09-15 07:45:48', 1),
(71, 3, '2021-10-05', 'Admin', '2021-09-15 07:45:48', '2021-09-15 07:45:48', 1),
(72, 3, '2021-10-07', 'Admin', '2021-09-15 07:45:48', '2021-09-15 07:45:48', 1),
(73, 3, '2021-10-09', 'Admin', '2021-09-15 07:45:48', '2021-09-15 07:45:48', 1),
(74, 3, '2021-10-11', 'Admin', '2021-09-15 07:45:48', '2021-09-15 07:45:48', 1),
(75, 3, '2021-10-13', 'Admin', '2021-09-15 07:45:48', '2021-09-15 07:45:48', 1),
(76, 3, '2021-10-15', 'Admin', '2021-09-15 07:45:48', '2021-09-15 07:45:48', 1),
(77, 3, '2021-10-17', 'Admin', '2021-09-15 07:45:48', '2021-09-15 07:45:48', 1),
(78, 3, '2021-10-19', 'Admin', '2021-09-15 07:45:48', '2021-09-15 07:45:48', 1),
(79, 3, '2021-10-21', 'Admin', '2021-09-15 07:45:48', '2021-09-15 07:45:48', 1),
(80, 3, '2021-10-23', 'Admin', '2021-09-15 07:45:48', '2021-09-15 07:45:48', 1),
(81, 3, '2021-10-25', 'Admin', '2021-09-15 07:45:48', '2021-09-15 07:45:48', 1),
(82, 3, '2021-10-27', 'Admin', '2021-09-15 07:45:48', '2021-09-15 07:45:48', 1),
(83, 3, '2021-10-29', 'Admin', '2021-09-15 07:45:48', '2021-09-15 07:45:48', 1),
(84, 3, '2021-10-31', 'Admin', '2021-09-15 07:45:48', '2021-09-15 07:45:48', 1),
(85, 3, '2021-11-02', 'Admin', '2021-09-15 07:45:48', '2021-09-15 07:45:48', 1),
(86, 3, '2021-11-04', 'Admin', '2021-09-15 07:45:48', '2021-09-15 07:45:48', 1),
(87, 3, '2021-11-06', 'Admin', '2021-09-15 07:45:48', '2021-09-15 07:45:48', 1),
(88, 3, '2021-11-08', 'Admin', '2021-09-15 07:45:48', '2021-09-15 07:45:48', 1),
(89, 3, '2021-11-10', 'Admin', '2021-09-15 07:45:48', '2021-09-15 07:45:48', 1),
(90, 3, '2021-11-12', 'Admin', '2021-09-15 07:45:48', '2021-09-15 07:45:48', 1);

-- --------------------------------------------------------

--
-- Table structure for table `bus_seats`
--

CREATE TABLE `bus_seats` (
  `id` int(10) UNSIGNED NOT NULL,
  `bus_id` int(10) UNSIGNED NOT NULL,
  `ticket_price_id` int(10) UNSIGNED NOT NULL,
  `seats_id` int(11) NOT NULL,
  `category` int(10) UNSIGNED NOT NULL COMMENT '0-odbus 1-conductor',
  `duration` varchar(10) NOT NULL DEFAULT '0' COMMENT 'if grater than 0 its additional seats/ sleepers in minutes THE  gap after which full seats will be given to odbus',
  `new_fare` double(8,2) NOT NULL DEFAULT 0.00,
  `created_at` datetime NOT NULL,
  `updated_at` datetime NOT NULL,
  `created_by` varchar(50) NOT NULL,
  `status` int(10) UNSIGNED NOT NULL DEFAULT 0
) ENGINE=InnoDB DEFAULT CHARSET=latin1;

--
-- Dumping data for table `bus_seats`
--

INSERT INTO `bus_seats` (`id`, `bus_id`, `ticket_price_id`, `seats_id`, `category`, `duration`, `new_fare`, `created_at`, `updated_at`, `created_by`, `status`) VALUES
(1, 3, 1, 31, 0, '0', 0.00, '2021-08-30 13:07:51', '2021-08-30 13:07:51', 'Admin', 0),
(2, 3, 1, 37, 0, '0', 0.00, '2021-08-30 13:07:51', '2021-08-30 13:07:51', 'Admin', 0),
(3, 3, 1, 43, 0, '0', 0.00, '2021-08-30 13:07:51', '2021-08-30 13:07:51', 'Admin', 0),
(4, 3, 1, 49, 0, '0', 0.00, '2021-08-30 13:07:51', '2021-08-30 13:07:51', 'Admin', 0),
(5, 3, 1, 55, 0, '0', 0.00, '2021-08-30 13:07:51', '2021-08-30 13:07:51', 'Admin', 0),
(6, 3, 1, 59, 0, '0', 0.00, '2021-08-30 13:07:51', '2021-08-30 13:07:51', 'Admin', 0),
(7, 3, 2, 31, 0, '0', 0.00, '2021-08-30 13:07:51', '2021-08-30 13:07:51', 'Admin', 0),
(8, 3, 2, 37, 0, '0', 0.00, '2021-08-30 13:07:51', '2021-08-30 13:07:51', 'Admin', 0),
(9, 3, 2, 43, 0, '0', 0.00, '2021-08-30 13:07:52', '2021-08-30 13:07:52', 'Admin', 0),
(10, 3, 2, 49, 0, '0', 0.00, '2021-08-30 13:07:52', '2021-08-30 13:07:52', 'Admin', 0),
(11, 3, 2, 55, 0, '0', 0.00, '2021-08-30 13:07:52', '2021-08-30 13:07:52', 'Admin', 0),
(12, 3, 2, 59, 0, '0', 0.00, '2021-08-30 13:07:52', '2021-08-30 13:07:52', 'Admin', 0),
(13, 3, 3, 31, 0, '0', 0.00, '2021-08-30 13:07:52', '2021-08-30 13:07:52', 'Admin', 0),
(14, 3, 3, 37, 0, '0', 0.00, '2021-08-30 13:07:52', '2021-08-30 13:07:52', 'Admin', 0),
(15, 3, 3, 43, 0, '0', 0.00, '2021-08-30 13:07:52', '2021-08-30 13:07:52', 'Admin', 0),
(16, 3, 3, 49, 0, '0', 0.00, '2021-08-30 13:07:52', '2021-08-30 13:07:52', 'Admin', 0),
(17, 3, 3, 55, 0, '0', 0.00, '2021-08-30 13:07:52', '2021-08-30 13:07:52', 'Admin', 0),
(18, 3, 3, 59, 0, '0', 0.00, '2021-08-30 13:07:52', '2021-08-30 13:07:52', 'Admin', 0),
(19, 3, 4, 31, 0, '0', 0.00, '2021-08-30 13:07:52', '2021-08-30 13:07:52', 'Admin', 0),
(20, 3, 4, 37, 0, '0', 0.00, '2021-08-30 13:07:52', '2021-08-30 13:07:52', 'Admin', 0),
(21, 3, 4, 43, 0, '0', 0.00, '2021-08-30 13:07:52', '2021-08-30 13:07:52', 'Admin', 0),
(22, 3, 4, 49, 0, '0', 0.00, '2021-08-30 13:07:52', '2021-08-30 13:07:52', 'Admin', 0),
(23, 3, 4, 55, 0, '0', 0.00, '2021-08-30 13:07:52', '2021-08-30 13:07:52', 'Admin', 0),
(24, 3, 4, 59, 0, '0', 0.00, '2021-08-30 13:07:52', '2021-08-30 13:07:52', 'Admin', 0),
(25, 4, 5, 33, 0, '0', 0.00, '2021-09-03 07:53:42', '2021-09-03 07:53:42', 'Admin', 0),
(26, 4, 5, 39, 0, '0', 0.00, '2021-09-03 07:53:42', '2021-09-03 07:53:42', 'Admin', 0),
(27, 4, 5, 51, 0, '0', 0.00, '2021-09-03 07:53:42', '2021-09-03 07:53:42', 'Admin', 0),
(28, 4, 5, 56, 0, '0', 0.00, '2021-09-03 07:53:42', '2021-09-03 07:53:42', 'Admin', 0),
(29, 4, 5, 57, 0, '0', 0.00, '2021-09-03 07:53:42', '2021-09-03 07:53:42', 'Admin', 0),
(30, 4, 6, 33, 0, '0', 0.00, '2021-09-03 07:53:42', '2021-09-03 07:53:42', 'Admin', 0),
(31, 4, 6, 39, 0, '0', 0.00, '2021-09-03 07:53:42', '2021-09-03 07:53:42', 'Admin', 0),
(32, 4, 6, 51, 0, '0', 0.00, '2021-09-03 07:53:42', '2021-09-03 07:53:42', 'Admin', 0),
(33, 4, 6, 56, 0, '0', 0.00, '2021-09-03 07:53:42', '2021-09-03 07:53:42', 'Admin', 0),
(34, 4, 6, 57, 0, '0', 0.00, '2021-09-03 07:53:42', '2021-09-03 07:53:42', 'Admin', 0),
(35, 5, 7, 37, 0, '0', 0.00, '2021-09-11 09:32:39', '2021-09-11 09:32:39', 'Admin', 0),
(36, 5, 7, 38, 0, '0', 0.00, '2021-09-11 09:32:39', '2021-09-11 09:32:39', 'Admin', 0),
(37, 5, 7, 39, 0, '0', 0.00, '2021-09-11 09:32:39', '2021-09-11 09:32:39', 'Admin', 0),
(38, 5, 7, 40, 0, '0', 0.00, '2021-09-11 09:32:39', '2021-09-11 09:32:39', 'Admin', 0),
(39, 5, 7, 43, 0, '0', 0.00, '2021-09-11 09:32:39', '2021-09-11 09:32:39', 'Admin', 0),
(40, 5, 7, 44, 0, '0', 0.00, '2021-09-11 09:32:39', '2021-09-11 09:32:39', 'Admin', 0),
(41, 5, 7, 45, 0, '0', 0.00, '2021-09-11 09:32:39', '2021-09-11 09:32:39', 'Admin', 0),
(42, 5, 7, 46, 0, '0', 0.00, '2021-09-11 09:32:39', '2021-09-11 09:32:39', 'Admin', 0),
(43, 5, 7, 55, 0, '0', 0.00, '2021-09-11 09:32:39', '2021-09-11 09:32:39', 'Admin', 0),
(44, 5, 7, 56, 0, '0', 0.00, '2021-09-11 09:32:39', '2021-09-11 09:32:39', 'Admin', 0),
(45, 5, 7, 59, 0, '0', 0.00, '2021-09-11 09:32:39', '2021-09-11 09:32:39', 'Admin', 0),
(46, 5, 7, 60, 0, '0', 0.00, '2021-09-11 09:32:39', '2021-09-11 09:32:39', 'Admin', 0),
(47, 5, 8, 37, 0, '0', 0.00, '2021-09-11 09:32:39', '2021-09-11 09:32:39', 'Admin', 0),
(48, 5, 8, 38, 0, '0', 0.00, '2021-09-11 09:32:39', '2021-09-11 09:32:39', 'Admin', 0),
(49, 5, 8, 39, 0, '0', 0.00, '2021-09-11 09:32:39', '2021-09-11 09:32:39', 'Admin', 0),
(50, 5, 8, 40, 0, '0', 0.00, '2021-09-11 09:32:39', '2021-09-11 09:32:39', 'Admin', 0),
(51, 5, 8, 43, 0, '0', 0.00, '2021-09-11 09:32:39', '2021-09-11 09:32:39', 'Admin', 0),
(52, 5, 8, 44, 0, '0', 0.00, '2021-09-11 09:32:39', '2021-09-11 09:32:39', 'Admin', 0),
(53, 5, 8, 45, 0, '0', 0.00, '2021-09-11 09:32:39', '2021-09-11 09:32:39', 'Admin', 0),
(54, 5, 8, 46, 0, '0', 0.00, '2021-09-11 09:32:39', '2021-09-11 09:32:39', 'Admin', 0),
(55, 5, 8, 55, 0, '0', 0.00, '2021-09-11 09:32:39', '2021-09-11 09:32:39', 'Admin', 0),
(56, 5, 8, 56, 0, '0', 0.00, '2021-09-11 09:32:39', '2021-09-11 09:32:39', 'Admin', 0),
(57, 5, 8, 59, 0, '0', 0.00, '2021-09-11 09:32:39', '2021-09-11 09:32:39', 'Admin', 0),
(58, 5, 8, 60, 0, '0', 0.00, '2021-09-11 09:32:39', '2021-09-11 09:32:39', 'Admin', 0),
(59, 5, 9, 37, 0, '0', 0.00, '2021-09-11 09:32:39', '2021-09-11 09:32:39', 'Admin', 0),
(60, 5, 9, 38, 0, '0', 0.00, '2021-09-11 09:32:39', '2021-09-11 09:32:39', 'Admin', 0),
(61, 5, 9, 39, 0, '0', 0.00, '2021-09-11 09:32:39', '2021-09-11 09:32:39', 'Admin', 0),
(62, 5, 9, 40, 0, '0', 0.00, '2021-09-11 09:32:39', '2021-09-11 09:32:39', 'Admin', 0),
(63, 5, 9, 43, 0, '0', 0.00, '2021-09-11 09:32:39', '2021-09-11 09:32:39', 'Admin', 0),
(64, 5, 9, 44, 0, '0', 0.00, '2021-09-11 09:32:39', '2021-09-11 09:32:39', 'Admin', 0),
(65, 5, 9, 45, 0, '0', 0.00, '2021-09-11 09:32:39', '2021-09-11 09:32:39', 'Admin', 0),
(66, 5, 9, 46, 0, '0', 0.00, '2021-09-11 09:32:39', '2021-09-11 09:32:39', 'Admin', 0),
(67, 5, 9, 55, 0, '0', 0.00, '2021-09-11 09:32:39', '2021-09-11 09:32:39', 'Admin', 0),
(68, 5, 9, 56, 0, '0', 0.00, '2021-09-11 09:32:39', '2021-09-11 09:32:39', 'Admin', 0),
(69, 5, 9, 59, 0, '0', 0.00, '2021-09-11 09:32:39', '2021-09-11 09:32:39', 'Admin', 0),
(70, 5, 9, 60, 0, '0', 0.00, '2021-09-11 09:32:39', '2021-09-11 09:32:39', 'Admin', 0),
(71, 6, 10, 31, 0, '0', 0.00, '2021-09-11 09:38:04', '2021-09-11 09:38:04', 'Admin', 0),
(72, 6, 10, 32, 0, '0', 0.00, '2021-09-11 09:38:04', '2021-09-11 09:38:04', 'Admin', 0),
(73, 6, 10, 37, 0, '0', 0.00, '2021-09-11 09:38:04', '2021-09-11 09:38:04', 'Admin', 0),
(74, 6, 10, 38, 0, '0', 0.00, '2021-09-11 09:38:04', '2021-09-11 09:38:04', 'Admin', 0),
(75, 6, 10, 45, 0, '0', 0.00, '2021-09-11 09:38:04', '2021-09-11 09:38:04', 'Admin', 0),
(76, 6, 10, 51, 0, '0', 0.00, '2021-09-11 09:38:04', '2021-09-11 09:38:04', 'Admin', 0),
(77, 6, 10, 55, 0, '0', 0.00, '2021-09-11 09:38:04', '2021-09-11 09:38:04', 'Admin', 0),
(78, 6, 10, 56, 0, '0', 0.00, '2021-09-11 09:38:04', '2021-09-11 09:38:04', 'Admin', 0),
(79, 6, 11, 31, 0, '0', 0.00, '2021-09-11 09:38:04', '2021-09-11 09:38:04', 'Admin', 0),
(80, 6, 11, 32, 0, '0', 0.00, '2021-09-11 09:38:04', '2021-09-11 09:38:04', 'Admin', 0),
(81, 6, 11, 37, 0, '0', 0.00, '2021-09-11 09:38:04', '2021-09-11 09:38:04', 'Admin', 0),
(82, 6, 11, 38, 0, '0', 0.00, '2021-09-11 09:38:04', '2021-09-11 09:38:04', 'Admin', 0),
(83, 6, 11, 45, 0, '0', 0.00, '2021-09-11 09:38:04', '2021-09-11 09:38:04', 'Admin', 0),
(84, 6, 11, 51, 0, '0', 0.00, '2021-09-11 09:38:04', '2021-09-11 09:38:04', 'Admin', 0),
(85, 6, 11, 55, 0, '0', 0.00, '2021-09-11 09:38:04', '2021-09-11 09:38:04', 'Admin', 0),
(86, 6, 11, 56, 0, '0', 0.00, '2021-09-11 09:38:04', '2021-09-11 09:38:04', 'Admin', 0),
(87, 7, 12, 146, 0, '0', 0.00, '2021-09-15 07:44:48', '2021-09-15 07:44:48', 'Admin', 0),
(88, 7, 12, 147, 0, '0', 0.00, '2021-09-15 07:44:48', '2021-09-15 07:44:48', 'Admin', 0),
(89, 7, 12, 149, 0, '0', 0.00, '2021-09-15 07:44:48', '2021-09-15 07:44:48', 'Admin', 0),
(90, 7, 12, 150, 0, '0', 0.00, '2021-09-15 07:44:48', '2021-09-15 07:44:48', 'Admin', 0),
(91, 7, 12, 151, 0, '0', 0.00, '2021-09-15 07:44:48', '2021-09-15 07:44:48', 'Admin', 0),
(92, 7, 12, 153, 0, '0', 0.00, '2021-09-15 07:44:48', '2021-09-15 07:44:48', 'Admin', 0),
(93, 7, 12, 154, 0, '0', 0.00, '2021-09-15 07:44:48', '2021-09-15 07:44:48', 'Admin', 0),
(94, 7, 12, 155, 0, '0', 0.00, '2021-09-15 07:44:48', '2021-09-15 07:44:48', 'Admin', 0),
(95, 7, 12, 157, 0, '0', 0.00, '2021-09-15 07:44:48', '2021-09-15 07:44:48', 'Admin', 0),
(96, 7, 12, 158, 0, '0', 0.00, '2021-09-15 07:44:48', '2021-09-15 07:44:48', 'Admin', 0),
(97, 7, 12, 159, 0, '0', 0.00, '2021-09-15 07:44:48', '2021-09-15 07:44:48', 'Admin', 0),
(98, 7, 12, 161, 0, '0', 0.00, '2021-09-15 07:44:48', '2021-09-15 07:44:48', 'Admin', 0),
(99, 7, 12, 169, 0, '0', 0.00, '2021-09-15 07:44:48', '2021-09-15 07:44:48', 'Admin', 0),
(100, 7, 12, 170, 0, '0', 0.00, '2021-09-15 07:44:48', '2021-09-15 07:44:48', 'Admin', 0),
(101, 7, 12, 171, 0, '0', 0.00, '2021-09-15 07:44:48', '2021-09-15 07:44:48', 'Admin', 0),
(102, 7, 12, 174, 0, '0', 0.00, '2021-09-15 07:44:48', '2021-09-15 07:44:48', 'Admin', 0),
(103, 7, 12, 177, 0, '0', 0.00, '2021-09-15 07:44:48', '2021-09-15 07:44:48', 'Admin', 0),
(104, 7, 13, 146, 0, '0', 0.00, '2021-09-15 07:44:48', '2021-09-15 07:44:48', 'Admin', 0),
(105, 7, 13, 147, 0, '0', 0.00, '2021-09-15 07:44:48', '2021-09-15 07:44:48', 'Admin', 0),
(106, 7, 13, 149, 0, '0', 0.00, '2021-09-15 07:44:48', '2021-09-15 07:44:48', 'Admin', 0),
(107, 7, 13, 150, 0, '0', 0.00, '2021-09-15 07:44:48', '2021-09-15 07:44:48', 'Admin', 0),
(108, 7, 13, 151, 0, '0', 0.00, '2021-09-15 07:44:48', '2021-09-15 07:44:48', 'Admin', 0),
(109, 7, 13, 153, 0, '0', 0.00, '2021-09-15 07:44:48', '2021-09-15 07:44:48', 'Admin', 0),
(110, 7, 13, 154, 0, '0', 0.00, '2021-09-15 07:44:48', '2021-09-15 07:44:48', 'Admin', 0),
(111, 7, 13, 155, 0, '0', 0.00, '2021-09-15 07:44:48', '2021-09-15 07:44:48', 'Admin', 0),
(112, 7, 13, 157, 0, '0', 0.00, '2021-09-15 07:44:48', '2021-09-15 07:44:48', 'Admin', 0),
(113, 7, 13, 158, 0, '0', 0.00, '2021-09-15 07:44:48', '2021-09-15 07:44:48', 'Admin', 0),
(114, 7, 13, 159, 0, '0', 0.00, '2021-09-15 07:44:48', '2021-09-15 07:44:48', 'Admin', 0),
(115, 7, 13, 161, 0, '0', 0.00, '2021-09-15 07:44:48', '2021-09-15 07:44:48', 'Admin', 0),
(116, 7, 13, 169, 0, '0', 0.00, '2021-09-15 07:44:48', '2021-09-15 07:44:48', 'Admin', 0),
(117, 7, 13, 170, 0, '0', 0.00, '2021-09-15 07:44:48', '2021-09-15 07:44:48', 'Admin', 0),
(118, 7, 13, 171, 0, '0', 0.00, '2021-09-15 07:44:48', '2021-09-15 07:44:48', 'Admin', 0),
(119, 7, 13, 174, 0, '0', 0.00, '2021-09-15 07:44:48', '2021-09-15 07:44:48', 'Admin', 0),
(120, 7, 13, 177, 0, '0', 0.00, '2021-09-15 07:44:48', '2021-09-15 07:44:48', 'Admin', 0),
(121, 7, 14, 146, 0, '0', 0.00, '2021-09-15 07:44:48', '2021-09-15 07:44:48', 'Admin', 0),
(122, 7, 14, 147, 0, '0', 0.00, '2021-09-15 07:44:48', '2021-09-15 07:44:48', 'Admin', 0),
(123, 7, 14, 149, 0, '0', 0.00, '2021-09-15 07:44:48', '2021-09-15 07:44:48', 'Admin', 0),
(124, 7, 14, 150, 0, '0', 0.00, '2021-09-15 07:44:48', '2021-09-15 07:44:48', 'Admin', 0),
(125, 7, 14, 151, 0, '0', 0.00, '2021-09-15 07:44:48', '2021-09-15 07:44:48', 'Admin', 0),
(126, 7, 14, 153, 0, '0', 0.00, '2021-09-15 07:44:48', '2021-09-15 07:44:48', 'Admin', 0),
(127, 7, 14, 154, 0, '0', 0.00, '2021-09-15 07:44:48', '2021-09-15 07:44:48', 'Admin', 0),
(128, 7, 14, 155, 0, '0', 0.00, '2021-09-15 07:44:48', '2021-09-15 07:44:48', 'Admin', 0),
(129, 7, 14, 157, 0, '0', 0.00, '2021-09-15 07:44:48', '2021-09-15 07:44:48', 'Admin', 0),
(130, 7, 14, 158, 0, '0', 0.00, '2021-09-15 07:44:48', '2021-09-15 07:44:48', 'Admin', 0),
(131, 7, 14, 159, 0, '0', 0.00, '2021-09-15 07:44:48', '2021-09-15 07:44:48', 'Admin', 0),
(132, 7, 14, 161, 0, '0', 0.00, '2021-09-15 07:44:48', '2021-09-15 07:44:48', 'Admin', 0),
(133, 7, 14, 169, 0, '0', 0.00, '2021-09-15 07:44:48', '2021-09-15 07:44:48', 'Admin', 0),
(134, 7, 14, 170, 0, '0', 0.00, '2021-09-15 07:44:48', '2021-09-15 07:44:48', 'Admin', 0),
(135, 7, 14, 171, 0, '0', 0.00, '2021-09-15 07:44:48', '2021-09-15 07:44:48', 'Admin', 0),
(136, 7, 14, 174, 0, '0', 0.00, '2021-09-15 07:44:48', '2021-09-15 07:44:48', 'Admin', 0),
(137, 7, 14, 177, 0, '0', 0.00, '2021-09-15 07:44:48', '2021-09-15 07:44:48', 'Admin', 0),
(138, 7, 15, 146, 0, '0', 0.00, '2021-09-15 07:44:48', '2021-09-15 07:44:48', 'Admin', 0),
(139, 7, 15, 147, 0, '0', 0.00, '2021-09-15 07:44:48', '2021-09-15 07:44:48', 'Admin', 0),
(140, 7, 15, 149, 0, '0', 0.00, '2021-09-15 07:44:48', '2021-09-15 07:44:48', 'Admin', 0),
(141, 7, 15, 150, 0, '0', 0.00, '2021-09-15 07:44:48', '2021-09-15 07:44:48', 'Admin', 0),
(142, 7, 15, 151, 0, '0', 0.00, '2021-09-15 07:44:48', '2021-09-15 07:44:48', 'Admin', 0),
(143, 7, 15, 153, 0, '0', 0.00, '2021-09-15 07:44:48', '2021-09-15 07:44:48', 'Admin', 0),
(144, 7, 15, 154, 0, '0', 0.00, '2021-09-15 07:44:48', '2021-09-15 07:44:48', 'Admin', 0),
(145, 7, 15, 155, 0, '0', 0.00, '2021-09-15 07:44:48', '2021-09-15 07:44:48', 'Admin', 0),
(146, 7, 15, 157, 0, '0', 0.00, '2021-09-15 07:44:48', '2021-09-15 07:44:48', 'Admin', 0),
(147, 7, 15, 158, 0, '0', 0.00, '2021-09-15 07:44:48', '2021-09-15 07:44:48', 'Admin', 0),
(148, 7, 15, 159, 0, '0', 0.00, '2021-09-15 07:44:48', '2021-09-15 07:44:48', 'Admin', 0),
(149, 7, 15, 161, 0, '0', 0.00, '2021-09-15 07:44:48', '2021-09-15 07:44:48', 'Admin', 0),
(150, 7, 15, 169, 0, '0', 0.00, '2021-09-15 07:44:48', '2021-09-15 07:44:48', 'Admin', 0),
(151, 7, 15, 170, 0, '0', 0.00, '2021-09-15 07:44:48', '2021-09-15 07:44:48', 'Admin', 0),
(152, 7, 15, 171, 0, '0', 0.00, '2021-09-15 07:44:48', '2021-09-15 07:44:48', 'Admin', 0),
(153, 7, 15, 174, 0, '0', 0.00, '2021-09-15 07:44:48', '2021-09-15 07:44:48', 'Admin', 0),
(154, 7, 15, 177, 0, '0', 0.00, '2021-09-15 07:44:48', '2021-09-15 07:44:48', 'Admin', 0),
(155, 7, 16, 146, 0, '0', 0.00, '2021-09-15 07:44:48', '2021-09-15 07:44:48', 'Admin', 0),
(156, 7, 16, 147, 0, '0', 0.00, '2021-09-15 07:44:48', '2021-09-15 07:44:48', 'Admin', 0),
(157, 7, 16, 149, 0, '0', 0.00, '2021-09-15 07:44:48', '2021-09-15 07:44:48', 'Admin', 0),
(158, 7, 16, 150, 0, '0', 0.00, '2021-09-15 07:44:48', '2021-09-15 07:44:48', 'Admin', 0),
(159, 7, 16, 151, 0, '0', 0.00, '2021-09-15 07:44:48', '2021-09-15 07:44:48', 'Admin', 0),
(160, 7, 16, 153, 0, '0', 0.00, '2021-09-15 07:44:48', '2021-09-15 07:44:48', 'Admin', 0),
(161, 7, 16, 154, 0, '0', 0.00, '2021-09-15 07:44:48', '2021-09-15 07:44:48', 'Admin', 0),
(162, 7, 16, 155, 0, '0', 0.00, '2021-09-15 07:44:48', '2021-09-15 07:44:48', 'Admin', 0),
(163, 7, 16, 157, 0, '0', 0.00, '2021-09-15 07:44:48', '2021-09-15 07:44:48', 'Admin', 0),
(164, 7, 16, 158, 0, '0', 0.00, '2021-09-15 07:44:48', '2021-09-15 07:44:48', 'Admin', 0),
(165, 7, 16, 159, 0, '0', 0.00, '2021-09-15 07:44:48', '2021-09-15 07:44:48', 'Admin', 0),
(166, 7, 16, 161, 0, '0', 0.00, '2021-09-15 07:44:48', '2021-09-15 07:44:48', 'Admin', 0),
(167, 7, 16, 169, 0, '0', 0.00, '2021-09-15 07:44:48', '2021-09-15 07:44:48', 'Admin', 0),
(168, 7, 16, 170, 0, '0', 0.00, '2021-09-15 07:44:48', '2021-09-15 07:44:48', 'Admin', 0),
(169, 7, 16, 171, 0, '0', 0.00, '2021-09-15 07:44:48', '2021-09-15 07:44:48', 'Admin', 0),
(170, 7, 16, 174, 0, '0', 0.00, '2021-09-15 07:44:48', '2021-09-15 07:44:48', 'Admin', 0),
(171, 7, 16, 177, 0, '0', 0.00, '2021-09-15 07:44:48', '2021-09-15 07:44:48', 'Admin', 0),
(172, 7, 17, 146, 0, '0', 0.00, '2021-09-15 07:44:48', '2021-09-15 07:44:48', 'Admin', 0),
(173, 7, 17, 147, 0, '0', 0.00, '2021-09-15 07:44:48', '2021-09-15 07:44:48', 'Admin', 0),
(174, 7, 17, 149, 0, '0', 0.00, '2021-09-15 07:44:48', '2021-09-15 07:44:48', 'Admin', 0),
(175, 7, 17, 150, 0, '0', 0.00, '2021-09-15 07:44:48', '2021-09-15 07:44:48', 'Admin', 0),
(176, 7, 17, 151, 0, '0', 0.00, '2021-09-15 07:44:48', '2021-09-15 07:44:48', 'Admin', 0),
(177, 7, 17, 153, 0, '0', 0.00, '2021-09-15 07:44:48', '2021-09-15 07:44:48', 'Admin', 0),
(178, 7, 17, 154, 0, '0', 0.00, '2021-09-15 07:44:48', '2021-09-15 07:44:48', 'Admin', 0),
(179, 7, 17, 155, 0, '0', 0.00, '2021-09-15 07:44:48', '2021-09-15 07:44:48', 'Admin', 0),
(180, 7, 17, 157, 0, '0', 0.00, '2021-09-15 07:44:48', '2021-09-15 07:44:48', 'Admin', 0),
(181, 7, 17, 158, 0, '0', 0.00, '2021-09-15 07:44:48', '2021-09-15 07:44:48', 'Admin', 0),
(182, 7, 17, 159, 0, '0', 0.00, '2021-09-15 07:44:48', '2021-09-15 07:44:48', 'Admin', 0),
(183, 7, 17, 161, 0, '0', 0.00, '2021-09-15 07:44:48', '2021-09-15 07:44:48', 'Admin', 0),
(184, 7, 17, 169, 0, '0', 0.00, '2021-09-15 07:44:48', '2021-09-15 07:44:48', 'Admin', 0),
(185, 7, 17, 170, 0, '0', 0.00, '2021-09-15 07:44:48', '2021-09-15 07:44:48', 'Admin', 0),
(186, 7, 17, 171, 0, '0', 0.00, '2021-09-15 07:44:48', '2021-09-15 07:44:48', 'Admin', 0),
(187, 7, 17, 174, 0, '0', 0.00, '2021-09-15 07:44:48', '2021-09-15 07:44:48', 'Admin', 0),
(188, 7, 17, 177, 0, '0', 0.00, '2021-09-15 07:44:48', '2021-09-15 07:44:48', 'Admin', 0),
(189, 7, 18, 146, 0, '0', 0.00, '2021-09-15 07:44:48', '2021-09-15 07:44:48', 'Admin', 0),
(190, 7, 18, 147, 0, '0', 0.00, '2021-09-15 07:44:48', '2021-09-15 07:44:48', 'Admin', 0),
(191, 7, 18, 149, 0, '0', 0.00, '2021-09-15 07:44:48', '2021-09-15 07:44:48', 'Admin', 0),
(192, 7, 18, 150, 0, '0', 0.00, '2021-09-15 07:44:48', '2021-09-15 07:44:48', 'Admin', 0),
(193, 7, 18, 151, 0, '0', 0.00, '2021-09-15 07:44:48', '2021-09-15 07:44:48', 'Admin', 0),
(194, 7, 18, 153, 0, '0', 0.00, '2021-09-15 07:44:48', '2021-09-15 07:44:48', 'Admin', 0),
(195, 7, 18, 154, 0, '0', 0.00, '2021-09-15 07:44:48', '2021-09-15 07:44:48', 'Admin', 0),
(196, 7, 18, 155, 0, '0', 0.00, '2021-09-15 07:44:48', '2021-09-15 07:44:48', 'Admin', 0),
(197, 7, 18, 157, 0, '0', 0.00, '2021-09-15 07:44:48', '2021-09-15 07:44:48', 'Admin', 0),
(198, 7, 18, 158, 0, '0', 0.00, '2021-09-15 07:44:48', '2021-09-15 07:44:48', 'Admin', 0),
(199, 7, 18, 159, 0, '0', 0.00, '2021-09-15 07:44:48', '2021-09-15 07:44:48', 'Admin', 0),
(200, 7, 18, 161, 0, '0', 0.00, '2021-09-15 07:44:48', '2021-09-15 07:44:48', 'Admin', 0),
(201, 7, 18, 169, 0, '0', 0.00, '2021-09-15 07:44:48', '2021-09-15 07:44:48', 'Admin', 0),
(202, 7, 18, 170, 0, '0', 0.00, '2021-09-15 07:44:48', '2021-09-15 07:44:48', 'Admin', 0),
(203, 7, 18, 171, 0, '0', 0.00, '2021-09-15 07:44:48', '2021-09-15 07:44:48', 'Admin', 0),
(204, 7, 18, 174, 0, '0', 0.00, '2021-09-15 07:44:48', '2021-09-15 07:44:48', 'Admin', 0),
(205, 7, 18, 177, 0, '0', 0.00, '2021-09-15 07:44:48', '2021-09-15 07:44:48', 'Admin', 0),
(206, 7, 19, 146, 0, '0', 0.00, '2021-09-15 07:44:48', '2021-09-15 07:44:48', 'Admin', 0),
(207, 7, 19, 147, 0, '0', 0.00, '2021-09-15 07:44:48', '2021-09-15 07:44:48', 'Admin', 0),
(208, 7, 19, 149, 0, '0', 0.00, '2021-09-15 07:44:48', '2021-09-15 07:44:48', 'Admin', 0),
(209, 7, 19, 150, 0, '0', 0.00, '2021-09-15 07:44:48', '2021-09-15 07:44:48', 'Admin', 0),
(210, 7, 19, 151, 0, '0', 0.00, '2021-09-15 07:44:48', '2021-09-15 07:44:48', 'Admin', 0),
(211, 7, 19, 153, 0, '0', 0.00, '2021-09-15 07:44:48', '2021-09-15 07:44:48', 'Admin', 0),
(212, 7, 19, 154, 0, '0', 0.00, '2021-09-15 07:44:48', '2021-09-15 07:44:48', 'Admin', 0),
(213, 7, 19, 155, 0, '0', 0.00, '2021-09-15 07:44:48', '2021-09-15 07:44:48', 'Admin', 0),
(214, 7, 19, 157, 0, '0', 0.00, '2021-09-15 07:44:48', '2021-09-15 07:44:48', 'Admin', 0),
(215, 7, 19, 158, 0, '0', 0.00, '2021-09-15 07:44:48', '2021-09-15 07:44:48', 'Admin', 0),
(216, 7, 19, 159, 0, '0', 0.00, '2021-09-15 07:44:48', '2021-09-15 07:44:48', 'Admin', 0),
(217, 7, 19, 161, 0, '0', 0.00, '2021-09-15 07:44:48', '2021-09-15 07:44:48', 'Admin', 0),
(218, 7, 19, 169, 0, '0', 0.00, '2021-09-15 07:44:48', '2021-09-15 07:44:48', 'Admin', 0),
(219, 7, 19, 170, 0, '0', 0.00, '2021-09-15 07:44:48', '2021-09-15 07:44:48', 'Admin', 0),
(220, 7, 19, 171, 0, '0', 0.00, '2021-09-15 07:44:48', '2021-09-15 07:44:48', 'Admin', 0),
(221, 7, 19, 174, 0, '0', 0.00, '2021-09-15 07:44:48', '2021-09-15 07:44:48', 'Admin', 0),
(222, 7, 19, 177, 0, '0', 0.00, '2021-09-15 07:44:48', '2021-09-15 07:44:48', 'Admin', 0);

-- --------------------------------------------------------

--
-- Table structure for table `bus_seats_extra`
--

CREATE TABLE `bus_seats_extra` (
  `id` int(10) UNSIGNED NOT NULL,
  `bus_id` int(10) UNSIGNED NOT NULL,
  `journey_dt` date NOT NULL,
  `type` int(10) UNSIGNED NOT NULL COMMENT '1 - Block, 2 - Open',
  `seat_type` int(10) UNSIGNED NOT NULL COMMENT '0-seater 1-sleeper',
  `seat_number` varchar(10) NOT NULL,
  `created_at` datetime NOT NULL,
  `updated_at` datetime NOT NULL,
  `created_by` varchar(50) NOT NULL,
  `status` int(10) UNSIGNED NOT NULL DEFAULT 0
) ENGINE=InnoDB DEFAULT CHARSET=latin1;

-- --------------------------------------------------------

--
-- Table structure for table `bus_seat_layout`
--

CREATE TABLE `bus_seat_layout` (
  `id` int(10) UNSIGNED NOT NULL,
  `name` varchar(254) NOT NULL,
  `created_at` datetime NOT NULL,
  `updated_at` datetime NOT NULL,
  `created_by` varchar(50) NOT NULL,
  `status` int(10) UNSIGNED NOT NULL DEFAULT 0
) ENGINE=InnoDB DEFAULT CHARSET=latin1;

--
-- Dumping data for table `bus_seat_layout`
--

INSERT INTO `bus_seat_layout` (`id`, `name`, `created_at`, `updated_at`, `created_by`, `status`) VALUES
(4, '20 Seater', '2021-06-08 10:49:10', '2021-06-08 14:02:19', 'Admin', 1),
(6, '10 Sleepers', '2021-06-08 13:57:45', '2021-06-08 14:02:18', 'Admin', 1),
(7, '24 Seaters 8 Sleepers', '2021-06-08 14:00:34', '2021-06-08 14:02:16', 'Admin', 1),
(8, 'Demo Seats', '2021-06-24 13:49:22', '2021-06-24 14:24:51', 'Admin', 1),
(9, '2 Rows Seater22', '2021-06-30 12:23:46', '2021-06-30 12:36:00', 'Admin', 2),
(10, 'Demo 1001', '2021-06-30 12:36:22', '2021-06-30 12:36:48', 'Admin', 2),
(11, 'Traveller 25 Seater', '2021-07-17 07:15:41', '2021-07-17 07:15:47', 'Admin', 1);

-- --------------------------------------------------------

--
-- Table structure for table `bus_sitting`
--

CREATE TABLE `bus_sitting` (
  `id` int(10) UNSIGNED NOT NULL,
  `name` varchar(254) NOT NULL,
  `created_at` datetime NOT NULL,
  `updated_at` datetime NOT NULL,
  `created_by` varchar(50) NOT NULL,
  `status` int(10) UNSIGNED NOT NULL DEFAULT 0
) ENGINE=InnoDB DEFAULT CHARSET=latin1;

--
-- Dumping data for table `bus_sitting`
--

INSERT INTO `bus_sitting` (`id`, `name`, `created_at`, `updated_at`, `created_by`, `status`) VALUES
(1, '2+3', '2021-02-16 11:01:14', '2021-05-08 06:26:32', 'Admin', 1),
(2, 'sss', '2021-02-16 11:04:07', '2021-02-24 11:33:50', 'Admin', 1),
(3, '2+2', '2021-02-16 11:06:05', '2021-02-24 11:33:48', 'Admin', 1),
(4, '6+2', '2021-02-16 11:07:25', '2021-02-26 13:53:32', 'Admin', 1),
(5, '3/2', '2021-02-25 13:58:46', '2021-02-25 13:58:50', 'Admin', 1),
(6, '6+2+2', '2021-02-26 13:53:41', '2021-02-26 13:54:05', 'Admin', 2),
(7, '7-2', '2021-02-27 06:19:52', '2021-02-27 06:46:03', 'Admin', 2),
(8, '5+2+1', '2021-02-27 06:44:50', '2021-02-27 06:45:31', 'Admin', 2),
(9, '5+9', '2021-02-27 09:18:20', '2021-02-27 12:43:15', 'Admin', 2),
(10, '5+99', '2021-02-27 09:19:01', '2021-02-27 12:43:20', 'Admin', 2),
(11, 'New Demo 5/6', '2021-05-08 06:26:43', '2021-05-08 06:26:48', 'Admin', 1),
(12, 'Test21122', '2021-06-30 12:17:50', '2021-06-30 12:17:58', 'Admin', 0),
(13, '1+2', '2021-07-17 07:06:19', '2021-07-17 07:06:23', 'Admin', 1);

-- --------------------------------------------------------

--
-- Table structure for table `bus_slots`
--

CREATE TABLE `bus_slots` (
  `id` int(10) UNSIGNED NOT NULL,
  `bus_id` int(10) UNSIGNED NOT NULL,
  `name` varchar(254) NOT NULL,
  `type` int(11) NOT NULL DEFAULT 0 COMMENT '0- ODBUS    1- conductor ',
  `created_at` datetime NOT NULL,
  `updated_at` datetime NOT NULL,
  `created_by` varchar(50) NOT NULL,
  `status` int(10) UNSIGNED NOT NULL DEFAULT 0
) ENGINE=InnoDB DEFAULT CHARSET=latin1;

-- --------------------------------------------------------

--
-- Table structure for table `bus_special_fare`
--

CREATE TABLE `bus_special_fare` (
  `id` int(11) NOT NULL,
  `bus_id` int(10) UNSIGNED NOT NULL,
  `special_fare_id` int(10) UNSIGNED NOT NULL
) ENGINE=InnoDB DEFAULT CHARSET=latin1;

-- --------------------------------------------------------

--
-- Table structure for table `bus_stoppage_additional_fare`
--

CREATE TABLE `bus_stoppage_additional_fare` (
  `id` int(10) UNSIGNED NOT NULL,
  `ticket_price_id` int(10) UNSIGNED NOT NULL,
  `bus_seats_id` int(10) UNSIGNED NOT NULL,
  `additional_fare` double(8,2) UNSIGNED NOT NULL,
  `created_at` datetime NOT NULL,
  `updated_at` datetime NOT NULL,
  `created_by` varchar(50) NOT NULL,
  `status` int(10) UNSIGNED NOT NULL DEFAULT 0
) ENGINE=InnoDB DEFAULT CHARSET=latin1;

-- --------------------------------------------------------

--
-- Table structure for table `bus_stoppage_timing`
--

CREATE TABLE `bus_stoppage_timing` (
  `id` int(10) UNSIGNED NOT NULL,
  `bus_id` int(10) UNSIGNED NOT NULL,
  `location_id` int(10) UNSIGNED NOT NULL,
  `boarding_droping_id` int(11) NOT NULL,
  `stoppage_name` varchar(250) DEFAULT NULL,
  `stoppage_time` time NOT NULL,
  `created_at` datetime DEFAULT current_timestamp(),
  `updated_at` datetime DEFAULT current_timestamp(),
  `created_by` varchar(50) NOT NULL DEFAULT 'Admin',
  `status` int(10) UNSIGNED NOT NULL DEFAULT 0
) ENGINE=InnoDB DEFAULT CHARSET=latin1;

--
-- Dumping data for table `bus_stoppage_timing`
--

INSERT INTO `bus_stoppage_timing` (`id`, `bus_id`, `location_id`, `boarding_droping_id`, `stoppage_name`, `stoppage_time`, `created_at`, `updated_at`, `created_by`, `status`) VALUES
(1, 1, 1345, 9, 'Bus stand', '20:00:00', '2021-08-30 13:05:42', '2021-08-30 13:05:42', 'Admin', 0),
(2, 1, 1345, 10, 'Atharanala', '20:20:00', '2021-08-30 13:05:42', '2021-08-30 13:05:42', 'Admin', 0),
(3, 1, 1374, 34, 'Bus Stand', '01:00:00', '2021-08-30 13:05:42', '2021-08-30 13:05:42', 'Admin', 0),
(4, 3, 1345, 9, 'Bus stand', '20:00:00', '2021-08-30 13:07:51', '2021-08-30 13:07:51', 'Admin', 0),
(5, 3, 1345, 10, 'Atharanala', '20:20:00', '2021-08-30 13:07:51', '2021-08-30 13:07:51', 'Admin', 0),
(6, 3, 1374, 34, 'Bus Stand', '01:00:00', '2021-08-30 13:07:51', '2021-08-30 13:07:51', 'Admin', 0),
(7, 3, 1302, 40, 'Bus Stand', '04:00:00', '2021-08-30 13:07:51', '2021-08-30 13:07:51', 'Admin', 0),
(8, 3, 1304, 41, 'Bus stand', '09:00:00', '2021-08-30 13:07:51', '2021-08-30 13:07:51', 'Admin', 0),
(9, 4, 1291, 1, 'Bermunda', '20:00:00', '2021-09-03 07:53:42', '2021-09-03 07:53:42', 'Admin', 0),
(10, 4, 1291, 4, 'Palasuni', '21:00:00', '2021-09-03 07:53:42', '2021-09-03 07:53:42', 'Admin', 0),
(11, 4, 1292, 11, 'Badambadi', '22:00:00', '2021-09-03 07:53:42', '2021-09-03 07:53:42', 'Admin', 0),
(12, 4, 1292, 13, 'OMP', '22:15:00', '2021-09-03 07:53:42', '2021-09-03 07:53:42', 'Admin', 0),
(13, 4, 1802, 28, 'Nalco', '01:00:00', '2021-09-03 07:53:42', '2021-09-03 07:53:42', 'Admin', 0),
(14, 4, 1294, 5, 'Sambalpur Town', '05:00:00', '2021-09-03 07:53:42', '2021-09-03 07:53:42', 'Admin', 0),
(15, 5, 1345, 9, 'Bus stand', '11:00:00', '2021-09-11 09:32:39', '2021-09-11 09:32:39', 'Admin', 0),
(16, 5, 1374, 35, 'Bonth Chhawk', '15:30:00', '2021-09-11 09:32:39', '2021-09-11 09:32:39', 'Admin', 0),
(17, 5, 1291, 4, 'Palasuni', '12:30:00', '2021-09-11 09:32:39', '2021-09-11 09:32:39', 'Admin', 0),
(18, 5, 1304, 41, 'Bus stand', '20:00:00', '2021-09-11 09:32:39', '2021-09-11 09:32:39', 'Admin', 0),
(19, 6, 1291, 1, 'Bermunda', '08:00:00', '2021-09-11 09:38:04', '2021-09-11 09:38:04', 'Admin', 0),
(20, 6, 1292, 11, 'Badambadi', '09:00:00', '2021-09-11 09:38:04', '2021-09-11 09:38:04', 'Admin', 0),
(21, 6, 1374, 34, 'Bus Stand', '12:00:00', '2021-09-11 09:38:04', '2021-09-11 09:38:04', 'Admin', 0),
(22, 6, 1304, 41, 'Bus stand', '05:00:00', '2021-09-11 09:38:04', '2021-09-11 09:38:04', 'Admin', 0),
(23, 7, 1345, 9, 'Bus stand', '20:00:00', '2021-09-15 07:44:48', '2021-09-15 07:44:48', 'Admin', 0),
(24, 7, 1345, 10, 'Atharanala', '20:15:00', '2021-09-15 07:44:48', '2021-09-15 07:44:48', 'Admin', 0),
(25, 7, 1291, 3, 'Rasulgarh', '21:30:00', '2021-09-15 07:44:48', '2021-09-15 07:44:48', 'Admin', 0),
(26, 7, 1291, 4, 'Palasuni', '21:45:00', '2021-09-15 07:44:48', '2021-09-15 07:44:48', 'Admin', 0),
(27, 7, 1292, 11, 'Badambadi', '23:00:00', '2021-09-15 07:44:48', '2021-09-15 07:44:48', 'Admin', 0),
(28, 7, 1292, 13, 'OMP', '23:45:00', '2021-09-15 07:44:48', '2021-09-15 07:44:48', 'Admin', 0),
(29, 7, 1294, 5, 'Sambalpur Town', '06:10:00', '2021-09-15 07:44:48', '2021-09-15 07:44:48', 'Admin', 0),
(30, 7, 1297, 16, 'Bus stand', '07:00:00', '2021-09-15 07:44:48', '2021-09-15 07:44:48', 'Admin', 0);

-- --------------------------------------------------------

--
-- Table structure for table `bus_type`
--

CREATE TABLE `bus_type` (
  `id` int(10) UNSIGNED NOT NULL,
  `bus_class_id` int(11) NOT NULL DEFAULT 0,
  `name` varchar(50) NOT NULL,
  `created_at` datetime NOT NULL,
  `updated_at` datetime NOT NULL,
  `created_by` varchar(50) NOT NULL,
  `status` int(10) UNSIGNED DEFAULT 1
) ENGINE=InnoDB DEFAULT CHARSET=latin1;

--
-- Dumping data for table `bus_type`
--

INSERT INTO `bus_type` (`id`, `bus_class_id`, `name`, `created_at`, `updated_at`, `created_by`, `status`) VALUES
(315, 1, 'VOLVO', '2018-07-28 10:38:59', '2021-02-06 06:39:49', 'ty6754yt', 2),
(316, 2, 'DELUX', '2017-10-05 13:17:21', '2021-07-16 13:14:57', 'Admin', 1),
(339, 1, 'Luxurious', '2021-07-17 06:59:48', '2021-07-17 07:00:25', 'Admin', 1);

-- --------------------------------------------------------

--
-- Table structure for table `cancellationslabs`
--

CREATE TABLE `cancellationslabs` (
  `id` int(11) NOT NULL,
  `api_id` int(11) DEFAULT NULL,
  `rule_name` varchar(250) NOT NULL,
  `status` int(11) NOT NULL DEFAULT 0,
  `created_at` datetime DEFAULT NULL,
  `updated_at` datetime DEFAULT NULL,
  `created_by` varchar(250) DEFAULT NULL
) ENGINE=InnoDB DEFAULT CHARSET=latin1;

--
-- Dumping data for table `cancellationslabs`
--

INSERT INTO `cancellationslabs` (`id`, `api_id`, `rule_name`, `status`, `created_at`, `updated_at`, `created_by`) VALUES
(1, 1, 'rule 001', 1, '2021-06-25 11:35:45', '2021-06-25 11:35:45', NULL),
(2, 1, 'Rule 002', 1, '2021-06-30 12:39:14', '2021-06-30 12:39:41', NULL),
(3, 1, 'Custom 1', 1, '2021-07-17 07:09:20', '2021-08-10 06:01:36', NULL);

-- --------------------------------------------------------

--
-- Table structure for table `cancellationslabs_info`
--

CREATE TABLE `cancellationslabs_info` (
  `id` int(11) NOT NULL,
  `cancellation_slab_id` int(11) NOT NULL,
  `duration` varchar(250) NOT NULL,
  `deduction` varchar(250) NOT NULL,
  `status` int(11) NOT NULL DEFAULT 1,
  `created_at` datetime DEFAULT NULL,
  `updated_at` datetime DEFAULT NULL,
  `created_by` varchar(250) DEFAULT NULL
) ENGINE=InnoDB DEFAULT CHARSET=latin1;

--
-- Dumping data for table `cancellationslabs_info`
--

INSERT INTO `cancellationslabs_info` (`id`, `cancellation_slab_id`, `duration`, `deduction`, `status`, `created_at`, `updated_at`, `created_by`) VALUES
(1, 1, '99-999', '10', 1, '2021-06-25 11:35:45', '2021-06-25 11:35:45', NULL),
(2, 1, '50-98', '20', 1, '2021-06-25 11:35:45', '2021-06-25 11:35:45', NULL),
(3, 1, '15-49', '80', 1, '2021-06-25 11:35:45', '2021-06-25 11:35:45', NULL),
(4, 1, '0-14', '100', 1, '2021-06-25 11:35:45', '2021-06-25 11:35:45', NULL),
(7, 2, '50-100', '70', 1, '2021-06-30 12:39:33', '2021-06-30 12:39:33', NULL),
(8, 2, '1-49', '90', 1, '2021-06-30 12:39:33', '2021-06-30 12:39:33', NULL),
(9, 3, '72-900', '10', 1, '2021-07-17 07:09:20', '2021-07-17 07:09:20', NULL),
(10, 3, '48-71', '20', 1, '2021-07-17 07:09:20', '2021-07-17 07:09:20', NULL),
(11, 3, '24-47', '30', 1, '2021-07-17 07:09:20', '2021-07-17 07:09:20', NULL);

-- --------------------------------------------------------

--
-- Table structure for table `city_closing`
--

CREATE TABLE `city_closing` (
  `id` int(10) UNSIGNED NOT NULL,
  `bus_id` int(10) UNSIGNED NOT NULL,
  `location_id` int(10) UNSIGNED NOT NULL,
  `closing_hours` int(10) UNSIGNED DEFAULT NULL COMMENT 'Time in minutes',
  `created_at` datetime NOT NULL DEFAULT current_timestamp(),
  `updated_at` datetime NOT NULL DEFAULT current_timestamp(),
  `created_by` varchar(50) NOT NULL DEFAULT 'Admin',
  `status` int(10) UNSIGNED NOT NULL DEFAULT 1
) ENGINE=InnoDB DEFAULT CHARSET=latin1;

-- --------------------------------------------------------

--
-- Table structure for table `city_closing_extended`
--

CREATE TABLE `city_closing_extended` (
  `id` int(11) NOT NULL,
  `bus_id` int(10) UNSIGNED NOT NULL,
  `location_id` int(10) UNSIGNED DEFAULT NULL,
  `journey_date` date NOT NULL,
  `closing_hours` int(10) UNSIGNED DEFAULT NULL COMMENT 'Time in minutes',
  `created_at` datetime NOT NULL,
  `updated_at` datetime NOT NULL,
  `created_by` varchar(50) NOT NULL,
  `status` int(10) UNSIGNED NOT NULL DEFAULT 1
) ENGINE=InnoDB DEFAULT CHARSET=latin1;

-- --------------------------------------------------------

--
-- Table structure for table `coupon`
--

CREATE TABLE `coupon` (
  `id` int(10) UNSIGNED NOT NULL,
  `coupon_title` varchar(254) DEFAULT NULL,
  `coupon_code` varchar(25) DEFAULT NULL,
  `type` enum('Percent','CutOff') NOT NULL,
  `amount` double(8,2) DEFAULT NULL COMMENT 'in % or in cash',
  `max_discount_price` double(8,2) DEFAULT NULL COMMENT 'incase of % deduction',
  `min_tran_amount` double(8,2) DEFAULT NULL,
  `max_redeem` int(11) DEFAULT NULL,
  `max_use_limit` int(11) DEFAULT NULL,
  `category` int(11) DEFAULT NULL COMMENT '0-booking date 1-journey date',
  `from_date` datetime DEFAULT NULL,
  `to_date` datetime DEFAULT NULL,
  `short_desc` varchar(200) NOT NULL,
  `full_desc` mediumtext NOT NULL,
  `created_at` datetime NOT NULL,
  `updated_at` datetime NOT NULL,
  `created_by` varchar(50) NOT NULL,
  `status` int(10) UNSIGNED NOT NULL DEFAULT 1
) ENGINE=InnoDB DEFAULT CHARSET=latin1;

-- --------------------------------------------------------

--
-- Table structure for table `coupon_assigned_bus`
--

CREATE TABLE `coupon_assigned_bus` (
  `id` int(10) UNSIGNED NOT NULL,
  `bus_id` int(10) UNSIGNED NOT NULL,
  `coupon_id` int(10) UNSIGNED NOT NULL,
  `created_at` datetime NOT NULL,
  `updated_at` datetime NOT NULL,
  `created_by` varchar(50) NOT NULL,
  `status` int(10) UNSIGNED NOT NULL DEFAULT 1
) ENGINE=InnoDB DEFAULT CHARSET=latin1;

-- --------------------------------------------------------

--
-- Table structure for table `credentials`
--

CREATE TABLE `credentials` (
  `id` int(10) UNSIGNED NOT NULL,
  `sms_textlocal_key` varchar(254) NOT NULL,
  `mail_username` varchar(254) NOT NULL,
  `mail_password` varchar(254) NOT NULL,
  `razorpay_key` varchar(256) NOT NULL,
  `razorpay_secret` varchar(256) NOT NULL
) ENGINE=InnoDB DEFAULT CHARSET=latin1;

--
-- Dumping data for table `credentials`
--

INSERT INTO `credentials` (`id`, `sms_textlocal_key`, `mail_username`, `mail_password`, `razorpay_key`, `razorpay_secret`) VALUES
(1, 'aCFowBsUJ8k-KB0egbyZ1Af6IAgX9Gvux2WBp6w2uP', 'AKIAVGIJQ6OJJ64WWC4M', 'BHL34PtbP5gkZ0Y8fshQfu6p6fhMlbGJV1nProPMCNrq', 'rzp_test_qOfJt4I5PxV6SJ', 'YorW7NNxHcjrWbkvNsbqOCgG');

-- --------------------------------------------------------

--
-- Table structure for table `customer_payment`
--

CREATE TABLE `customer_payment` (
  `id` int(11) NOT NULL,
  `name` varchar(254) DEFAULT '',
  `booking_id` int(10) UNSIGNED NOT NULL,
  `amount` double(8,2) DEFAULT 0.00,
  `order_id` varchar(200) NOT NULL DEFAULT '',
  `razorpay_id` varchar(200) DEFAULT NULL,
  `razorpay_signature` varchar(200) DEFAULT NULL,
  `payment_done` int(11) NOT NULL DEFAULT 0 COMMENT '0:payment not done, 1:payment done, 2:refunded ',
  `refund_id` varchar(120) NOT NULL DEFAULT '0',
  `created_at` datetime DEFAULT current_timestamp(),
  `updated_at` datetime DEFAULT current_timestamp(),
  `razorpay_status` varchar(250) DEFAULT NULL,
  `razorpay_status_updated_at` datetime DEFAULT NULL,
  `failed_reason` text DEFAULT NULL
) ENGINE=InnoDB DEFAULT CHARSET=latin1;

--
-- Dumping data for table `customer_payment`
--

INSERT INTO `customer_payment` (`id`, `name`, `booking_id`, `amount`, `order_id`, `razorpay_id`, `razorpay_signature`, `payment_done`, `refund_id`, `created_at`, `updated_at`, `razorpay_status`, `razorpay_status_updated_at`, `failed_reason`) VALUES
(1, 'Lima Mohanty', 1, 880.00, 'order_HxdqgRcfNubdzJ', 'pay_HxdqszoctoieS0', 'f4666d78a181d6525403d439121a32f419a4af07b6e290d04d1bb5c284812fc9', 2, '0', '2021-09-15 11:57:53', '2021-09-15 11:58:20', NULL, NULL, NULL),
(2, 'Lima Mohanty', 2, 556.00, 'order_HxeZflN0BteSSf', 'pay_Hxea1Kxo9naqIx', '730ed3460b4422945271d5104aff7ccd6e8eb18adf456cc51c9e39f6a3049c34', 1, '0', '2021-09-15 12:40:28', '2021-09-15 12:40:55', NULL, NULL, NULL),
(3, 'Lima Mohanty', 3, 172.00, 'order_HxfGpjQbqeORCz', 'pay_HxfGxbBv4H8qbb', 'c3fc0980ab8275b72df7635be1dab3e1181325480d2b66fa0d7ad417351394a7', 1, '0', '2021-09-15 13:21:19', '2021-09-15 13:21:34', NULL, NULL, NULL),
(4, 'Lima Mohanty', 4, 556.00, 'order_HxgDQ1yKUCmk3Y', 'pay_HxgDc3SBilxj7n', '936a065ced9aaa1272121f1ebe792a2b1d4ed38b9e301cee7e3ddaabd6d9f7d4', 1, '0', '2021-09-15 14:16:47', '2021-09-15 14:17:04', NULL, NULL, NULL),
(5, 'Dinesh Das', 5, 1100.00, 'order_Hxhqi9U1ND6Std', 'pay_HxhqtaIZFHiehF', '3ed03d06da4f1fd68e3d798f9c9e21faaaf0a765f68bf98998d1acaa7f12c7e7', 1, '0', '2021-09-15 15:52:41', '2021-09-15 15:52:56', NULL, NULL, NULL),
(6, 'Dinesh', 6, 667.00, 'order_HxhyON8hzqKG7Z', 'pay_HxhyX5cTAfdVJL', '8346e676632b43a87da77cd4dbf9ba9b722477532902050249d61a008e540d7f', 1, '0', '2021-09-15 15:59:57', '2021-09-15 16:00:11', NULL, NULL, NULL),
(7, 'DEEPAK KUMAR', 9, 341.00, 'order_Hy4cKXyBsL0hgg', NULL, NULL, 0, '0', '2021-09-16 14:09:01', '2021-09-16 14:09:01', NULL, NULL, NULL),
(8, 'Dillip', 8, 446.00, 'order_Hy4cLMpi3XiInq', NULL, NULL, 0, '0', '2021-09-16 14:09:02', '2021-09-16 14:09:02', NULL, NULL, NULL),
(9, 'rashmiranjan sahoo', 7, 341.00, 'order_Hy4cTU4mtzhX6n', NULL, NULL, 0, '0', '2021-09-16 14:09:09', '2021-09-16 14:09:09', NULL, NULL, NULL),
(10, 'DEEPAK KUMAR', 9, 341.00, 'order_Hy4cnAIYhC7uH8', NULL, NULL, 0, '0', '2021-09-16 14:09:27', '2021-09-16 14:09:27', NULL, NULL, NULL),
(11, 'DEEPAK KUMAR', 9, 341.00, 'order_Hy4d7duCl2aUez', NULL, NULL, 0, '0', '2021-09-16 14:09:46', '2021-09-16 14:09:46', NULL, NULL, NULL),
(12, 'Dillip', 8, 446.00, 'order_Hy4ePMJ6cWzyGn', NULL, NULL, 0, '0', '2021-09-16 14:10:59', '2021-09-16 14:10:59', NULL, NULL, NULL),
(13, 'santosh', 10, 341.00, 'order_Hy4hte6VmFNORb', NULL, NULL, 0, '0', '2021-09-16 14:14:17', '2021-09-16 14:14:17', NULL, NULL, NULL),
(14, 'ghthdth rgbrgbg', 12, 1100.00, 'order_I0CRPBDzbCAFo3', 'pay_I0CRVUBBGVKItZ', '2bba15c73f30af6c6c8ba2fd33fd949dc43a6e77f86f7fc18b514ff4999e1d40', 1, '0', '2021-09-21 23:06:13', '2021-09-21 23:06:26', NULL, NULL, NULL),
(15, 'AK Padhy', 14, 341.00, 'order_I0SeRSp6Se3kd4', 'pay_I0Sfk8b3h9Ddfz', 'b71aeffb4bac59a2043e05654b8b39c1ffed01f0d705c42b4d8c66a09b826314', 1, '0', '2021-09-22 14:57:40', '2021-09-22 14:59:30', NULL, NULL, NULL),
(16, 'MD Hussen', 13, 341.00, 'order_I0SeRTXdBJdX0m', 'pay_I0SfNp31jQiPXp', '26eaebe0aedd8a08c9b260dfc5bc7bdfaa05e89ea9291070c3609d6a74797b9e', 1, '0', '2021-09-22 14:57:40', '2021-09-22 14:58:43', NULL, NULL, NULL),
(17, 'Chandra rath', 20, 341.00, 'order_I0UGcOukL611Oj', NULL, NULL, 0, '0', '2021-09-22 16:32:30', '2021-09-22 16:32:30', NULL, NULL, NULL),
(18, 'Chandra rath', 20, 341.00, 'order_I0UMoUxZXiEOLj', NULL, NULL, 0, '0', '2021-09-22 16:38:22', '2021-09-22 16:38:22', NULL, NULL, NULL),
(19, 'Chandra rath', 20, 341.00, 'order_I0UTLRsizAoz0S', NULL, NULL, 0, '0', '2021-09-22 16:44:33', '2021-09-22 16:44:33', NULL, NULL, NULL),
(20, 'Lima mohanty', 21, 341.00, 'order_I1BwLewdIEArh8', 'pay_I1BwRy4JptvhcI', 'c764ec24b3ccde7fd07946b4abffa1a2b23839cad726517690ed9d7df9969448', 1, '0', '2021-09-24 11:15:50', '2021-09-24 11:16:00', NULL, NULL, NULL),
(21, 'Lima mohanty', 22, 341.00, 'order_I1C6NnoSIacEOb', 'pay_I1C8GLag3mehfY', 'ef4fc3c476546a61c4b3488eb679addd15500314f0285c9d7c11544dc04118e5', 1, '0', '2021-09-24 11:25:20', '2021-09-24 11:27:12', NULL, NULL, NULL),
(22, 'Lima mohanty', 23, 341.00, 'order_I1CG76EbaQihvn', 'pay_I1CGDfM4xUI9Zv', '6be844d6e2271ea9e9ff54380f31f8d1cc07d6dabd99ffa6eb57118f50b463d6', 1, '0', '2021-09-24 11:34:32', '2021-09-24 11:34:43', NULL, NULL, NULL),
(23, 'Lima mohanty', 24, 341.00, 'order_I1CJYEy48kCXWR', 'pay_I1CJu1pnyK6u3B', 'f93d592d662339dc02a48497c7f8169afcf5fa25a18ada703371421bf2ba3424', 1, '0', '2021-09-24 11:37:47', '2021-09-24 11:38:12', NULL, NULL, NULL),
(24, 'Lima mohanty', 25, 341.00, 'order_I1CNG2BnsLH7mB', 'pay_I1CNNtlVgzhvMO', '9e538633044bf675dd82e86371cd0780f06f996813e96c79be97cfdf905681c3', 1, '0', '2021-09-24 11:41:18', '2021-09-24 11:41:30', NULL, NULL, NULL),
(25, 'Lima mohanty', 26, 341.00, 'order_I1CRsDC0zwYkMf', 'pay_I1CRyYjQiycsL0', 'b7e415bda8bf2d948a7f0765add6740f8807173ffff43ae9d9fdfc86ff1915b2', 1, '0', '2021-09-24 11:45:40', '2021-09-24 11:45:51', NULL, NULL, NULL),
(26, 'Lima mohanty', 27, 341.00, 'order_I1CUcAiYmlF9ul', 'pay_I1CUgNmgljbJjv', '08b102ad1d3dbee9d0d35d9276c069347edabced6870f23c11a9cb02e1e455dc', 1, '0', '2021-09-24 11:48:16', '2021-09-24 11:48:25', NULL, NULL, NULL),
(27, 'Lima mohanty', 28, 341.00, 'order_I1CapoKA88h1Bx', 'pay_I1CauwckzGWa4D', '797f85c4031233e9795fef28bbae615c1284777beedfb883411c7bcf5e2533fb', 1, '0', '2021-09-24 11:54:09', '2021-09-24 11:54:19', NULL, NULL, NULL),
(28, 'Lima mohanty', 30, 341.00, 'order_I1Cp55S7DczZrI', 'pay_I1CpBMBzrZE44Z', '0f07a9c5261f77f5d90b10c9608dae4dd52701f4efbb3f1336c42e075cf54e7c', 1, '0', '2021-09-24 12:07:38', '2021-09-24 12:07:49', NULL, NULL, NULL),
(29, 'lima', 34, 341.00, 'order_I1DiUm6fmxPlA1', NULL, NULL, 0, '0', '2021-09-24 13:00:06', '2021-09-24 13:00:06', NULL, NULL, NULL),
(30, 'lima', 35, 556.00, 'order_I2OjO4PXjJbN5R', 'pay_I2OjUvNRDeR658', '97895fd845eb1153ab3681b89e6a99c67c133cb65b1c0d2f6d4785af3b55e6e3', 1, '0', '2021-09-27 12:25:34', '2021-09-27 12:25:46', NULL, NULL, NULL),
(31, 'lima', 36, 556.00, 'order_I2OyXtBkm8odnN', 'pay_I2OycWpmeLpt2j', 'eb4cbe83015d5ecc9da013eb7ba1fcf8f12622b8cb485f1096ac5efdb7904944', 1, '0', '2021-09-27 12:39:55', '2021-09-27 12:40:04', NULL, NULL, NULL),
(32, 'Lima Mohanty', 41, 446.00, 'order_I2QiohZiUAggIo', NULL, NULL, 0, '0', '2021-09-27 14:22:25', '2021-09-27 14:22:25', NULL, NULL, NULL),
(33, 'Lima mohanty', 54, 556.00, 'order_I2Rkgr8avWlO3q', 'pay_I2Rknyf8aNeQrn', 'd727647a8237c8334de7c14df48c531f888dc19121c538e35cbd2d79ab333cfd', 2, '0', '2021-09-27 15:22:53', '2021-09-27 16:54:58', NULL, NULL, NULL),
(34, 'Lima Mohanty', 56, 446.00, 'order_I2U5dPq8ao2Z5G', 'pay_I2U6XVWlmhqbjA', 'd49b206c4c0628f53937e39aef63e199a2c041b5e99e03cacd60269266a36f74', 1, '0', '2021-09-27 17:40:06', '2021-09-27 17:41:02', NULL, NULL, NULL),
(35, 'Lima Mohanty', 57, 446.00, 'order_I2lpeO4ZoRPL0A', NULL, NULL, 0, '0', '2021-09-28 11:01:27', '2021-09-28 11:01:27', NULL, NULL, NULL),
(36, 'Lima Mohanty', 58, 446.00, 'order_I2nHk0lbexvY4O', NULL, NULL, 0, '0', '2021-09-28 12:26:45', '2021-09-28 12:26:45', NULL, NULL, NULL),
(37, 'Lima Mohanty', 59, 446.00, 'order_I2ryiBXylX702z', NULL, NULL, 0, '0', '2021-09-28 17:02:12', '2021-09-28 17:02:12', NULL, NULL, NULL),
(38, 'Lima Mohanty', 60, 446.00, 'order_I2s5EhdrC64AGz', 'pay_I2s5MjCwjKXniG', '4a1b17b21bb26d86fe0e3915e9ebbdcd438970bafd942b5e7e6020a85acf72a4', 1, '0', '2021-09-28 17:08:22', '2021-09-28 17:56:15', 'captured', '2021-09-28 17:08:30', NULL),
(39, 'Lima Mohanty', 61, 446.00, 'order_I2sSzeFEE2LHCc', 'pay_I2sT5ZqJwXtWjY', '3cf902fa6062182815d417e1ab9efcd939b7f8b353b60645d66dd6e46ee5e657', 2, '0', '2021-09-28 17:30:52', '2021-09-29 11:43:45', 'captured', '2021-09-28 17:30:57', NULL),
(40, 'Lima Mohanty', 62, 556.00, 'order_I2shuia5tPHSJk', 'pay_I2si4nxZpsEtqb', '6be6984a27ed66e7e770d1423ece0fa26031b428c5b09f340587276e1c8d6517', 1, '0', '2021-09-28 17:44:59', '2021-09-28 17:50:24', 'captured', '2021-09-28 17:45:09', NULL),
(41, 'Lima Mohanty', 63, 446.00, 'order_I2sxVofxtcbuSJ', 'pay_I2sxgSQRHTpbeI', '0d105586b071ea54df2f77010d862c813e8e2635f254a1c7c1210413ebcf68a8', 2, '0', '2021-09-28 17:59:45', '2021-09-29 11:58:35', NULL, NULL, NULL),
(42, 'ssss', 64, 341.00, 'order_I3AZUGOBiNSaCB', NULL, NULL, 0, '0', '2021-09-29 11:13:30', '2021-09-29 11:14:08', 'failed', '2021-09-29 11:13:48', 'Payment processing cancelled by user'),
(43, 'Lima Mohanty', 65, 446.00, 'order_I3E16kpsoWx3cU', 'pay_I3E1CGpVMrn44V', 'c665b1536b74131663dc42c018b29b041330d833ac1a9360733f67393222c035', 2, '0', '2021-09-29 14:35:43', '2021-09-30 10:47:25', 'authorized', '2021-09-29 14:35:49', NULL),
(44, 'Lima Mohanty', 67, 341.00, 'order_I3ekpswcsDBffj', NULL, NULL, 0, '0', '2021-09-30 16:45:03', '2021-09-30 16:45:03', NULL, NULL, NULL),
(45, 'Lima Mohanty', 72, 446.00, 'order_I4PTjaoMMnpwBk', 'pay_I4PTrcd36XjJvQ', 'e12455ad10d93dfc708b0dbeff1649a7917da99a0bddeb45bd7a672ffeb0cfbb', 1, '0', '2021-10-02 14:27:27', '2021-10-02 14:27:40', 'authorized', '2021-10-02 14:27:38', NULL);

-- --------------------------------------------------------

--
-- Table structure for table `customer_query`
--

CREATE TABLE `customer_query` (
  `id` int(11) NOT NULL,
  `email` varchar(120) DEFAULT NULL,
  `phone` varchar(120) DEFAULT NULL,
  `query_typ` enum('RESERVATION','CONTACT') DEFAULT NULL,
  `data` mediumtext DEFAULT NULL COMMENT 'json_data',
  `created_at` datetime NOT NULL,
  `updated_at` datetime NOT NULL,
  `created_by` varchar(50) NOT NULL,
  `status` int(10) UNSIGNED NOT NULL DEFAULT 1
) ENGINE=InnoDB DEFAULT CHARSET=latin1;

-- --------------------------------------------------------

--
-- Table structure for table `customer_query_category`
--

CREATE TABLE `customer_query_category` (
  `id` int(10) UNSIGNED NOT NULL,
  `name` varchar(254) NOT NULL,
  `created_at` datetime NOT NULL,
  `updated_at` datetime NOT NULL,
  `created_by` varchar(50) NOT NULL,
  `status` int(10) UNSIGNED NOT NULL DEFAULT 1
) ENGINE=InnoDB DEFAULT CHARSET=latin1;

-- --------------------------------------------------------

--
-- Table structure for table `customer_query_category_issues`
--

CREATE TABLE `customer_query_category_issues` (
  `id` int(10) UNSIGNED NOT NULL,
  `customer_query_category_id` int(10) UNSIGNED NOT NULL,
  `name` varchar(254) NOT NULL,
  `created_at` datetime NOT NULL,
  `updated_at` datetime NOT NULL,
  `created_by` varchar(50) NOT NULL,
  `status` int(10) UNSIGNED NOT NULL DEFAULT 1
) ENGINE=InnoDB DEFAULT CHARSET=latin1;

-- --------------------------------------------------------

--
-- Table structure for table `custom_pages`
--

CREATE TABLE `custom_pages` (
  `id` int(11) NOT NULL,
  `origin` int(11) DEFAULT 0 COMMENT '0-odbus 1-rpboa 2-janardana ',
  `type` int(11) DEFAULT 0 COMMENT '0-custom pages  1-route pages 2-news',
  `source_id` varchar(120) NOT NULL COMMENT 'only for route pages',
  `destination_id` varchar(120) NOT NULL COMMENT 'only for route pages',
  `name` varchar(120) DEFAULT NULL,
  `url` varchar(120) DEFAULT NULL,
  `content` mediumtext DEFAULT NULL,
  `meta_title` varchar(120) DEFAULT NULL,
  `meta_keyword` varchar(600) DEFAULT NULL,
  `meta_descriptiom` varchar(500) DEFAULT NULL,
  `created_at` datetime NOT NULL,
  `updated_at` datetime NOT NULL,
  `created_by` varchar(50) NOT NULL,
  `status` int(10) UNSIGNED NOT NULL DEFAULT 1
) ENGINE=InnoDB DEFAULT CHARSET=latin1;

-- --------------------------------------------------------

--
-- Table structure for table `extended_bus_closing_hours`
--

CREATE TABLE `extended_bus_closing_hours` (
  `id` int(11) NOT NULL,
  `bus_id` int(11) NOT NULL,
  `city_id` int(11) NOT NULL,
  `dep_time` varchar(250) NOT NULL,
  `closing_hours` varchar(250) NOT NULL,
  `status` int(11) NOT NULL DEFAULT 1,
  `created_at` datetime DEFAULT NULL,
  `updated_at` datetime DEFAULT NULL
) ENGINE=InnoDB DEFAULT CHARSET=latin1;

-- --------------------------------------------------------

--
-- Table structure for table `festival_fare`
--

CREATE TABLE `festival_fare` (
  `id` int(11) NOT NULL,
  `bus_operator_id` int(11) DEFAULT NULL,
  `source_id` int(11) DEFAULT NULL,
  `destination_id` int(11) DEFAULT NULL,
  `date` timestamp NOT NULL DEFAULT current_timestamp() ON UPDATE current_timestamp(),
  `seater_price` double NOT NULL,
  `sleeper_price` double NOT NULL,
  `reason` text NOT NULL,
  `created_at` datetime NOT NULL,
  `updated_at` datetime NOT NULL,
  `created_by` varchar(250) NOT NULL,
  `status` int(11) NOT NULL DEFAULT 1
) ENGINE=InnoDB DEFAULT CHARSET=latin1;

-- --------------------------------------------------------

--
-- Table structure for table `gateway_information`
--

CREATE TABLE `gateway_information` (
  `id` int(11) NOT NULL,
  `sender` varchar(120) NOT NULL,
  `channel_type` int(11) DEFAULT NULL COMMENT 'channel | 0-sms 1-email',
  `service_provider` varchar(50) DEFAULT NULL,
  `contents` varchar(250) NOT NULL,
  `created_at` datetime DEFAULT current_timestamp(),
  `updated_at` datetime DEFAULT current_timestamp(),
  `created_by` varchar(50) NOT NULL
) ENGINE=InnoDB DEFAULT CHARSET=latin1;

--
-- Dumping data for table `gateway_information`
--

INSERT INTO `gateway_information` (`id`, `sender`, `channel_type`, `service_provider`, `contents`, `created_at`, `updated_at`, `created_by`) VALUES
(1, 'ODBUSS', 0, 'textLocal', 'Dear <name>, Your OTP is <otp> to login ODBUS. Thanks - ODBUS', '2021-06-28 11:55:49', '2021-06-28 11:55:49', 'Admin');

-- --------------------------------------------------------

--
-- Table structure for table `location`
--

CREATE TABLE `location` (
  `id` int(10) UNSIGNED NOT NULL,
  `name` varchar(254) NOT NULL,
  `synonym` varchar(250) DEFAULT NULL,
  `created_at` datetime NOT NULL,
  `updated_at` datetime NOT NULL,
  `created_by` varchar(50) NOT NULL,
  `status` int(10) UNSIGNED NOT NULL DEFAULT 0
) ENGINE=InnoDB DEFAULT CHARSET=latin1;

--
-- Dumping data for table `location`
--

INSERT INTO `location` (`id`, `name`, `synonym`, `created_at`, `updated_at`, `created_by`, `status`) VALUES
(1291, 'Bhubaneswar', 'BBSR,bbs, bhobneswar', '2017-10-05 13:01:12', '2021-02-22 05:39:37', '', 1),
(1292, 'Cuttack', 'katak,CTC', '2017-10-05 13:01:12', '2018-09-19 11:12:29', '', 1),
(1293, 'Dhenkanal', 'DNKL', '2017-10-05 13:01:12', '2018-09-19 11:12:29', '', 1),
(1294, 'Sambalpur', 'SBP', '2017-10-05 13:01:12', '2018-09-17 12:18:41', '', 1),
(1295, 'Jharsuguda', '', '2017-10-05 13:01:12', '2018-09-19 11:12:29', '', 1),
(1296, 'Sora', '', '2017-10-05 13:01:12', '0000-00-00 00:00:00', '', 1),
(1297, 'Bargarh', '', '2017-10-05 13:01:12', '2018-09-17 12:18:40', '', 1),
(1298, 'Khurda', 'Khordha,Khurdha', '2017-10-05 13:01:12', '0000-00-00 00:00:00', '', 1),
(1299, 'JajpurTown', '', '2017-10-05 13:01:12', '0000-00-00 00:00:00', '', 1),
(1300, 'Talcher', 'TLHR', '2017-10-05 13:01:12', '2021-02-26 13:53:16', 'Admin', 1),
(1301, 'Baripada', 'BPO', '2017-10-05 13:01:12', '2018-09-17 12:18:40', '', 1),
(1302, 'Sundargarh', 'Sundergarh', '2017-10-05 13:01:12', '2018-09-17 12:18:41', '', 1),
(1303, 'Balasore', 'BLS,Baleswar', '2017-10-05 13:01:12', '0000-00-00 00:00:00', '', 1),
(1304, 'Kolkata', 'KOL', '2017-10-05 13:01:12', '2018-09-19 11:12:29', '', 1),
(1305, 'Durg', '', '2017-10-05 13:01:12', '2018-09-17 12:18:41', '', 1),
(1306, 'Nayagarh', 'NYG', '2017-10-05 13:01:12', '0000-00-00 00:00:00', '', 1),
(1307, 'Birmitrapur', '', '2017-10-05 13:01:12', '0000-00-00 00:00:00', '', 1),
(1308, 'Banharpali', 'Banaharpali', '2017-10-05 13:01:12', '0000-00-00 00:00:00', '', 1),
(1309, 'Rourkela', 'ROU, RKL, RAURKELA', '2017-10-05 13:01:12', '2018-09-17 12:18:41', '', 1),
(1310, 'Balisankara', '', '2017-10-05 13:01:12', '0000-00-00 00:00:00', '', 1),
(1311, 'Parlakhemundi', 'Paralakhemundi', '2017-10-05 13:01:12', '0000-00-00 00:00:00', '', 1),
(1312, 'Phulbani', '', '2017-10-05 13:01:12', '0000-00-00 00:00:00', '', 1),
(1313, 'Angul', 'ANGL,Anugul', '2017-10-05 13:01:12', '2018-09-19 11:12:29', '', 1),
(1314, 'Padmapur-Rayagada', 'Padampur', '2017-10-05 13:01:12', '0000-00-00 00:00:00', '', 1),
(1315, 'Gunupur', '', '2017-10-05 13:01:12', '0000-00-00 00:00:00', '', 1),
(1316, 'Rayagada', 'RGDA', '2017-10-05 13:01:12', '0000-00-00 00:00:00', '', 1),
(1317, 'Madhabpur', '', '2017-10-05 13:01:12', '0000-00-00 00:00:00', '', 1),
(1318, 'Umerkote', '', '2017-10-05 13:01:12', '2018-09-17 12:18:41', '', 1),
(1319, 'Kuchinda', '', '2017-10-05 13:01:12', '0000-00-00 00:00:00', '', 1),
(1320, 'Deogarh', '', '2017-10-05 13:01:12', '2018-09-17 12:18:41', '', 1),
(1321, 'Bundia', '', '2017-10-05 13:01:12', '0000-00-00 00:00:00', '', 1),
(1322, 'Dabugaon', '', '2017-10-05 13:01:12', '0000-00-00 00:00:00', '', 1),
(1323, 'Papadahandi', '', '2017-10-05 13:01:12', '0000-00-00 00:00:00', '', 1),
(1324, 'Mahidalpur', '', '2017-10-05 13:01:12', '0000-00-00 00:00:00', '', 1),
(1325, 'Bhawanipatna', 'bwip', '2017-10-05 13:01:12', '2018-09-17 12:18:40', '', 1),
(1326, 'Daspalla', '', '2017-10-05 13:01:12', '0000-00-00 00:00:00', '', 1),
(1327, 'Brajaraj Nagar', 'Brajaraj Nagar', '2017-10-05 13:01:12', '0000-00-00 00:00:00', '', 1),
(1328, 'Gandhi Chak', 'Gandhi Chak', '2017-10-05 13:01:12', '0000-00-00 00:00:00', '', 1),
(1329, 'IBThermal', 'Thermal,IB Thermal', '2017-10-05 13:01:12', '0000-00-00 00:00:00', '', 1),
(1330, 'Nalda', '', '2017-10-05 13:01:12', '0000-00-00 00:00:00', '', 1),
(1331, 'Chandikhole', '', '2017-10-05 13:01:12', '0000-00-00 00:00:00', '', 1),
(1332, 'Kuakhia', '', '2017-10-05 13:01:12', '0000-00-00 00:00:00', '', 1),
(1333, 'Panikoili', '', '2017-10-05 13:01:12', '0000-00-00 00:00:00', '', 1),
(1334, 'JajpurRoad', '', '2017-10-05 13:01:12', '0000-00-00 00:00:00', '', 1),
(1335, 'Barbil', '', '2017-10-05 13:01:12', '2018-09-17 12:18:40', '', 1),
(1336, 'Joda', '', '2017-10-05 13:01:12', '0000-00-00 00:00:00', '', 1),
(1337, 'Keonjhar', '', '2017-10-05 13:01:12', '2018-09-17 12:18:41', '', 1),
(1338, 'Anandpur', '', '2017-10-05 13:01:12', '0000-00-00 00:00:00', '', 1),
(1339, 'Tikabali', '', '2017-10-05 13:01:12', '0000-00-00 00:00:00', '', 1),
(1340, 'Choudwar', '', '2017-10-05 13:01:12', '0000-00-00 00:00:00', '', 1),
(1341, 'Nakhara', '', '2017-10-05 13:01:12', '0000-00-00 00:00:00', '', 1),
(1342, 'Gunupur ByPass', 'Gunupur ByPass', '2017-10-05 13:01:12', '0000-00-00 00:00:00', '', 1),
(1343, 'Sambalpur ByPass', 'Sambalpur ByPass', '2017-10-05 13:01:12', '0000-00-00 00:00:00', '', 1),
(1344, 'Junagarh', 'Junagad,Junagadh', '2017-10-05 13:01:12', '0000-00-00 00:00:00', '', 1),
(1345, 'Puri', 'PURI', '2017-10-05 13:01:12', '2018-09-19 11:12:29', '', 1),
(1346, 'Bhitarkanika', '', '2017-10-05 13:01:12', '0000-00-00 00:00:00', '', 1),
(1347, 'Betanati', '', '2017-10-05 13:01:12', '0000-00-00 00:00:00', '', 1),
(1348, 'Bhusan', '', '2017-10-05 13:01:12', '0000-00-00 00:00:00', '', 1),
(1349, 'Manguli ', '', '2017-10-05 13:01:12', '0000-00-00 00:00:00', '', 1),
(1350, 'Jeypore', 'Jaypore,Jeypure,JYP', '2017-10-05 13:01:12', '0000-00-00 00:00:00', '', 1),
(1351, 'Nabarangpur', 'NBG,Nawarangpur', '2017-10-05 13:01:12', '2018-09-17 12:18:41', '', 1),
(1352, 'Berhampur', 'BAM', '2017-10-05 13:01:12', '2018-09-17 12:18:40', '', 1),
(1353, 'Chhatrapur', 'CAP', '2017-10-05 13:01:12', '0000-00-00 00:00:00', '', 1),
(1354, 'Rambha', 'RBA', '2017-10-05 13:01:12', '0000-00-00 00:00:00', '', 1),
(1355, 'Kespur', '', '2017-10-05 13:01:12', '0000-00-00 00:00:00', '', 1),
(1356, 'Balugaon', '', '2017-10-05 13:01:12', '0000-00-00 00:00:00', '', 1),
(1357, 'Tangi', '', '2017-10-05 13:01:12', '0000-00-00 00:00:00', '', 1),
(1358, 'Banei', '', '2017-10-05 13:01:12', '0000-00-00 00:00:00', '', 1),
(1359, 'Chandanpur', '', '2017-10-05 13:01:12', '0000-00-00 00:00:00', '', 1),
(1360, 'Sakhigopal', '', '2017-10-05 13:01:12', '0000-00-00 00:00:00', '', 1),
(1361, 'Pipili', '', '2017-10-05 13:01:12', '0000-00-00 00:00:00', '', 1),
(1362, 'Barkote', '', '2017-10-05 13:01:12', '0000-00-00 00:00:00', '', 1),
(1363, 'Rengali', 'RGL', '2017-10-05 13:01:12', '0000-00-00 00:00:00', '', 1),
(1364, 'Asika', 'Aska', '2017-10-05 13:01:12', '2018-09-19 11:12:29', '', 1),
(1365, 'Digapahandi', '', '2017-10-05 13:01:12', '0000-00-00 00:00:00', '', 1),
(1366, 'Mohana', '', '2017-10-05 13:01:12', '0000-00-00 00:00:00', '', 1),
(1367, 'Hinjilikatu', '', '2017-10-05 13:01:12', '0000-00-00 00:00:00', '', 1),
(1368, 'Koraput', 'KRPU', '2017-10-05 13:01:12', '2018-09-17 12:18:41', '', 1),
(1369, 'Indravati', '', '2017-10-05 13:01:12', '2018-09-17 12:18:41', '', 1),
(1370, 'Lakshmipur', '', '2017-10-05 13:01:12', '0000-00-00 00:00:00', '', 1),
(1371, 'Tentulikhunti', '', '2017-10-05 13:01:12', '0000-00-00 00:00:00', '', 1),
(1372, 'Adaba', '', '2017-10-05 13:01:12', '2021-02-04 04:58:31', '', 2),
(1373, 'Belpahar', 'BPH', '2017-10-05 13:01:12', '0000-00-00 00:00:00', '', 1),
(1374, 'Bhadrak', '', '2017-10-05 13:01:12', '0000-00-00 00:00:00', '', 1),
(1375, 'Kiakata', '', '2017-10-05 13:01:12', '0000-00-00 00:00:00', '', 1),
(1376, 'Bhanjanagar', '', '2017-10-05 13:01:12', '2018-09-17 12:18:40', '', 1),
(1377, 'Kalinga', '', '2017-10-05 13:01:12', '0000-00-00 00:00:00', '', 1),
(1378, 'Rajgangpur', '', '2017-10-05 13:01:12', '0000-00-00 00:00:00', '', 1),
(1379, 'Kansbahal', '', '2017-10-05 13:01:12', '0000-00-00 00:00:00', '', 1),
(1380, 'Badagaon', '', '2017-10-05 13:01:12', '0000-00-00 00:00:00', '', 1),
(1381, 'Burla', '', '2017-10-05 13:01:12', '2018-09-17 12:18:41', '', 1),
(1383, 'Khatiguda', '', '2017-10-05 13:01:12', '0000-00-00 00:00:00', '', 1),
(1384, 'Sunabeda', '', '2017-10-05 13:01:12', '2018-09-17 12:18:41', '', 1),
(1385, 'Birmaharajpur', '', '2017-10-05 13:01:12', '0000-00-00 00:00:00', '', 1),
(1386, 'Balangir', 'BLGR,Bolangir', '2017-10-05 13:01:12', '0000-00-00 00:00:00', '', 1),
(1387, 'Sonepur', '', '2017-10-05 13:01:12', '2018-09-17 12:18:41', '', 1),
(1388, 'Semiliguda', '', '2017-10-05 13:01:12', '0000-00-00 00:00:00', '', 1),
(1389, 'Gurundia', '', '2017-10-05 13:01:12', '0000-00-00 00:00:00', '', 1),
(1390, 'Koida', '', '2017-10-05 13:01:12', '0000-00-00 00:00:00', '', 1),
(1391, 'Rajamunda', '', '2017-10-05 13:01:12', '0000-00-00 00:00:00', '', 1),
(1392, 'Tata-Nagar', 'Tata', '2017-10-05 13:01:12', '2018-09-19 11:12:29', '', 1),
(1393, 'Rajkanika', '', '2017-10-05 13:01:12', '0000-00-00 00:00:00', '', 1),
(1394, 'Kendrapara', '', '2017-10-05 13:01:12', '2018-09-17 12:18:41', '', 1),
(1395, 'Salepur', '', '2017-10-05 13:01:12', '0000-00-00 00:00:00', '', 1),
(1396, 'Pattamundai', '', '2017-10-05 13:01:12', '0000-00-00 00:00:00', '', 1),
(1397, 'Aul', '', '2017-10-05 13:01:12', '2018-09-19 11:12:29', '', 1),
(1398, 'Olaver', '', '2017-10-05 13:01:12', '0000-00-00 00:00:00', '', 1),
(1399, 'Jagatpur', '', '2017-10-05 13:01:12', '0000-00-00 00:00:00', '', 1),
(1400, 'Champua', '', '2017-10-05 13:01:12', '0000-00-00 00:00:00', '', 1),
(1401, 'Bolani', 'Balani', '2017-10-05 13:01:12', '0000-00-00 00:00:00', '', 1),
(1402, 'Kiriburu', '', '2017-10-05 13:01:12', '0000-00-00 00:00:00', '', 1),
(1403, 'Tensa', '', '2017-10-05 13:01:12', '0000-00-00 00:00:00', '', 1),
(1404, 'Paradip', 'Paradip', '2017-10-05 13:01:12', '2018-09-17 12:18:41', '', 1),
(1405, 'Rairakhol', 'Redhakhol', '2017-10-05 13:01:12', '0000-00-00 00:00:00', '', 1),
(1406, 'Asureswar', '', '2017-10-05 13:01:12', '0000-00-00 00:00:00', '', 1),
(1407, 'Bhilai', '', '2017-10-05 13:01:12', '2018-09-19 11:12:29', '', 1),
(1408, 'Raipur-chhattisgarh', '', '2017-10-05 13:01:12', '2018-09-19 11:12:29', '', 1),
(1409, 'Hirakud', 'HKG', '2017-10-05 13:01:12', '0000-00-00 00:00:00', '', 1),
(1410, 'Kakatpur', '', '2017-10-05 13:01:12', '0000-00-00 00:00:00', '', 1),
(1412, 'Chakradharpur', '', '2017-10-05 13:01:12', '0000-00-00 00:00:00', '', 1),
(1413, 'Ranchi', '', '2017-10-05 13:01:12', '2018-09-19 11:12:29', '', 1),
(1414, 'Kantabanji', 'KBJ', '2017-10-05 13:01:12', '0000-00-00 00:00:00', '', 1),
(1415, 'RajaKhadial', 'Raj khariar, Raj Khadial', '2017-10-05 13:01:12', '0000-00-00 00:00:00', '', 1),
(1416, 'Patnagarh', '', '2017-10-05 13:01:12', '0000-00-00 00:00:00', '', 1),
(1417, 'Jaleswar', 'JER', '2017-10-05 13:01:12', '0000-00-00 00:00:00', '', 1),
(1418, 'Karanjia', '', '2017-10-05 13:01:12', '2018-09-17 12:18:41', '', 1),
(1419, 'Kaptipada', '', '2017-10-05 13:01:12', '0000-00-00 00:00:00', '', 1),
(1420, 'Udala', '', '2017-10-05 13:01:12', '0000-00-00 00:00:00', '', 1),
(1421, 'Rairangpur', '', '2017-10-05 13:01:12', '0000-00-00 00:00:00', '', 1),
(1422, 'Sarat', '', '2017-10-05 13:01:12', '0000-00-00 00:00:00', '', 1),
(1423, 'Patsanipur', '', '2017-10-05 13:01:12', '0000-00-00 00:00:00', '', 1),
(1424, 'Malkangiri', '', '2017-10-05 13:01:12', '2018-09-17 12:18:41', '', 1),
(1428, 'Nalco', '', '2017-10-05 13:01:12', '0000-00-00 00:00:00', '', 1),
(1429, 'Padampur-Bargarh', 'Padmapur, Padamapur', '2017-10-05 13:01:12', '0000-00-00 00:00:00', '', 1),
(1430, 'Kaipadar', '', '2017-10-05 13:01:12', '0000-00-00 00:00:00', '', 1),
(1431, 'Charampa', '', '2017-10-05 13:01:12', '0000-00-00 00:00:00', '', 1),
(1432, 'Bhandaripokhari', '', '2017-10-05 13:01:12', '0000-00-00 00:00:00', '', 1),
(1433, 'Dhamanagar', '', '2017-10-05 13:01:12', '0000-00-00 00:00:00', '', 1),
(1434, 'Khordha', 'Khurda,Khurdha', '2017-10-05 13:01:12', '0000-00-00 00:00:00', '', 1),
(1435, 'Mukhiguda', '', '2017-10-05 13:01:12', '0000-00-00 00:00:00', '', 1),
(1436, 'Kesinga', 'KSNG', '2017-10-05 13:01:12', '2018-09-17 12:18:41', '', 1),
(1437, 'Jaipatna', '', '2017-10-05 13:01:12', '0000-00-00 00:00:00', '', 1),
(1438, 'Kotapada', '', '2017-10-05 13:01:12', '0000-00-00 00:00:00', '', 1),
(1439, 'Kodala', '', '2017-10-05 13:01:12', '0000-00-00 00:00:00', '', 1),
(1440, 'Polasara', '', '2017-10-05 13:01:12', '0000-00-00 00:00:00', '', 1),
(1441, 'Buguda', '', '2017-10-05 13:01:12', '0000-00-00 00:00:00', '', 1),
(1442, 'Odagaon', '', '2017-10-05 13:01:12', '0000-00-00 00:00:00', '', 1),
(1443, 'Luhagudi', '', '2017-10-05 13:01:12', '0000-00-00 00:00:00', '', 1),
(1444, 'Raygad', '', '2017-10-05 13:01:12', '0000-00-00 00:00:00', '', 1),
(1445, 'Khajuripada', '', '2017-10-05 13:01:12', '0000-00-00 00:00:00', '', 1),
(1446, 'R.Udayagiri', '', '2017-10-05 13:01:12', '0000-00-00 00:00:00', '', 1),
(1447, 'Cheligarh', '', '2017-10-05 13:01:12', '0000-00-00 00:00:00', '', 1),
(1448, 'Mahendragarh', '', '2017-10-05 13:01:12', '0000-00-00 00:00:00', '', 1),
(1449, 'Chandragiri', '', '2017-10-05 13:01:12', '0000-00-00 00:00:00', '', 1),
(1450, 'Chandiput', '', '2017-10-05 13:01:12', '0000-00-00 00:00:00', '', 1),
(1451, 'Bramhanigaon', '', '2017-10-05 13:01:12', '0000-00-00 00:00:00', '', 1),
(1453, 'Raighar-Umerkote', 'Raigarh', '2017-10-05 13:01:12', '0000-00-00 00:00:00', '', 1),
(1454, 'Gorumahisani', '', '2017-10-05 13:01:12', '0000-00-00 00:00:00', '', 1),
(1455, 'Jagatsinghpur', '', '2017-10-05 13:01:12', '0000-00-00 00:00:00', '', 1),
(1456, 'Sohela', '', '2017-10-05 13:01:12', '0000-00-00 00:00:00', '', 1),
(1457, 'Nuapada', '', '2017-10-05 13:01:12', '0000-00-00 00:00:00', '', 1),
(1458, 'Komna', '', '2017-10-05 13:01:12', '0000-00-00 00:00:00', '', 1),
(1459, 'Jashipur', '', '2017-10-05 13:01:12', '0000-00-00 00:00:00', '', 1),
(1460, 'Rimuli', '', '2017-10-05 13:01:12', '0000-00-00 00:00:00', '', 1),
(1461, 'Deulia', '', '2017-10-05 13:01:12', '0000-00-00 00:00:00', '', 1),
(1462, 'Santragachhi', '', '2017-10-05 13:01:12', '0000-00-00 00:00:00', '', 1),
(1463, 'Kalighat', '', '2017-10-05 13:01:12', '0000-00-00 00:00:00', '', 1),
(1464, 'Singhpur', '', '2017-10-05 13:01:12', '0000-00-00 00:00:00', '', 1),
(1465, 'Duharia', '', '2017-10-05 13:01:12', '0000-00-00 00:00:00', '', 1),
(1466, 'Rugudi', '', '2017-10-05 13:01:12', '0000-00-00 00:00:00', '', 1),
(1467, 'Baisinga', '', '2017-10-05 13:01:12', '0000-00-00 00:00:00', '', 1),
(1468, 'Betnoti', 'BTQ', '2017-10-05 13:01:12', '0000-00-00 00:00:00', '', 1),
(1469, 'Bisoi', '', '2017-10-05 13:01:12', '0000-00-00 00:00:00', '', 1),
(1470, 'Ghatagaon', '', '2017-10-05 13:01:12', '0000-00-00 00:00:00', '', 1),
(1471, 'Dhenkikote', '', '2017-10-05 13:01:12', '0000-00-00 00:00:00', '', 1),
(1472, 'chowringhee', '', '2017-10-05 13:01:12', '0000-00-00 00:00:00', '', 1),
(1473, 'Bangamunda', '', '2017-10-05 13:01:12', '0000-00-00 00:00:00', '', 1),
(1474, 'Machagaon', '', '2017-10-05 13:01:12', '0000-00-00 00:00:00', '', 1),
(1475, 'Paikamala', '', '2017-10-05 13:01:12', '0000-00-00 00:00:00', '', 1),
(1476, 'Godbhaga', '', '2017-10-05 13:01:12', '0000-00-00 00:00:00', '', 1),
(1477, 'Daringbadi', '', '2017-10-05 13:01:12', '0000-00-00 00:00:00', '', 1),
(1478, 'Raikia', '', '2017-10-05 13:01:12', '0000-00-00 00:00:00', '', 1),
(1479, 'Bombay Chawk', 'Bombay Chawk', '2017-10-05 13:01:12', '0000-00-00 00:00:00', '', 1),
(1481, 'Tiring', '', '2017-10-05 13:01:12', '0000-00-00 00:00:00', '', 1),
(1482, 'Dhenkikot', '', '2017-10-05 13:01:12', '0000-00-00 00:00:00', '', 1),
(1483, 'Jagannathprasad', '', '2017-10-05 13:01:12', '0000-00-00 00:00:00', '', 1),
(1484, 'Belaguntha', '', '2017-10-05 13:01:12', '0000-00-00 00:00:00', '', 1),
(1485, 'Benisagar', '', '2017-10-05 13:01:12', '0000-00-00 00:00:00', '', 1),
(1486, 'Thakarmunda', '', '2017-10-05 13:01:12', '0000-00-00 00:00:00', '', 1),
(1489, 'Bijatala', '', '2017-10-05 13:01:12', '0000-00-00 00:00:00', '', 1),
(1490, 'Kanaktura', '', '2017-10-05 13:01:12', '0000-00-00 00:00:00', '', 1),
(1491, 'Kalampur', '', '2017-10-05 13:01:12', '0000-00-00 00:00:00', '', 1),
(1493, 'Gangpur', '', '2017-10-05 13:01:12', '0000-00-00 00:00:00', '', 1),
(1494, 'Balia', '', '2017-10-05 13:01:12', '0000-00-00 00:00:00', '', 1),
(1497, 'Bhutamundi', '', '2017-10-05 13:01:12', '0000-00-00 00:00:00', '', 1),
(1498, 'Kujanga', '', '2017-10-05 13:01:12', '0000-00-00 00:00:00', '', 1),
(1499, 'Rahama', 'RHMA', '2017-10-05 13:01:12', '0000-00-00 00:00:00', '', 1),
(1500, 'Jeypure', 'Jeypore,Jaypore', '2018-07-21 10:36:32', '0000-00-00 00:00:00', '', 0),
(1501, 'Tarpur', '', '2017-10-05 13:01:12', '0000-00-00 00:00:00', '', 1),
(1502, 'Raghunathpur', '', '2017-10-05 13:01:12', '0000-00-00 00:00:00', '', 1),
(1503, 'Sinapali', '', '2017-10-05 13:01:12', '0000-00-00 00:00:00', '', 1),
(1504, 'Dharamgarh', 'Dharamgarh', '2019-03-18 11:20:12', '0000-00-00 00:00:00', '', 1),
(1505, 'Purusottampur', '', '2017-10-05 13:01:12', '0000-00-00 00:00:00', '', 1),
(1506, 'Asansol', '', '2017-10-05 13:01:12', '2018-09-19 11:12:29', '', 1),
(1507, 'Bankura', '', '2017-10-05 13:01:12', '2018-09-19 11:12:29', '', 1),
(1508, 'Durgapur', '', '2017-10-05 13:01:12', '2018-09-19 11:12:29', '', 1),
(1509, 'Jamshedpur', '', '2017-10-05 13:01:12', '2018-09-19 11:12:29', '', 1),
(1510, 'Khallikot', 'KIT', '2017-10-05 13:01:12', '2018-09-19 11:12:29', '', 1),
(1511, 'Korba', '', '2017-10-05 13:01:12', '2018-09-19 11:12:29', '', 1),
(1512, 'Patamundai', '', '2017-10-05 13:01:12', '2018-09-19 11:12:29', '', 1),
(1513, 'Barpali', 'BRPL', '2017-10-05 13:01:12', '0000-00-00 00:00:00', '', 1),
(1514, 'Boudha', '', '2017-10-05 13:01:12', '0000-00-00 00:00:00', '', 1),
(1515, 'Khariar Road', 'KRAR,Khariar Road', '2017-10-05 13:01:12', '0000-00-00 00:00:00', '', 1),
(1516, 'Konark', '', '2017-10-05 13:01:12', '0000-00-00 00:00:00', '', 1),
(1517, 'Lanjigarh', '', '2017-10-05 13:01:12', '0000-00-00 00:00:00', '', 1),
(1518, 'Rajkot', '', '2017-10-05 13:01:12', '2018-09-17 12:18:41', '', 1),
(1519, 'Rampur', '', '2017-10-05 13:01:12', '0000-00-00 00:00:00', '', 1),
(1520, 'Saintala', 'SFC', '2017-10-05 13:01:12', '0000-00-00 00:00:00', '', 1),
(1521, 'Sunakhala', '', '2017-10-05 13:01:12', '0000-00-00 00:00:00', '', 1),
(1522, 'Titilagarh', '', '2017-10-05 13:01:12', '0000-00-00 00:00:00', '', 1),
(1523, 'Ambapani', '', '2017-10-05 13:01:12', '2021-02-04 05:08:28', '', 2),
(1524, 'Baipariguda', '', '2017-10-05 13:01:12', '0000-00-00 00:00:00', '', 1),
(1525, 'Bilaspur', '', '2017-10-05 13:01:12', '0000-00-00 00:00:00', '', 1),
(1526, 'Binika', '', '2017-10-05 13:01:12', '0000-00-00 00:00:00', '', 1),
(1527, 'Borigumma', '', '2017-10-05 13:01:12', '0000-00-00 00:00:00', '', 1),
(1528, 'Chatia', '', '2017-10-05 13:01:12', '0000-00-00 00:00:00', '', 1),
(1529, 'Dharmagarh', 'Dharamgarh', '2019-03-18 11:54:58', '2018-09-17 12:18:41', '', 0),
(1530, 'J K ROAD', '', '2017-10-05 13:01:12', '0000-00-00 00:00:00', '', 1),
(1531, 'J.I.T.M. Parlakhemundi', '', '2017-10-05 13:01:12', '0000-00-00 00:00:00', '', 1),
(1532, 'Jarka', '', '2017-10-05 13:01:12', '0000-00-00 00:00:00', '', 1),
(1533, 'Junagad', 'Junagarh,Junagadh', '2019-03-18 11:19:46', '0000-00-00 00:00:00', '', 0),
(1534, 'Junagadh', 'Junagarh,Junagad', '2019-03-18 11:19:35', '2018-09-17 12:18:41', '', 0),
(1535, 'Karsingh', '', '2017-10-05 13:01:12', '0000-00-00 00:00:00', '', 1),
(1536, 'Kenduguda', '', '2017-10-05 13:01:12', '0000-00-00 00:00:00', '', 1),
(1537, 'Kiribur', '', '2017-10-05 13:01:12', '0000-00-00 00:00:00', '', 1),
(1538, 'Kotagarh', '', '2017-10-05 13:01:12', '0000-00-00 00:00:00', '', 1),
(1539, 'Motu', '', '2017-10-05 13:01:12', '0000-00-00 00:00:00', '', 1),
(1540, 'Muniguda', 'MNGD', '2017-10-05 13:01:12', '0000-00-00 00:00:00', '', 1),
(1541, 'Orissajharkhand Border', '', '2017-10-05 13:01:12', '0000-00-00 00:00:00', '', 1),
(1542, 'Purunapani', '', '2017-10-05 13:01:12', '0000-00-00 00:00:00', '', 1),
(1543, 'Sarankul', '', '2017-10-05 13:01:12', '0000-00-00 00:00:00', '', 1),
(1544, 'Tangi Chandpur', '', '2017-10-05 13:01:12', '0000-00-00 00:00:00', '', 1),
(1545, 'Utkella', '', '2017-10-05 13:01:12', '0000-00-00 00:00:00', '', 1),
(1546, 'Chaibasa', '', '2017-10-05 13:01:12', '2018-09-17 12:18:41', '', 1),
(1547, 'Noamundi', '', '2017-10-05 13:01:12', '0000-00-00 00:00:00', '', 1),
(1548, 'Panposh', 'PPO', '0000-00-00 00:00:00', '0000-00-00 00:00:00', '', 1),
(1549, 'Chandabali', '', '0000-00-00 00:00:00', '0000-00-00 00:00:00', '', 1),
(1550, 'Thidi', '', '0000-00-00 00:00:00', '0000-00-00 00:00:00', '', 1),
(1551, 'Pirhat', '', '0000-00-00 00:00:00', '0000-00-00 00:00:00', '', 1),
(1552, 'Balikuda', '', '0000-00-00 00:00:00', '0000-00-00 00:00:00', '', 1),
(1553, 'Kandarpur', 'KDRP', '0000-00-00 00:00:00', '0000-00-00 00:00:00', '', 1),
(1554, 'Simdega', '', '0000-00-00 00:00:00', '0000-00-00 00:00:00', '', 1),
(1555, 'Jharpokharia', '', '0000-00-00 00:00:00', '0000-00-00 00:00:00', '', 1),
(1556, 'Raj khariar', 'Raja Khariar', '0000-00-00 00:00:00', '0000-00-00 00:00:00', '', 1),
(1557, 'Chatiguda', '', '0000-00-00 00:00:00', '0000-00-00 00:00:00', '', 1),
(1558, 'Narla', '', '0000-00-00 00:00:00', '0000-00-00 00:00:00', '', 1),
(1559, 'Kashipur', '', '0000-00-00 00:00:00', '2018-09-17 12:18:41', '', 1),
(1560, 'Tikiri', 'TKRI', '0000-00-00 00:00:00', '0000-00-00 00:00:00', '', 1),
(1561, 'JK Pur', 'J.K. Pur', '0000-00-00 00:00:00', '0000-00-00 00:00:00', '', 1),
(1562, 'Tumudibandha', '', '0000-00-00 00:00:00', '0000-00-00 00:00:00', '', 1),
(1563, 'Baliguda', '', '0000-00-00 00:00:00', '0000-00-00 00:00:00', '', 1),
(1564, 'Therubali', 'THV,Terubali', '0000-00-00 00:00:00', '0000-00-00 00:00:00', '', 1),
(1565, 'Bisam Cuttack', '', '0000-00-00 00:00:00', '0000-00-00 00:00:00', '', 1),
(1566, 'Athagarh', '', '0000-00-00 00:00:00', '0000-00-00 00:00:00', '', 1),
(1567, 'Narasingpur', '', '0000-00-00 00:00:00', '0000-00-00 00:00:00', '', 1),
(1568, 'Barsuan', '', '0000-00-00 00:00:00', '0000-00-00 00:00:00', '', 1),
(1569, 'Jhumpura', '', '0000-00-00 00:00:00', '0000-00-00 00:00:00', '', 1),
(1570, 'Palashpanga', '', '0000-00-00 00:00:00', '0000-00-00 00:00:00', '', 1),
(1571, 'Padmapur-Keonjhar', '', '0000-00-00 00:00:00', '0000-00-00 00:00:00', '', 1),
(1572, 'Palahada', '', '0000-00-00 00:00:00', '0000-00-00 00:00:00', '', 1),
(1573, 'Lahunipada', '', '0000-00-00 00:00:00', '0000-00-00 00:00:00', '', 1),
(1574, 'Jharadi', '', '0000-00-00 00:00:00', '0000-00-00 00:00:00', '', 1),
(1575, 'Bahalada', '', '0000-00-00 00:00:00', '0000-00-00 00:00:00', '', 1),
(1576, 'Nuagaon', 'NXN', '0000-00-00 00:00:00', '0000-00-00 00:00:00', '', 1),
(1577, 'Udayagiri', '', '2018-03-01 13:03:25', '2018-09-17 12:18:41', '', 1),
(1578, 'Moter', '', '2018-03-01 15:43:49', '0000-00-00 00:00:00', '', 1),
(1579, 'Gumuda', '', '0000-00-00 00:00:00', '0000-00-00 00:00:00', '', 1),
(1580, 'Podamari', '', '0000-00-00 00:00:00', '0000-00-00 00:00:00', '', 1),
(1581, 'Thelkoloi ', 'Telkoi', '0000-00-00 00:00:00', '0000-00-00 00:00:00', '', 1),
(1582, 'Damonjodi', '', '0000-00-00 00:00:00', '0000-00-00 00:00:00', '', 1),
(1583, 'Chipilima', 'Cipilima', '0000-00-00 00:00:00', '0000-00-00 00:00:00', '', 1),
(1584, 'Raigarh-Paralakhemundi', 'Raighar', '0000-00-00 00:00:00', '0000-00-00 00:00:00', '', 1),
(1585, 'Raighar-chhattisgarh', 'Raigarh', '0000-00-00 00:00:00', '0000-00-00 00:00:00', '', 1),
(1586, 'Kantamal', '', '0000-00-00 00:00:00', '0000-00-00 00:00:00', '', 1),
(1587, 'Palsaguda', '', '0000-00-00 00:00:00', '0000-00-00 00:00:00', '', 1),
(1588, 'Manmunda', '', '0000-00-00 00:00:00', '0000-00-00 00:00:00', '', 1),
(1589, 'Bausuni', '', '0000-00-00 00:00:00', '0000-00-00 00:00:00', '', 1),
(1590, 'Madhapur', '', '0000-00-00 00:00:00', '0000-00-00 00:00:00', '', 1),
(1591, 'Athamallick', '', '0000-00-00 00:00:00', '0000-00-00 00:00:00', '', 1),
(1592, 'Bhanjakia', '', '0000-00-00 00:00:00', '0000-00-00 00:00:00', '', 1),
(1593, 'Raruan', '', '0000-00-00 00:00:00', '0000-00-00 00:00:00', '', 1),
(1594, 'Sikuli', '', '0000-00-00 00:00:00', '0000-00-00 00:00:00', '', 1),
(1595, 'Thakurmunda', '', '0000-00-00 00:00:00', '0000-00-00 00:00:00', '', 1),
(1596, 'Anandapur', 'Anandpur', '0000-00-00 00:00:00', '0000-00-00 00:00:00', '', 1),
(1597, 'Jasbantapur', 'Jasabantapur', '0000-00-00 00:00:00', '0000-00-00 00:00:00', '', 1),
(1598, 'Laxmipur', '', '0000-00-00 00:00:00', '0000-00-00 00:00:00', '', 1),
(1599, 'Rakhukana-Rayagada', '', '0000-00-00 00:00:00', '0000-00-00 00:00:00', '', 1),
(1600, 'Narayanpatna-Rayagada', '', '0000-00-00 00:00:00', '0000-00-00 00:00:00', '', 1),
(1601, 'Demo', '', '2019-06-13 17:11:04', '0000-00-00 00:00:00', '', 0),
(1602, 'Dhanbad', '', '0000-00-00 00:00:00', '2018-09-17 12:18:41', '', 1),
(1603, 'Purulia', '', '0000-00-00 00:00:00', '2018-09-17 12:18:41', '', 1),
(1604, 'Jamda', '', '0000-00-00 00:00:00', '0000-00-00 00:00:00', '', 1),
(1605, 'Jagannathpur', '', '0000-00-00 00:00:00', '0000-00-00 00:00:00', '', 1),
(1606, 'Koksora', 'Kokasara', '0000-00-00 00:00:00', '0000-00-00 00:00:00', '', 1),
(1607, 'Ampani', 'Amapani,Ambapani', '0000-00-00 00:00:00', '0000-00-00 00:00:00', '', 1),
(1608, 'Maidalpur', 'Maidalpur', '0000-00-00 00:00:00', '0000-00-00 00:00:00', '', 1),
(1609, 'Ambikapur', '', '0000-00-00 00:00:00', '0000-00-00 00:00:00', '', 1),
(1610, 'Baghicha', '', '0000-00-00 00:00:00', '0000-00-00 00:00:00', '', 1),
(1611, 'Kunkuri', '', '0000-00-00 00:00:00', '0000-00-00 00:00:00', '', 1),
(1612, 'Tapkera', '', '0000-00-00 00:00:00', '0000-00-00 00:00:00', '', 1),
(1613, 'Bheden', 'Veden', '0000-00-00 00:00:00', '0000-00-00 00:00:00', '', 1),
(1614, 'Rengali Camp', 'Rengali Camp', '0000-00-00 00:00:00', '0000-00-00 00:00:00', '', 1),
(1615, 'Khetamundali', 'Khetamundali', '0000-00-00 00:00:00', '0000-00-00 00:00:00', '', 1),
(1616, 'Gereda', 'Gereda', '0000-00-00 00:00:00', '0000-00-00 00:00:00', '', 1),
(1617, 'Hyderabad', 'Hyd', '0000-00-00 00:00:00', '0000-00-00 00:00:00', '', 1),
(1618, 'Bengaluru', 'Bangalore', '0000-00-00 00:00:00', '0000-00-00 00:00:00', '', 1),
(1619, 'Ghens', '', '0000-00-00 00:00:00', '0000-00-00 00:00:00', '', 1),
(1620, 'Mandosil', '', '0000-00-00 00:00:00', '0000-00-00 00:00:00', '', 1),
(1621, 'Dunguripali', 'Dunguripaly, Dunguripalli', '0000-00-00 00:00:00', '0000-00-00 00:00:00', '', 1),
(1622, 'S Rampur', 'S.Rampur,S Rampur', '0000-00-00 00:00:00', '0000-00-00 00:00:00', '', 1),
(1623, 'Ulunda', 'Ulunda', '0000-00-00 00:00:00', '0000-00-00 00:00:00', '', 1),
(1624, 'Binka', 'binika', '0000-00-00 00:00:00', '0000-00-00 00:00:00', '', 1),
(1625, 'Kinjirkela', 'Kin', '0000-00-00 00:00:00', '0000-00-00 00:00:00', '', 1),
(1626, 'Vijayawada', 'Bijayawada', '2018-11-10 13:01:12', '2018-11-10 13:01:12', '', 1),
(1627, 'Visakhapatnam', 'Vizag', '2018-11-10 13:01:12', '2018-11-10 13:01:12', '', 1),
(1628, 'Balimela', 'Balimela', '2018-11-10 13:01:12', '2018-11-10 13:01:12', '', 1),
(1629, 'Chennai', 'Madras', '2017-10-05 13:01:12', '2018-09-19 11:12:29', '', 1),
(1630, 'Coimbatore', 'Coimbatore', '2017-10-05 13:01:12', '2018-09-19 11:12:29', '', 1),
(1631, 'Madurai', '', '2017-10-05 13:01:12', '2018-09-19 11:12:29', '', 1),
(1632, 'Ghatsila', '', '2017-10-05 13:01:12', '2018-09-19 11:12:29', '', 1),
(1633, 'Baharaguda', '', '2017-10-05 13:01:12', '2018-09-19 11:12:29', '', 1),
(1634, 'Jamsola', '', '2017-10-05 13:01:12', '2018-09-19 11:12:29', '', 1),
(1635, 'Basudevpur', '', '2017-10-05 13:01:12', '2018-09-19 11:12:29', '', 1),
(1636, 'CenturionUniversity-Parlakhemundi', 'Paralakhemundi', '0000-00-00 00:00:00', '0000-00-00 00:00:00', '', 1),
(1637, 'Balichandrapur', '', '2017-10-05 13:01:12', '2018-09-19 11:12:29', '', 1),
(1638, 'Rajnagar', '', '2017-10-05 13:01:12', '2018-09-19 11:12:29', '', 1),
(1639, 'Kundei-Umerkot', '', '2017-10-05 13:01:12', '2018-09-19 11:12:29', '', 1),
(1640, 'Laxmisagar', '', '2017-10-05 13:01:12', '2018-09-19 11:12:29', '', 1),
(1641, 'Nayapalli', '', '2017-10-05 13:01:12', '2018-09-19 11:12:29', '', 1),
(1648, 'Bomikhal', '', '2017-10-05 13:01:12', '2018-09-19 11:12:29', '', 1),
(1649, 'DASARATHPUR', '', '2017-10-05 13:01:12', '2018-09-19 11:12:29', '', 1),
(1650, 'Balipatpur', '', '2017-10-05 13:01:12', '2018-09-19 11:12:29', '', 1),
(1651, 'JHUMPURI', '', '2017-10-05 13:01:12', '2018-09-19 11:12:29', '', 1),
(1652, 'BHUSANDPUR', '', '2017-10-05 13:01:12', '2018-09-19 11:12:29', '', 1),
(1654, 'Uttara', '', '2017-10-05 13:01:12', '2018-09-19 11:12:29', '', 1),
(1655, 'Salapada', '', '2017-10-05 13:01:12', '2018-09-19 11:12:29', '', 1),
(1657, 'Rameswar-Khurdha', '', '2017-10-05 13:01:12', '2018-09-19 11:12:29', '', 1),
(1658, 'Nirakarpur', '', '2017-10-05 13:01:12', '2018-09-19 11:12:29', '', 1),
(1659, 'Tapang', '', '2017-10-05 13:01:12', '2018-09-19 11:12:29', '', 1),
(1660, 'Gobindabali', '', '0000-00-00 00:00:00', '0000-00-00 00:00:00', '', 1),
(1661, 'Siliguri', '', '0000-00-00 00:00:00', '0000-00-00 00:00:00', '', 1),
(1662, 'M Rampur', 'M. Rampur,M Rampur', '0000-00-00 00:00:00', '0000-00-00 00:00:00', '', 1),
(1663, 'Yungthan', '', '2019-06-13 17:04:02', '0000-00-00 00:00:00', '', 0),
(1664, 'Lachung', '', '2019-06-13 17:16:33', '0000-00-00 00:00:00', '', 0),
(1665, 'Siphong', '', '2019-06-13 17:06:28', '0000-00-00 00:00:00', '', 0),
(1666, 'Syber', '', '2019-06-13 17:05:31', '0000-00-00 00:00:00', '', 0),
(1667, 'Tumba', 'Tumba', '0000-00-00 00:00:00', '0000-00-00 00:00:00', '', 1),
(1668, 'Chikiti', 'Chikiti', '0000-00-00 00:00:00', '0000-00-00 00:00:00', '', 1),
(1669, 'Bhismagiri', 'Bhismagiri', '0000-00-00 00:00:00', '0000-00-00 00:00:00', '', 1),
(1670, 'Sheragada', 'Seragada', '0000-00-00 00:00:00', '0000-00-00 00:00:00', '', 1),
(1671, 'Aska', 'aska,asika', '2019-06-13 18:11:28', '0000-00-00 00:00:00', '', 0),
(1672, 'Tikarpada', '', '0000-00-00 00:00:00', '0000-00-00 00:00:00', '', 1),
(1673, 'Dengaosta', '', '0000-00-00 00:00:00', '0000-00-00 00:00:00', '', 1),
(1674, 'Singipur', '', '0000-00-00 00:00:00', '0000-00-00 00:00:00', '', 1),
(1675, 'Simanbadi', 'Simanbadi', '0000-00-00 00:00:00', '0000-00-00 00:00:00', '', 1),
(1676, 'Pabuaria', 'Pabuaria', '0000-00-00 00:00:00', '0000-00-00 00:00:00', '', 1),
(1677, 'Ruchida-Bargarh', 'Ruchida', '0000-00-00 00:00:00', '0000-00-00 00:00:00', '', 1),
(1678, 'Banspal', 'Banspal', '0000-00-00 00:00:00', '0000-00-00 00:00:00', '', 1),
(1679, 'Oupada', 'Oupada', '0000-00-00 00:00:00', '0000-00-00 00:00:00', '', 1),
(1680, 'Kupari', 'Kupari', '0000-00-00 00:00:00', '0000-00-00 00:00:00', '', 1),
(1681, 'Khaira', 'Khaira', '0000-00-00 00:00:00', '0000-00-00 00:00:00', '', 1),
(1682, 'Khajuripada-Phulbani', 'Khajuripada', '0000-00-00 00:00:00', '0000-00-00 00:00:00', '', 1),
(1683, 'Ramjibanpur-WB', 'Ramjibanpur', '0000-00-00 00:00:00', '0000-00-00 00:00:00', '', 1),
(1684, 'Kharar-WB', 'Kharar', '0000-00-00 00:00:00', '0000-00-00 00:00:00', '', 1),
(1685, 'Ghatal-WB', 'Ghatal', '0000-00-00 00:00:00', '0000-00-00 00:00:00', '', 1),
(1686, 'MechoGram-WB', 'MechoGram', '0000-00-00 00:00:00', '0000-00-00 00:00:00', '', 1),
(1687, 'Jharigaon', 'jharigaon', '0000-00-00 00:00:00', '0000-00-00 00:00:00', '', 1),
(1688, 'Hatabharandi', 'Hatabharandi', '0000-00-00 00:00:00', '0000-00-00 00:00:00', '', 1),
(1689, 'Kantilo', 'Kantilo', '0000-00-00 00:00:00', '0000-00-00 00:00:00', '', 1),
(1690, 'Khandapada', 'Khandapada', '0000-00-00 00:00:00', '0000-00-00 00:00:00', '', 1),
(1691, 'Bokaro', '', '0000-00-00 00:00:00', '0000-00-00 00:00:00', '', 1),
(1692, 'Digha', 'Udaipur Beach, Digha Border', '0000-00-00 00:00:00', '0000-00-00 00:00:00', '', 1),
(1693, 'Agalpuraa', 'Agalpura', '0000-00-00 00:00:00', '2021-02-10 12:22:57', 'Admin', 1),
(1694, 'K Nuagaon', 'K.Nuagaon, K Nuagaon,', '0000-00-00 00:00:00', '0000-00-00 00:00:00', '', 1),
(1695, 'Gutingia', 'Gutingia', '0000-00-00 00:00:00', '0000-00-00 00:00:00', '', 1),
(1696, 'G Udayagiri', 'G.Udayagiri, G Udayagiri', '0000-00-00 00:00:00', '0000-00-00 00:00:00', '', 1),
(1697, 'Sarangada', 'Sarangada', '0000-00-00 00:00:00', '0000-00-00 00:00:00', '', 1),
(1698, 'Budaguda', 'Budaguda', '0000-00-00 00:00:00', '0000-00-00 00:00:00', '', 1),
(1699, 'Ramgiri', 'Ramgiri', '0000-00-00 00:00:00', '0000-00-00 00:00:00', '', 1),
(1700, 'Jiranga', 'Jiranga', '0000-00-00 00:00:00', '0000-00-00 00:00:00', '', 1),
(1701, 'Mandalsahi', 'Mandalsahi', '0000-00-00 00:00:00', '0000-00-00 00:00:00', '', 1),
(1702, 'Saramuli', 'SARAMULI', '0000-00-00 00:00:00', '0000-00-00 00:00:00', '', 1),
(1703, 'Gadapur', 'GADAPUR', '0000-00-00 00:00:00', '0000-00-00 00:00:00', '', 1),
(1704, 'Gajalbarhi', 'Gajalbadi', '2019-10-29 13:28:20', '0000-00-00 00:00:00', '', 1),
(1705, 'Asurabandha', 'ASURABANDHA', '0000-00-00 00:00:00', '0000-00-00 00:00:00', '', 1),
(1706, 'Gajalbadi', 'Gajalbarhi', '2019-10-29 13:29:44', '0000-00-00 00:00:00', '', 0),
(1707, 'Seragarh-Ganjam', 'Seragarh (Ganjam)', '0000-00-00 00:00:00', '0000-00-00 00:00:00', '', 1),
(1708, 'Paniganda', 'Paniganda', '0000-00-00 00:00:00', '0000-00-00 00:00:00', '', 1),
(1709, 'Sorada', 'Sorada', '0000-00-00 00:00:00', '0000-00-00 00:00:00', '', 1),
(1710, 'Madhapur-Kantilo', 'Madhapur-Kantilo', '0000-00-00 00:00:00', '0000-00-00 00:00:00', '', 1),
(1711, 'Rajkiari', 'Rajkiari', '0000-00-00 00:00:00', '0000-00-00 00:00:00', '', 1),
(1712, 'Gania', '', '0000-00-00 00:00:00', '0000-00-00 00:00:00', '', 1),
(1713, 'Jalespata', '', '0000-00-00 00:00:00', '0000-00-00 00:00:00', '', 1),
(1714, 'Bataguda', '', '0000-00-00 00:00:00', '0000-00-00 00:00:00', '', 1),
(1715, 'Kurtamgarh', '', '0000-00-00 00:00:00', '0000-00-00 00:00:00', '', 1),
(1716, 'Kalapathar', '', '0000-00-00 00:00:00', '0000-00-00 00:00:00', '', 1),
(1717, 'Phiringia', '', '0000-00-00 00:00:00', '0000-00-00 00:00:00', '', 1),
(1718, 'Boipariguda', '', '0000-00-00 00:00:00', '0000-00-00 00:00:00', '', 1),
(1719, 'Hyderabad-City', '', '0000-00-00 00:00:00', '0000-00-00 00:00:00', '', 1),
(1720, 'Bhadrachalam', '', '0000-00-00 00:00:00', '0000-00-00 00:00:00', '', 1),
(1721, 'Khammam', '', '0000-00-00 00:00:00', '0000-00-00 00:00:00', '', 1),
(1722, 'Kothagudam', '', '0000-00-00 00:00:00', '0000-00-00 00:00:00', '', 1),
(1723, 'MV79-Malkangiri', 'MV 79, Malkangiri', '0000-00-00 00:00:00', '0000-00-00 00:00:00', '', 1),
(1724, 'Kalimela-Malkangiri', 'Kalimela', '0000-00-00 00:00:00', '0000-00-00 00:00:00', '', 1),
(1725, 'Chandili-Kotapad', '', '0000-00-00 00:00:00', '0000-00-00 00:00:00', '', 1),
(1726, 'Kakiriguma', '', '0000-00-00 00:00:00', '0000-00-00 00:00:00', '', 1),
(1727, 'Pune', 'Pune', '0000-00-00 00:00:00', '0000-00-00 00:00:00', '', 1),
(1728, 'Mumbai', 'Bombay', '0000-00-00 00:00:00', '0000-00-00 00:00:00', '', 1),
(1729, 'SHIRIDI SAI TEMPLE', 'shiridi,sai,siridi', '0000-00-00 00:00:00', '0000-00-00 00:00:00', '', 1),
(1730, 'Govinda Palli-Malkangiri', 'Gobinda Palli-Malkangiri,Govindpali', '0000-00-00 00:00:00', '0000-00-00 00:00:00', '', 1),
(1731, 'Badagada', '', '0000-00-00 00:00:00', '0000-00-00 00:00:00', '', 1),
(1732, 'Balipadar', 'BALIPADAR', '2017-10-05 13:01:12', '0000-00-00 00:00:00', '', 1),
(1733, 'Keonjhar Bypass', '', '2020-03-12 13:17:55', '0000-00-00 00:00:00', '', 0),
(1734, 'Chandaneswar', 'Chandaneswar', '0000-00-00 00:00:00', '0000-00-00 00:00:00', '', 1),
(1735, 'Kamarda-Baleswar', 'Kamarda', '0000-00-00 00:00:00', '0000-00-00 00:00:00', '', 1),
(1736, 'Thanachak-Baleswar', 'Thanachak', '0000-00-00 00:00:00', '0000-00-00 00:00:00', '', 1),
(1737, 'Baliapal', '', '0000-00-00 00:00:00', '0000-00-00 00:00:00', '', 1),
(1738, 'Bamur', '', '0000-00-00 00:00:00', '0000-00-00 00:00:00', '', 1),
(1739, 'Boinda', '', '0000-00-00 00:00:00', '0000-00-00 00:00:00', '', 1),
(1740, 'Rafukana', '', '0000-00-00 00:00:00', '0000-00-00 00:00:00', '', 1),
(1741, 'Khairaput', 'Khairaput-Malkangiri', '0000-00-00 00:00:00', '0000-00-00 00:00:00', '', 1),
(1742, 'Guma', 'Gumma', '0000-00-00 00:00:00', '0000-00-00 00:00:00', '', 1),
(1743, 'Chandahandi', '', '0000-00-00 00:00:00', '0000-00-00 00:00:00', '', 1),
(1744, 'Haladiagada', '', '0000-00-00 00:00:00', '0000-00-00 00:00:00', '', 1),
(1745, 'Nalco Colony', '', '0000-00-00 00:00:00', '0000-00-00 00:00:00', '', 1),
(1746, 'FCI', '', '0000-00-00 00:00:00', '0000-00-00 00:00:00', '', 1),
(1747, 'Samal', '', '0000-00-00 00:00:00', '0000-00-00 00:00:00', '', 1),
(1748, 'Khamar', '', '0000-00-00 00:00:00', '0000-00-00 00:00:00', '', 1),
(1749, 'Remuli', '', '0000-00-00 00:00:00', '0000-00-00 00:00:00', '', 1),
(1750, 'Gopili', '', '0000-00-00 00:00:00', '0000-00-00 00:00:00', '', 1),
(1751, 'Gurandi', '', '0000-00-00 00:00:00', '0000-00-00 00:00:00', '', 1),
(1752, 'Garabandha', '', '0000-00-00 00:00:00', '0000-00-00 00:00:00', '', 1),
(1753, 'Adaspur', '', '0000-00-00 00:00:00', '2021-02-04 05:08:21', '', 2),
(1754, 'Niali', '', '0000-00-00 00:00:00', '0000-00-00 00:00:00', '', 1),
(1755, 'Mathili', '', '0000-00-00 00:00:00', '0000-00-00 00:00:00', '', 1),
(1756, 'Udaypur-Balasore', '', '0000-00-00 00:00:00', '0000-00-00 00:00:00', '', 1),
(1757, 'Chitrada-Baripada', '', '0000-00-00 00:00:00', '0000-00-00 00:00:00', '', 1),
(1758, 'AmardaRoad-Baripada', 'Amarda Road', '0000-00-00 00:00:00', '2021-02-06 06:39:33', '', 1),
(1759, 'GandhiChhak-Balasore', '', '0000-00-00 00:00:00', '0000-00-00 00:00:00', '', 1),
(1760, 'Kansabahal', '', '0000-00-00 00:00:00', '0000-00-00 00:00:00', '', 1),
(1761, 'Tirupati', '', '0000-00-00 00:00:00', '0000-00-00 00:00:00', '', 1),
(1762, 'Padmapur-Gunupur', '', '0000-00-00 00:00:00', '0000-00-00 00:00:00', '', 1),
(1764, 'Tusura-Balangir', '', '0000-00-00 00:00:00', '0000-00-00 00:00:00', '', 1),
(1765, 'Gudvela', '', '0000-00-00 00:00:00', '0000-00-00 00:00:00', '', 1),
(1766, 'Jamut', '', '0000-00-00 00:00:00', '0000-00-00 00:00:00', '', 1),
(1767, 'Khuntigora', '', '0000-00-00 00:00:00', '0000-00-00 00:00:00', '', 1),
(1768, 'Saraipali-Chhattisgarh', '', '0000-00-00 00:00:00', '0000-00-00 00:00:00', '', 1),
(1769, 'Basna-Chhattisgarh', '', '0000-00-00 00:00:00', '0000-00-00 00:00:00', '', 1),
(1770, 'Sankara-Chhattisgarh', '', '0000-00-00 00:00:00', '0000-00-00 00:00:00', '', 1),
(1771, 'Pithora-Chhattisgarh', '', '0000-00-00 00:00:00', '0000-00-00 00:00:00', '', 1),
(1772, 'Jhalap-Chhattisgarh', '', '0000-00-00 00:00:00', '0000-00-00 00:00:00', '', 1),
(1773, 'Patewa-Chhattisgarh', '', '0000-00-00 00:00:00', '0000-00-00 00:00:00', '', 1),
(1774, 'Arang-Chhattisgarh', '', '0000-00-00 00:00:00', '0000-00-00 00:00:00', '', 1),
(1775, 'DumaDuma', 'DumDum', '2021-02-10 12:04:15', '2021-07-14 07:38:11', 'Admin', 2),
(1776, 'demo_datas', NULL, '2021-02-25 13:46:10', '2021-07-14 07:38:06', 'Admin', 2),
(1777, 'chandrakanta', NULL, '2021-02-27 06:15:15', '2021-07-14 07:38:01', 'Admin', 2),
(1778, 'Rourkela 12', 'RKL12', '2021-02-27 06:39:20', '2021-07-14 07:39:22', 'Admin', 2),
(1779, 'Demo 001', NULL, '2021-03-13 07:19:59', '2021-07-14 07:37:49', 'Admin', 2),
(1780, 'fffff', 'holi', '2021-04-10 14:20:58', '2021-07-14 07:37:56', 'admin', 2),
(1781, 'fffff', 'holi', '2021-04-12 05:40:56', '2021-07-14 07:37:43', 'admin', 2),
(1782, 'examp2', 'fty', '2021-05-08 09:33:35', '2021-07-14 07:38:17', 'admin', 2),
(1783, 'Bangalore', 'Bengaluru', '2021-06-18 06:34:42', '2021-07-14 07:39:10', 'admin', 1),
(1784, 'abcdff', 'ABC', '2021-06-18 10:10:53', '2021-07-14 07:38:27', 'Admin', 2),
(1785, 'Bhubaneswar', 'BBSR1', '2021-06-18 10:15:16', '2021-07-14 07:38:33', 'Admin', 2),
(1787, 'Bhubaneswar', 'BBSR', '2021-06-18 13:56:17', '2021-07-14 07:38:44', 'Admin', 2),
(1788, 'Bhubaneswar', 'BBSR', '2021-06-18 13:56:20', '2021-07-14 07:38:58', 'Admin', 2),
(1789, 'ttttt', 'ddddaa', '2021-06-30 11:41:57', '2021-07-14 07:35:42', 'Admin', 2),
(1790, 'Bhubaneswar', 'BBR', '2021-07-04 06:34:36', '2021-07-14 07:38:53', 'Admin', 2),
(1791, 'Bhubaneswar', 'BRR', '2021-07-04 09:20:57', '2021-07-14 07:38:49', 'Admin', 2),
(1792, 'Bhubaneswar', 'BBR', '2021-07-04 09:30:42', '2021-07-14 07:35:58', 'Admin', 2),
(1793, 'Bhubaneswar', 'BBE', '2021-07-04 09:41:32', '2021-07-14 07:35:51', 'Admin', 2),
(1794, 'Dhenkanal', 'DKL', '2021-07-16 05:45:41', '2021-07-16 12:12:51', 'Admin', 2),
(1795, 'Balasore', 'BLS', '2021-07-16 05:46:06', '2021-07-16 12:12:44', 'Admin', 2),
(1796, 'Balasore', 'BL', '2021-07-16 05:48:41', '2021-07-16 12:12:36', 'Admin', 2),
(1797, 'BLSORE', 'BL', '2021-07-16 05:51:54', '2021-07-16 12:12:33', 'Admin', 2),
(1798, 'ANUGUL', 'ANU', '2021-07-16 05:54:52', '2021-07-16 12:12:28', 'Admin', 2),
(1799, 'Cuttack', 'CTC', '2021-07-16 06:29:14', '2021-07-16 12:12:04', 'Admin', 2),
(1800, 'new bbsr', 'nbbsr', '2021-07-17 06:35:19', '2021-07-17 06:35:25', 'Admin', 1),
(1801, 'new cuttack', 'nctc', '2021-07-17 07:18:13', '2021-07-17 07:19:01', 'Admin', 1),
(1802, 'new angul', 'naaa', '2021-07-17 07:18:27', '2021-07-17 07:19:04', 'Admin', 1),
(1803, 'new sambalpur', 'nsbp', '2021-07-17 07:18:38', '2021-07-17 07:19:07', 'Admin', 1),
(1804, 'new bargarh', 'nbrg', '2021-07-17 07:18:58', '2021-07-17 07:19:10', 'Admin', 1);

-- --------------------------------------------------------

--
-- Table structure for table `locationcode`
--

CREATE TABLE `locationcode` (
  `id` int(10) UNSIGNED NOT NULL,
  `location_id` int(10) UNSIGNED NOT NULL,
  `type` int(10) UNSIGNED NOT NULL DEFAULT 0 COMMENT '0-Odbus 1- red bus 2-dolphin 3-bus india',
  `providerid` varchar(254) NOT NULL,
  `created_at` datetime NOT NULL,
  `updated_at` datetime NOT NULL,
  `created_by` varchar(50) NOT NULL,
  `status` int(10) UNSIGNED NOT NULL DEFAULT 0
) ENGINE=InnoDB DEFAULT CHARSET=latin1;

--
-- Dumping data for table `locationcode`
--

INSERT INTO `locationcode` (`id`, `location_id`, `type`, `providerid`, `created_at`, `updated_at`, `created_by`, `status`) VALUES
(1, 1291, 1, '501', '2017-10-05 13:01:12', '2018-09-19 11:12:29', '', 1),
(2, 1292, 1, '502', '2017-10-05 13:01:12', '2018-09-19 11:12:29', '', 1),
(3, 1293, 1, '516', '2017-10-05 13:01:12', '2018-09-19 11:12:29', '', 1),
(4, 1294, 1, '541', '2017-10-05 13:01:12', '2018-09-17 12:18:41', '', 1),
(5, 1295, 1, '2567', '2017-10-05 13:01:12', '2018-09-19 11:12:29', '', 1),
(6, 1297, 1, '28689', '2017-10-05 13:01:12', '2018-09-17 12:18:40', '', 1),
(7, 1300, 1, '2569', '2017-10-05 13:01:12', '2018-09-19 11:12:29', '', 1),
(8, 1301, 1, '2566', '2017-10-05 13:01:12', '2018-09-17 12:18:40', '', 1),
(9, 1302, 1, '2568', '2017-10-05 13:01:12', '2018-09-17 12:18:41', '', 1),
(10, 1303, 1, '504', '2017-10-05 13:01:12', '0000-00-00 00:00:00', '', 1),
(11, 1304, 1, '1308', '2017-10-05 13:01:12', '2018-09-19 11:12:29', '', 1),
(12, 1305, 1, '1121', '2017-10-05 13:01:12', '2018-09-17 12:18:41', '', 1),
(13, 1309, 1, '544', '2017-10-05 13:01:12', '2018-09-17 12:18:41', '', 1),
(14, 1313, 1, '511', '2017-10-05 13:01:12', '2018-09-19 11:12:29', '', 1),
(15, 1318, 1, '27301', '2017-10-05 13:01:12', '2018-09-17 12:18:41', '', 1),
(16, 1320, 1, '27442', '2017-10-05 13:01:12', '2018-09-17 12:18:41', '', 1),
(17, 1325, 1, '534', '2017-10-05 13:01:12', '2018-09-17 12:18:40', '', 1),
(18, 1335, 1, '27300', '2017-10-05 13:01:12', '2018-09-17 12:18:40', '', 1),
(19, 1337, 1, '24707', '2017-10-05 13:01:12', '2018-09-17 12:18:41', '', 1),
(20, 1345, 1, '503', '2017-10-05 13:01:12', '2018-09-19 11:12:29', '', 1),
(21, 1350, 1, '24744', '2017-10-05 13:01:12', '0000-00-00 00:00:00', '', 1),
(22, 1351, 1, '25305', '2017-10-05 13:01:12', '2018-09-17 12:18:41', '', 1),
(23, 1352, 1, '500', '2017-10-05 13:01:12', '2018-09-17 12:18:40', '', 1),
(24, 1368, 1, '3941', '2017-10-05 13:01:12', '2018-09-17 12:18:41', '', 1),
(25, 1369, 1, '25307', '2017-10-05 13:01:12', '2018-09-17 12:18:41', '', 1),
(26, 1376, 1, '25285', '2017-10-05 13:01:12', '2018-09-17 12:18:40', '', 1),
(27, 1381, 1, '540', '2017-10-05 13:01:12', '2018-09-17 12:18:41', '', 1),
(28, 1384, 1, '24748', '2017-10-05 13:01:12', '2018-09-17 12:18:41', '', 1),
(29, 1386, 1, '537', '2017-10-05 13:01:12', '0000-00-00 00:00:00', '', 1),
(30, 1387, 1, '539', '2017-10-05 13:01:12', '2018-09-17 12:18:41', '', 1),
(31, 1392, 1, '1896', '2017-10-05 13:01:12', '2018-09-19 11:12:29', '', 1),
(32, 1394, 1, '523', '2017-10-05 13:01:12', '2018-09-17 12:18:41', '', 1),
(33, 1404, 1, '530', '2017-10-05 13:01:12', '2018-09-17 12:18:41', '', 1),
(34, 1407, 1, '1118', '2017-10-05 13:01:12', '2018-09-19 11:12:29', '', 1),
(35, 1408, 1, '1116', '2017-10-05 13:01:12', '2018-09-19 11:12:29', '', 1),
(36, 1413, 1, '1401', '2017-10-05 13:01:12', '2018-09-19 11:12:29', '', 1),
(37, 1418, 1, '25230', '2017-10-05 13:01:12', '2018-09-17 12:18:41', '', 1),
(38, 1424, 1, '3945', '2017-10-05 13:01:12', '2018-09-17 12:18:41', '', 1),
(39, 1436, 1, '535', '2017-10-05 13:01:12', '2018-09-17 12:18:41', '', 1),
(40, 1504, 1, '546', '2019-03-18 11:20:12', '0000-00-00 00:00:00', '', 1),
(41, 1506, 0, '1062', '2017-10-05 13:01:12', '2018-09-19 11:12:29', '', 1),
(42, 1507, 1, '26251', '2017-10-05 13:01:12', '2018-09-19 11:12:29', '', 1),
(43, 1508, 1, '1060', '2017-10-05 13:01:12', '2018-09-19 11:12:29', '', 1),
(44, 1509, 1, '1402', '2017-10-05 13:01:12', '2018-09-19 11:12:29', '', 1),
(45, 1511, 1, '27096', '2017-10-05 13:01:12', '2018-09-19 11:12:29', '', 1),
(46, 1518, 1, '1158', '2017-10-05 13:01:12', '2018-09-17 12:18:41', '', 1),
(47, 1534, 1, '1199', '2019-03-18 11:19:35', '2018-09-17 12:18:41', '', 0),
(48, 1546, 1, '27766', '2017-10-05 13:01:12', '2018-09-17 12:18:41', '', 1),
(49, 1559, 1, '27328', '0000-00-00 00:00:00', '2018-09-17 12:18:41', '', 1),
(50, 1577, 1, '2414', '2018-03-01 13:03:25', '2018-09-17 12:18:41', '', 1),
(51, 1602, 1, '1890', '0000-00-00 00:00:00', '2018-09-17 12:18:41', '', 1),
(52, 1603, 1, '26254', '0000-00-00 00:00:00', '2018-09-17 12:18:41', '', 1),
(53, 1617, 0, '6', '0000-00-00 00:00:00', '0000-00-00 00:00:00', '', 1),
(54, 1618, 0, '3', '0000-00-00 00:00:00', '0000-00-00 00:00:00', '', 1),
(55, 1626, 0, '11', '2018-11-10 13:01:12', '2018-11-10 13:01:12', '', 1),
(56, 1627, 0, '17', '2018-11-10 13:01:12', '2018-11-10 13:01:12', '', 1),
(57, 1628, 1, '27299', '2018-11-10 13:01:12', '2018-11-10 13:01:12', '', 1),
(58, 1629, 0, '102', '2017-10-05 13:01:12', '2018-09-19 11:12:29', '', 1),
(59, 1630, 0, '109', '2017-10-05 13:01:12', '2018-09-19 11:12:29', '', 1),
(60, 1631, 1, '104', '2017-10-05 13:01:12', '2018-09-19 11:12:29', '', 1),
(61, 1661, 1, '1293', '0000-00-00 00:00:00', '0000-00-00 00:00:00', '', 1),
(62, 1780, 4, '122', '2021-04-10 14:20:58', '2021-04-10 14:20:58', 'admin', 0),
(63, 1780, 5, '123', '2021-04-10 14:20:58', '2021-04-10 14:20:58', 'admin', 0),
(64, 1781, 4, '122', '2021-04-12 05:40:57', '2021-04-12 05:40:57', 'admin', 0),
(65, 1781, 5, '123', '2021-04-12 05:40:57', '2021-04-12 05:40:57', 'admin', 0);

-- --------------------------------------------------------

--
-- Table structure for table `odbus_charges`
--

CREATE TABLE `odbus_charges` (
  `id` int(11) NOT NULL,
  `payment_gateway_charges` double(8,2) NOT NULL COMMENT 'Value in %',
  `email_sms_charges` double(8,2) NOT NULL,
  `odbus_gst_charges` double(8,2) NOT NULL COMMENT 'Value in %',
  `advance_days_show` int(11) NOT NULL,
  `support_email` varchar(50) NOT NULL,
  `booking_email` varchar(50) NOT NULL,
  `request_email` varchar(50) NOT NULL,
  `other_email` varchar(50) DEFAULT NULL,
  `mobile_no_1` bigint(20) NOT NULL,
  `mobile_no_2` bigint(20) NOT NULL,
  `mobile_no_3` bigint(20) NOT NULL,
  `mobile_no_4` bigint(20) DEFAULT NULL,
  `created_at` datetime NOT NULL,
  `updated_at` datetime NOT NULL,
  `created_by` varchar(250) NOT NULL,
  `status` int(11) NOT NULL DEFAULT 1
) ENGINE=InnoDB DEFAULT CHARSET=latin1;

--
-- Dumping data for table `odbus_charges`
--

INSERT INTO `odbus_charges` (`id`, `payment_gateway_charges`, `email_sms_charges`, `odbus_gst_charges`, `advance_days_show`, `support_email`, `booking_email`, `request_email`, `other_email`, `mobile_no_1`, `mobile_no_2`, `mobile_no_3`, `mobile_no_4`, `created_at`, `updated_at`, `created_by`, `status`) VALUES
(1, 2.56, 2.40, 5.00, 10, 'support@odbus.in', 'booking@odbus.in', 'request@odbus.in', NULL, 9583918888, 9937000838, 7978201573, NULL, '2021-09-07 15:35:55', '2021-10-01 10:39:17', 'admin', 1);

-- --------------------------------------------------------

--
-- Table structure for table `offers`
--

CREATE TABLE `offers` (
  `id` int(11) NOT NULL,
  `offer_category_id` int(11) NOT NULL,
  `offer_image` blob NOT NULL,
  `offer_text` varchar(250) NOT NULL,
  `created_at` timestamp NOT NULL DEFAULT current_timestamp() ON UPDATE current_timestamp(),
  `updated_at` timestamp NOT NULL DEFAULT '0000-00-00 00:00:00',
  `created_by` varchar(250) NOT NULL,
  `status` int(11) NOT NULL DEFAULT 0
) ENGINE=InnoDB DEFAULT CHARSET=latin1;

-- --------------------------------------------------------

--
-- Table structure for table `offer_category`
--

CREATE TABLE `offer_category` (
  `id` int(11) NOT NULL,
  `category_name` varchar(250) NOT NULL,
  `created_at` timestamp NOT NULL DEFAULT current_timestamp() ON UPDATE current_timestamp(),
  `updated_at` timestamp NOT NULL DEFAULT '0000-00-00 00:00:00',
  `status` int(11) NOT NULL DEFAULT 1
) ENGINE=InnoDB DEFAULT CHARSET=latin1;

--
-- Dumping data for table `offer_category`
--

INSERT INTO `offer_category` (`id`, `category_name`, `created_at`, `updated_at`, `status`) VALUES
(1, 'BUS WISE COUPON', '2021-09-11 12:16:31', '2021-09-11 12:16:31', 1),
(2, 'ROUTE WISE COUPON', '2021-09-11 12:16:31', '2021-09-11 12:16:31', 1),
(3, 'SPECIAL COUPON', '2021-09-11 12:17:06', '2021-09-11 12:17:06', 1);

-- --------------------------------------------------------

--
-- Table structure for table `owner_fare`
--

CREATE TABLE `owner_fare` (
  `id` int(10) UNSIGNED NOT NULL,
  `bus_operator_id` int(11) DEFAULT NULL,
  `source_id` int(11) DEFAULT NULL,
  `destination_id` int(11) DEFAULT NULL,
  `date` text NOT NULL,
  `seater_price` double NOT NULL,
  `sleeper_price` double NOT NULL,
  `reason` text NOT NULL,
  `created_at` datetime NOT NULL,
  `updated_at` datetime NOT NULL,
  `created_by` varchar(50) NOT NULL,
  `status` int(10) UNSIGNED NOT NULL DEFAULT 1
) ENGINE=InnoDB DEFAULT CHARSET=latin1;

-- --------------------------------------------------------

--
-- Table structure for table `owner_payment`
--

CREATE TABLE `owner_payment` (
  `id` int(11) NOT NULL,
  `bus_operator_id` int(11) NOT NULL,
  `payment_date` date NOT NULL,
  `amount` int(11) NOT NULL,
  `transaction_id` varchar(250) NOT NULL,
  `remark` text NOT NULL,
  `created_by` varchar(250) NOT NULL,
  `created_at` datetime NOT NULL,
  `updated_at` datetime NOT NULL,
  `status` int(11) NOT NULL
) ENGINE=InnoDB DEFAULT CHARSET=latin1;

--
-- Dumping data for table `owner_payment`
--

INSERT INTO `owner_payment` (`id`, `bus_operator_id`, `payment_date`, `amount`, `transaction_id`, `remark`, `created_by`, `created_at`, `updated_at`, `status`) VALUES
(1, 1, '2021-09-17', 5000, '123214nfh', 'test', 'Admin', '2021-09-16 09:51:55', '2021-09-16 09:51:55', 0);

-- --------------------------------------------------------

--
-- Table structure for table `page_content`
--

CREATE TABLE `page_content` (
  `id` int(11) NOT NULL,
  `page_name` varchar(250) NOT NULL,
  `page_url` varchar(250) NOT NULL,
  `page_description` text NOT NULL,
  `meta_title` text DEFAULT NULL,
  `meta_keyword` text DEFAULT NULL,
  `meta_description` text DEFAULT NULL,
  `extra_meta` text DEFAULT NULL,
  `canonical_url` text DEFAULT NULL,
  `created_at` datetime NOT NULL,
  `updated_at` datetime NOT NULL,
  `created_by` varchar(250) NOT NULL,
  `status` int(11) NOT NULL DEFAULT 1
) ENGINE=InnoDB DEFAULT CHARSET=latin1;

--
-- Dumping data for table `page_content`
--

INSERT INTO `page_content` (`id`, `page_name`, `page_url`, `page_description`, `meta_title`, `meta_keyword`, `meta_description`, `extra_meta`, `canonical_url`, `created_at`, `updated_at`, `created_by`, `status`) VALUES
(1, 'About Us', 'about-us', 'Testing', 'Testing', 'Testing', 'Testing', 'Testing', 'Testing', '2021-10-02 12:46:30', '2021-10-02 12:46:30', 'Admin', 1),
(2, 'fhbg', 'fh', 'fghnrtfhj', 'uikr', 'zdfs', 'xsdgf', 'ghk', 'grfkyur', '2021-10-02 12:46:46', '2021-10-02 13:23:02', 'Admin', 1);

-- --------------------------------------------------------

--
-- Table structure for table `pre_booking`
--

CREATE TABLE `pre_booking` (
  `id` int(10) UNSIGNED NOT NULL,
  `transaction_id` varchar(200) NOT NULL,
  `user_id` int(11) NOT NULL,
  `bus_id` int(10) UNSIGNED NOT NULL,
  `j_day` int(11) NOT NULL DEFAULT 0 COMMENT 'journey day | 0-same day 1-nxt day',
  `journey_dt` date NOT NULL,
  `bus_info` mediumtext NOT NULL COMMENT 'json data',
  `customer_info` mediumtext DEFAULT NULL COMMENT 'json data',
  `total_fare` double(8,2) UNSIGNED NOT NULL,
  `is_coupon` int(11) NOT NULL DEFAULT 0 COMMENT '0-no 1-yes',
  `coupon_code` varchar(80) DEFAULT NULL,
  `coupon_discount` decimal(9,2) DEFAULT NULL,
  `discounted_fare` decimal(9,2) DEFAULT NULL,
  `customer_id` varchar(50) NOT NULL,
  `created_at` datetime NOT NULL,
  `updated_at` datetime NOT NULL,
  `created_by` varchar(50) NOT NULL,
  `status` int(10) UNSIGNED NOT NULL DEFAULT 1
) ENGINE=InnoDB DEFAULT CHARSET=latin1;

-- --------------------------------------------------------

--
-- Table structure for table `pre_booking_detail`
--

CREATE TABLE `pre_booking_detail` (
  `id` int(11) NOT NULL,
  `pre_booking_id` int(10) UNSIGNED NOT NULL,
  `journey_date` date NOT NULL,
  `j_day` int(11) NOT NULL DEFAULT 0 COMMENT 'journey day | 0-same day 1-nxt day',
  `bus_id` varchar(120) NOT NULL,
  `seat_name` varchar(120) NOT NULL,
  `created_at` datetime NOT NULL,
  `updated_at` datetime NOT NULL,
  `created_by` varchar(50) NOT NULL,
  `status` int(10) UNSIGNED NOT NULL DEFAULT 1
) ENGINE=InnoDB DEFAULT CHARSET=latin1;

-- --------------------------------------------------------

--
-- Table structure for table `reason`
--

CREATE TABLE `reason` (
  `id` int(11) NOT NULL,
  `name` varchar(254) NOT NULL,
  `created_at` datetime NOT NULL,
  `updated_at` datetime NOT NULL,
  `created_by` varchar(50) NOT NULL,
  `status` int(10) UNSIGNED NOT NULL DEFAULT 1
) ENGINE=InnoDB DEFAULT CHARSET=latin1;

-- --------------------------------------------------------

--
-- Table structure for table `review`
--

CREATE TABLE `review` (
  `id` int(10) UNSIGNED NOT NULL,
  `pnr` varchar(60) NOT NULL,
  `bus_id` int(10) UNSIGNED NOT NULL,
  `users_id` int(10) NOT NULL,
  `title` varchar(255) DEFAULT NULL,
  `reference_key` varchar(250) NOT NULL COMMENT 'link for email',
  `rating_overall` float NOT NULL DEFAULT 0 COMMENT 'out of 5',
  `rating_comfort` float NOT NULL DEFAULT 0 COMMENT 'out of 5',
  `rating_clean` float NOT NULL DEFAULT 0 COMMENT 'out of 5',
  `rating_behavior` float NOT NULL DEFAULT 0 COMMENT 'out of 5',
  `rating_timing` float NOT NULL DEFAULT 0 COMMENT 'out of 5',
  `comments` varchar(2500) NOT NULL,
  `created_at` datetime NOT NULL,
  `updated_at` datetime NOT NULL,
  `created_by` varchar(50) NOT NULL,
  `status` int(10) UNSIGNED NOT NULL DEFAULT 0
) ENGINE=InnoDB DEFAULT CHARSET=latin1;

--
-- Dumping data for table `review`
--

INSERT INTO `review` (`id`, `pnr`, `bus_id`, `users_id`, `title`, `reference_key`, `rating_overall`, `rating_comfort`, `rating_clean`, `rating_behavior`, `rating_timing`, `comments`, `created_at`, `updated_at`, `created_by`, `status`) VALUES
(1, '81970326', 5, 2, 'Testing by Lima', 'lima@gmail.com', 4.2, 3.8, 4.1, 2.9, 5, 'Testing by LimaTesting by LimaTesting by LimaTesting by LimaTesting by LimaTesting by LimaTesting by LimaTesting by LimaTesting by LimaTesting by LimaTesting by LimaTesting by LimaTesting by LimaTesting by LimaTesting by LimaTesting by LimaTesting by LimaTesting by LimaTesting by Lima', '2021-09-27 09:59:16', '2021-09-27 09:59:16', '', 1),
(2, '45019378', 5, 2, 'Testing by Lima', 'lima@gmail.com', 4.2, 3.8, 4.1, 2.9, 5, 'Testing by LimaTesting by LimaTesting by LimaTesting by LimaTesting by LimaTesting by LimaTesting by LimaTesting by LimaTesting by LimaTesting by LimaTesting by LimaTesting by LimaTesting by LimaTesting by LimaTesting by LimaTesting by LimaTesting by LimaTesting by LimaTesting by Lima', '2021-09-27 09:59:16', '2021-09-27 09:59:16', '', 0),
(3, '85269314', 5, 2, 'Testing by Lima', 'lima@gmail.com', 4.2, 3.8, 4.1, 2.9, 5, 'Testing by LimaTesting by LimaTesting by LimaTesting by LimaTesting by LimaTesting by LimaTesting by LimaTesting by LimaTesting by LimaTesting by LimaTesting by LimaTesting by LimaTesting by LimaTesting by LimaTesting by LimaTesting by LimaTesting by LimaTesting by LimaTesting by Lima', '2021-09-27 09:59:16', '2021-09-27 09:59:16', '', 0),
(4, '26594103', 5, 2, 'Testing by Lima', 'lima@gmail.com', 4.2, 3.8, 4.1, 2.9, 5, 'Testing by LimaTesting by LimaTesting by LimaTesting by LimaTesting by LimaTesting by LimaTesting by LimaTesting by LimaTesting by LimaTesting by LimaTesting by LimaTesting by LimaTesting by LimaTesting by LimaTesting by LimaTesting by LimaTesting by LimaTesting by LimaTesting by Lima', '2021-09-27 09:59:16', '2021-09-27 09:59:16', '', 0),
(5, '86295104', 7, 2, 'Demo Video', 'banashri.seofied1@gmail.com', 5, 4, 4, 5, 4, 'testing', '2021-09-29 13:17:03', '2021-09-29 13:17:03', 'Lima Mohanty', 1),
(6, '80941236', 7, 2, 'Default template', 'banashri.seofied1@gmail.com', 5, 5, 5, 5, 3, 'testing', '2021-09-29 13:40:06', '2021-09-29 13:40:06', 'Lima Mohanty', 1),
(7, '07236149', 5, 1, 'title 1', 'banashri.seofied@gmail.com', 5, 4, 3, 3, 5, 'comments 1', '2021-09-29 13:52:51', '2021-09-29 13:52:51', 'Lima Mohanty', 0),
(8, '25963148', 5, 1, 'Demo Video', 'banashri.seofied@gmail.com', 2, 3, 4, 4, 4, 'Testing by LimaTesting by LimaTesting by LimaTesting by LimaTesting by LimaTesting by LimaTesting by LimaTesting by LimaTesting by LimaTesting by LimaTesting by LimaTesting by LimaTesting by LimaTesti', '2021-09-29 15:17:04', '2021-09-29 15:17:04', 'Lima Mohanty', 0);

-- --------------------------------------------------------

--
-- Table structure for table `safety`
--

CREATE TABLE `safety` (
  `id` int(11) NOT NULL,
  `name` varchar(250) NOT NULL,
  `icon` mediumblob DEFAULT NULL,
  `created_at` datetime NOT NULL,
  `updated_at` datetime NOT NULL,
  `created_by` varchar(250) NOT NULL,
  `status` int(11) NOT NULL DEFAULT 0
) ENGINE=InnoDB DEFAULT CHARSET=latin1;

--
-- Dumping data for table `safety`
--

INSERT INTO `safety` (`id`, `name`, `icon`, `created_at`, `updated_at`, `created_by`, `status`) VALUES
(1, 'staff with mask', 0x2f396a2f3277424441414d4341674d4341674d4441774d4541774d45425167464251514542516f484277594944416f4d4441734b4377734e44684951445134524467734c4542595145524d55465255564441385847425955474249554652542f3277424441514d454241554542516b4642516b554451734e464251554642515546425155464251554642515546425155464251554642515546425155464251554642515546425155464251554642515546425155464251554642542f7741415243414559415959444153494141684542417845422f3851414867414241414d4141674d424151414141414141414141414141634943515547415149454177722f784142584541414241774d43417751454242414943776b41414141424141494442415547427845494569454a457a464246434a525952555a4d6e455746786734516c4a5756336142677047556c62545349324a796b715778302b4d6b4a544d3351314e5564485768305363355932527a6f374c4478502f454142734241514143417745424141414141414141414141414141414442414543427755472f3851414d7845424141454341775147434163414141414141414141414145434177514645524d6851564547456859786f644555556c4e686359475238534979516c53787765482f3267414d41774541416845444551412f414e55305245424552415245514552454245524152455145524542455241524551455245424552415245514552454245524152455145524542455241524551455245424552415245514552454245524152455145524542455241524551455245424552415245514552454245524152455145524542455241524551455245424552415245514552454245524152455145524542455241524551455245424552415245514552454245524152455145524542455241524551455245424552415245514552454245524152455145524542455241524551455245424552415245514552454245524152455145524542455241524551455245424552415245514552454245524152455145524542455241524551455245424552415245514552563734304f4c3278634a476d76777455787833544b626c7a7757537a4f667436524b414f6153546271496d62677549366b6c7252735862674a533152316977765258484833334e386b6f4d62746733445a6132585a307268396a477762756b642f465943666371555a333230476c6c6a7135494d5978584938706247647653704246517750384165336e4c6e37664f774b714f682f43317242326b476256476f2b6f4f51314e73785238726f2f686d7069356a4b31727574505151626872574e4f344c756a41642f6c7544677447644e4f7a63304130316f49596d344c545a4e574d4144362f4a486d756c6b50744c586252742f4a59454658666a777250393653752f58386639676e7834566e2b394a5866722b5038417346656e366b3752623731474766714b6d2f6354366b3752623731474766714b6d2f635155572b5043732f33704b373966782f3243664868576637306c642b76342f374258702b704f30572b3952686e3669707633452b704f30572b3952686e366970763345464c38623762624371757261322b3662332b3230784f7a706143756771334e48743558434c2b74573930473478644a2b49396f6877764b6f4b69374276504a5a6131707071356748696536663165423575595841653166466c7641726f486d6c452b6d72394b386367446d376437626154304b567676443453776a38366f547853646c4265394d49704d35304d75317a7559747a765333574b61582f474e50792b747a306b374f55794675323459646e394f6a6e6e6f673174525a36646e4832686c54724a55513659616d565447357a444752624c744941773356724153364b5164414b686f424f34323577443044676562517441524551455245424552415245514552454245524152455145524542455241524551455245424552415245514552454245524152455145524542455241524551654364677352736a6258397042326855746f64565466515a5356556c4f783062756c505a36527835334d2b31644d346b372f414730773969324a316c76452b4f36525a7664615a785a5555466a7271714e773851356c4f39772f35674c4d54735138666771737a31557672326731564a623643696a6566454e6d6b6c652f3835685a2b5a4271316a654e327a454c4262374a5a61474332576d33774d7071576a706d6373634d545273316a523541414c6b6c304c57765844442b48334136764c73317572625a616f4349324e614f6561706c49504c4643776458764f78366551424a49414a476375586474314f4c73396d4d3658526d324e507153336937466b386a66615752734c574833637a766e5161726f73384e494f325a3037797572676f3839786935344e4a4a7333345170705068476a61666134746132526f2b5a6a6c657641395363573151734d5636784c494c646b64716b384b7132314c5a6d412b78334b66565074447469504d494f7949767a6b714934596e53506b61794e674c6e5063646d7441385354354b7275754861546148364a4f6e6f354d6b2b69362b526267327a4741327263313373664c75496d646645462b343969433079384562685a61316e6267517476415a533652537674676341585458344e6e63506279694174423932352b64585334584f4d2f547a69767445373858713571432f5562412b74782b3542724b7542752b334f4143524a48763035326b37626a6d44535145476576617038506a3942745738613173774d4f736a4c7a586839552b6b39515574326a2f6857547432477737304e4c6950746f336e374a6164634f477230477647683247353343317362377a623253314554506b78564464325473487562493134487541554a3971646a63462f344b6332714a57683074716d6f612b427848795869716a6a4a48354d72782b4e644f37486139545850684d714b5356786379323548573030515067316a6d51793744387152782f4767764d6949674969494349694169496749694943496941694967496949434969416949674969494349694169496749694943496941694967496949434969416949676a2f4149685038776d7058344d3350396c6b57644859646e616f31692f6b576a2f3953305834685038414d4a71562b444e7a2f5a5a466d31324c463168734e733179756451646f4b4b6a746c54496634724731626a2f414d6767364e78783562662b4d766a7074476a755056726d32697a563473564b4f726f343539673675716e4e48695742726d2f795966655671447050776f3656364e346653592f6a2b475767785252426b316257555563395656753236766d6c6530756353657533674e3967414e67737975794e7363757050466a6d6d66584d643755304e737161336e493349717179634175333976495a682b4e624a494b756133646d356f66725442504d63586a772b3976423562726a41625275447661364944756e396648646d2f76436f746c505a61635165682b51793366534c4d6d58686f4a37716f746478665a37687476767339726e42682f4649642f59467359694447476f344c4f4e6a58517374756333793555397263655633305335534a615944326d47463868642f4e566a6444657876774c45784258616c3332737a697562733432326935714733745073504b65396b2b666d59443971744541415041624c796769696e34543947615447704c4244706469624c564a475933772f4245424c67664d764c65666d2f6a62372b395a4e63574f6a4e33374f54696678584f644f4b696f677871746b6458326d4f57527a2b374c43425530456a7a3165777465414365705a494e7953336462654b6b48612b5948466c4843624c664f363571724772785356724a5150576248493430377838783731685038414a4344735848546d3975314b374f624d637274442b38746c3673397475464f536479475356644d38412b386237483367726f6e59782f577535422b4656562b7a3079686a4463316c793773574d78705a704f396b734d7874504d54313557334b6e6c5950784e6d61506d436d6673592f725863672f4371712f5a365a426668455241524551455245424552415245514552454245524152455145524542455241524551455245424552415245514552454245524152455145524542455877582b2f572f46724a58336937566b4e76746442412b717171756f64797877784d61585065342b5141424b447033454a2f6d45314b2f426d352f7373697967374d2b3476745044397859316b665353484649337449386a364c58624b587466653243776a496363792f454d57776d37336d333353335664726a764e5a564d6f326b79784f6a457259655637693331747748467049385146412f5a6638534f6d57685662714c5974543677322b32355a42523073636c525276714b523747436473724a7555456872684d4231615152767551676d7673504c577a30665636346b44764f61315534507532715866394671636f6e34637450744973457775575852326b736b574f58536630715371737456365648504a74734e355339784f7736427050713951414f716c684152455145524542562b342f4c4f4c3577636172307a6d38775a5a5a4b72623377765a4b502f41494b774b2b4739326167794b7a317471756c4a4458323275676654564e4a554d4434356f6e744c587363302b49494a42434446666838757a70757936346b625958457470727851564162374f386c70422f3841557266646a483961376b48345656583750544c705847726d33446e6f4c77723668614e6163316c6d742b5233755343513261797666575364383270686538314532377777686b5a4161392b343641425674344a4f306174334352705a58596257594c5635492b73764574794e5a42636d552f49313863544f554d4d6274794f374a3333486967322f5251647773385832433857654d316c78785753706f726e6269787477733178613174545463322f4b373153577659375a327a6d6e79494942364b635542455241524551455245424552415245514552454245524152455145524542455241524551455245424552415245514552454245524152455146584c74456262637272775836707732726e394a6262575450456669595935346e7a6669377472392f64757247723437766161532f57717474747770325664425751767036696e6b47375a5933744c58745075494a4834304758765a4661583653367036555a74426b3246342f6b3257554e334866793369686971354730636b4c65354442494479743532546238753235485879566939594f7974304c314e7070704c525a4a3843753768757973783655736935764c6d703338305a487561476e33685a2f322b71795473744f4e61654f65477172384a7243574862663841786a614a5837746533794d304a412f4c6a49384839645062547836364e582f567a48744f72586b7a726c65723754777a5556565330376e30626e5452393546455a66735a484e493958626f54796b683352426d766e504272784a38435638714d763030766c64664c464365386d75574e6878643359362f3458517535755a766954306b6150456b4b7976436c3275654e3573794777617852553248337472646d582b6d447667367049482b6b62316441382f6c4d4a3336743642614c535061794d766351316f47354a4f7748765742504552563250693034316278426746706f624e6a303156364b613233514e6a6255525137392f58764452735850504d516468754f3733366b6c5a6a656a75334b4c4e465679756449694e5a612b66563638506e333263622f53542b366e316576443539396e472f306b2f75724d6a347637442f4c4a372f74373251667570385839682f3354332f38416d51667571545a31506d4f302b572b7650306c7076395872772b66665a7876394a50377166563638506e333263622f53542b36737950692f73503841756e762f41504d672f6454347637442f414c70372f77447a49503355326452326e793331352b6b744763353752375144433858727276466e39426b4d314f7a654f3257556d657171486554574e3241487a75494138797336382f347275497a74424d7471634f3030744e665a63596565575331574f557874624354734856316165586f65767137735966414e6366474c654950672b70644c7345646b6d4f334f3433614b6b6c41723461786a4e34346e644249336b486b3759486679634435466162646c627176696d6f50444e51576179576d3357472b343038554e356f36434952392f4952764856753236754d72523163642f575938654143306d6d615a306c376d4378316a483274726835316a585244756748597a34315a71616e754f726551545a46586b427a724a59337570364f4d2b62587a454353543532695038414772563362684d3464644d7450377a56562b6c32493074677439464c55316c545632364f61566b4d624335376a4e4a752f634148727a6237726c6549506a443031345a4c746a74747a6d3531564c5633787a6a41796b70485439314531776136615862354c415841655a505859485971682f616a63613065637a66534c3033716e58566b39524848666136334579656c5338774d644443572f4c39626c4c3976453872504a7757712b3656324e5673724b2f69567a693757794f536c78366e734573637352635842706c716f6a4178783879417835362f616c624a4b736e5a2b384b2f314c656831505158534f4d356c665874754e376b59642b376b35646f3663487a455453523743357a794f6843733267496949434969416949674969494349694169496749694943496941694967496949434969416949674969494349694169496749694943496941694967676e6a42345438653473394d4a4d6675546d32362b30526455576138745a7a506f35794e694350463054396748743877415231614373596446745073683465654f6e547646387a6f5461377861737374384d374f626d593972356d426b6a4865446d4f613845483248794f3458394369787837584779314f6e50466a676d65306a5377566c747061686b6d336a55556453642f77417a58516f4c63647158784f2f534f304b6669746d724f3579334d6d79554d4a6a64732b6d6f674e716d626f6477534349326e32764a4879565450676d30682b677a42483558634965533733396f4d49634f73564744757765376e50722f414442696a484d637775584837786656742f72593534635668634f3770704431704c5843375a6b58546f48794f505862374b52783841727058433532334737634a363271704c5651526373516b714a5777784d386d74426351423741465061702f564c6e7653724d4a7070707746727671337a384f45664f642f33527a726e7841573351706c6d64636252563355584d7a426e6f737247636e6438752b2f4e343738342f4d6f702b4d457872376b62762b6c772f39464d4759564f6b326f4970426b6c77786539436b357534465863596a33664e747a626253447835522b5a64622b6c39772b66374468583666482f617157657472756c38746849792b697a5454696350585658786d4e644f2f64786a67364838594a6a5833493366394c682f364c326937514447705a574d47493363467a6733633155506d647659753966532b3466503968777239506a2f414c5665573442772f4d63484e6f634c4467647752587839502f64575078383176584b5032747a367a35706b754e7670727662366d68725947564e4856524f686d676b47375a474f477a6d6e357753465458516e556134634150462f4636624e4d2f444b3577704b383745696f746b72743254416562346e414f2b646a322f5a4b3274767a37474c7457785564446b646f724b7555387363465058785353504f322b776148456e6f44344b4a654c375237365a6d6e4c727062344f39763968612b70674452753661446265574c3339427a67653170483253563039614e595264483866566c324c6931653355563770313454776e2b76732b58746e6235543376577654756e6f4a6d566a446a5171596e774f3577397331544a79467533694347626a6278335667757a69374f77365243693150314c6f57757a57526e6557717a54414f4670613466355754794e515165672f30594a2b7950713574364c31475138513345446f336a46357133584e7448553236785537704275593766444f5a65516e7a44474754385141386c2f526d337756523255384635524542455241524551455245424552415245514552454245524152455145524542455241524551455245424552415245514552454245524152455145524542555537587a527554554468777063746f6f444e634d4e7268567635527537304f62614b6662356e6479382b35685636317865553431627379787536324737307a617931584f6c6c6f36756e66345352534e4c48742f474355474d6e414e545752756d31376d6f322f343964636553344f66747a6367627641422f46324c2f7741726d557961326159665467302f71735a2b456667727635345a765365353733626b64767479387738666e56565937586465413769767665483543365632505353436e66556c76536f6f4875357161726235457438397641695276697278517a5231454d6373556a4a59704768374a4933637a584e493342424869434343437264457856546f34376e396d2f674d79394b706e383039616d666648443566786f70783858675075362f6f722b39543476416664312f52583936726c4973374f6e6b70396f3830397234552b536d767865412b37722b69763731506938423933583946663371755569624f6e6b646f3830397234552b53734f6c5042594e4d7451724a6c41793734522b445a6a4c364c38486433336d37484e323575384f3379742f412b4373446d2b5855654134666438697279425332326d64554f61543874774871734876633474622b4e63367156636165727375573336693079787a764b31304e537731374b5946377036736e6c69703267654a615864523973344478616b365555376a445269756b474e6f707631646254766e5349307069666434652b556c396a2f704c4e6e33454e66384155697470574d6f635a704a444357523752697471755a6f613065414459752b4f77384e32725a7051427750634f45664448772f5750474b6d4f503649717665355875566d7835717951446d594435694e6f5a47506279452b616e39553362596a534e494552455a455245424552415245514552454245524152455145524542455241524551455245424552415245514552454245524152455145524542455241524551455245476666624936593243383642326e4e3571514e7957793353436970713250594f64547a383350452f375a7537577548734f2b3369643646634c484662486864505459666d56513734436165536775627433476933502b546b387a46374434732f6b2b476b486139665767315038417832672f726b56642b474c674b776a697a34486355754d7a6a6a656330315463597158494b57494f4d6a525653637364524830373167386a75484e386a7475447454564e4d3677382f4859477a6d466d624e2b4e336a453834535a5331554e645377314e4e4e485555387a512b4f614a346579527038433177364565384c3956536a4d3947654a5067637271687237665756654b736558656e554d5a75466f6c4832784732384a50385952752b64653169375171344d69597938595a53565575337253304661364948386c375837666e566d4c6c4d39376c2b4b364c59367a564f7730726a34365438346e7a6c64564143534142755434414b6e4e783751787259534b4842694a54344f71376c366f2f45324d452f6e585661505550582f697a726e324443624658793063783775576e78326d64464330482f5831546a367266627a506150636b334b595259666f786d463672533554464563356d4a384931537a784c63574e4667644856343169465848585a504944464e585175443472643548592b4470665950427669657652644e374b624862666c66475261703731534e754d3976743962636f445662754c4b706f61477939664677353345452b42362b4942567875446a736f3750706458322f4d64563561584a736d7033746e704c46423639766f6e676768306849486676423874677748796630497278326359323752624c2f414f52666632674b7656564e5537335473747979786c6c725a3274387a337a786e2f4f554e6d6b52466f3963524551455245424552415245514552454245524152455145524542455241524551455245424552415245514552454245524152455145524542455241524551455263566b2b56326243724856336d2f33576a737470704738383964587a7468686962375850635141677033327658316f4e542f7832672f726b584c646b39395a5a69762b2f7742782f616e716f666152646f50676d752b42793661594853566435704758474772714d6a6d42677033474c6d325a444734633777533735627555644f676476757265646b39395a5a69762b2f3348397165677543356a587449634151527351664e52626d4843766f396e74513670762b6d654b334b72655358564d747068624b3766327661304f5035314b69494955736642546f526a315579706f394a7354457a447a4e6450624935396a377538356c4c39717331425971474b6974744654304648454e6f36656c69624647776535725141507a4c3745516572764438592f72574d2f5a79663934766c2f7744497676375146737737772f4750363167486f647848556e4331786c35526d31787373393974347546316f4b6d6d705a68484d324f576f6476497a6d477a6e4e355236704942396f3855472f794b4b4e42754b4c54666952736e702b445a4a543347646a513670746b3338445730762f71517539594466707a446470386e465374346f504b4969416949674969494349694169496749694943496941694967496949434969416949674969494349694169496749694943496941694967496938453744636f504b2f4373726165335573315456547830314e4377795354537644574d614275584f4a364141655a5652654a7a744e744c644166533752614b6b5a376d45573744624c524d3330656e65504b657036746273643932734433416a5967654b6f4455333369693754652b7670614f4b6169776873334b364b467a364778556d782f306a7a75366f65505a2f434f486b316f515847346d2b31737748533730757936627778366735497a654d3172486c6c7170336530796a317039765a4873302f6268552b7876526a69633753572f3032513556634b693359615a4f654334585672716132514e2f77444b5572646a4b64756e4d4231323264497277384d6e5a59615a364b6569586e4c6d5236695a5a487338533347414367706e2f774468557833446950747043343941514771363063544959327359304d593041427252734150594547642b6f505a4f5950695844446c397178476d71636c314f6453737171572b58416a765a5a595869517751786a3149684931726d41645865734e3346526c325550474a5973436f4b7252624f61746c696b6b72354b697831746165376a4d7368416c704a436467782f4f4335752f516c7a6d3767386f4f73436f647872396d425a4e66726e585a70674e565359726e4e51544c57553037534b433576383376355154464b664e375151342f4b62755335426641486465566958614e64754c376751354c4e6b74727564646a4e4965534b4449715a3178742f494f67454e58473764726476426f6b3248326f557759723233726d774e5a6b656c51664f506c54577139624e507a4d6b694a4838346f4e564557596c303762327778553776514e4b726c4e507430465665596f32372f6b784f4b694c4a2b314e34677463367032503659346c4259366d6f3956726244517933533464656e52376757742b63526a62326f4e474f4d50693878626854303571376a58316346586c74584139746c735458677a564d3278445875623474686165726e6e7030324737694173374f7a4e3450625a78497a35396e5770396b2b47735971346e32366b64556c38627036325351537a564554323746726f77414f5948786c493637454c6d39422b7931314c317279357562612f337575746c4e555343656f6f716974394b7539643747795345754544534f6e69584164413176516a562f44734f73756e2b4c327a4863647474505a374a62595730394a5255724f574f4a673867507a6b6b376b6b6b6b6b6b6c426b2f727832552b6f65693937475a364435445833706c45387a77554c616e3057383065332b716c6157746d32472f68794f50687975583263506e61323566707a6452694775396771376c364a4a36504e6436656d394875644b34644e71696e49613254627a493548653578577471687269443452394d754a69316d6e7a50486f70626b786e4a5433756a3268754650374f5759446367666150446d2b35423348536e5762437462735a6a762b44354851354662486242306c4b2f313458483747574d374f6a642f46654156335259783672646e31727677655a4e4a6e4f6a642b75575257796c33663658596434726c44474f706250536a63547339764c7a6737456c6a51706434614f3248704b6d576e782f5779306d313162584345354e61594847486d48516d6f706875356839726f39787639673142702b69345444733273476f5750556c39786d3855562b733955336d687272664f32614a2f77417a6d6b39523567395235726d30424552415245514552454245524152455145524542455241524551455245424552415245514552454245524152455145524542512f774157656b5753613661435a5068654a35434d617664796a6a6246575065396b6232746b6135384d6a6d6573316b6a51576b6a666f66416a634b5945515a34634e485a4259626754715739617256306563587068443232696c356f3758436634322b7a352f797556766b576c614232697a304e6774744e627262523039766f4b5a676a677061574a7355555442344e61786f41614237414639694943496941694967394a595754527559396f6378773263306a6345653865616a6a4a4f476e53624d4a48533376545845376e4d3437756d71624c54756b507a75354e2f38416d704b52424439733450644437505543616c306c77324f5548634f4e6c6766742f4f61564a7469786d30347652696b7339736f3756534477676f61646b45592f4a5941467961495041473367764b4967496949504247367262784c6341656c584577796f723772616a594d7265447935465a6d746971484f38752b6274797a44772b574f62626f484257545242526e674e3443383534534e543873756c327a656875324c563148364a53322b3343566e704c2b3861357452504738637362324e61356f3553342b75373174764738794967496949434969416949674969494349694169496749694943496941694967496949434969416949674969494349694169496749694943496941694967496949434969416949674969494349694169496749694943496941694967496949434969416949674969494349694169496749694943496941694967496949434969416949674969494349694169496749694943496941694967496949434969416949674969494349694169496749694943496941694967496949434969416949674969494f7161543531394e44537a44637939422b44506f69737446642f517539373330663069426b7664382f4b336d356566626d355276747673504264725556634a333172476a663447576239686855716f4349694169496749694943496941694967496949434c384b36736a743146555655334e335545627058386a5335334b30626e594471543038416f4c7550454a583370756d743778374837342b31333236564e4f36314d625179314e786846766e6d6a64473454756a59336e6178784c7049794f5277647431424365305555573769537861363439634c7a54557430645355564c62617556726f474e6674577975696a5941582f4b59396a6738485944626f584c703946784c3552566641332f41476358642f703259312b4e2b704c514476493450544f6a4e3633704b333055637864737738736e4c76757a634c446f6f495a786e36637a317555553046545556627244535664624a364a4c537a5071493656345a507951736d4d72434365676d5a487a6a717a6d485664737475747a4c706c5278755044736969764d6442366650537a4768593642727539377072683654314d6e64485974356d4e4c3268376d4f334143533055443458785176752b6e754d336d3659586633337136576c31356e7439726a70704f376f324e595831592f776b67524579414e59586438376c6474483058727156784673714e4e6335756d4530317a6b697446736c6d6979746b45427438553470327a746274492f6e635131374e7a3352594365557533424343656b58566352314a732b61343156354851475a6d5051756b4d4e306e44577731634c423631524673346b78626877446e42764e796c7a51576c726a314f6e3467715772744e707249634d796c3839376b614c4e5147436c6255584b49784f6c4d305964554273624178753537353062687a4e484c753441684b794b464a4f4b2f47433173744a59386a75464b324b6a665556464e527863744c4a565453553845456a58537466336a71694a304f7a576b4e65527551336477376a613959374256366558624d62697973734673733736714f36515843454f6e6f6e3037334d6d6139734a6b446943306b474d76424242424f364476534b4f746473397944414e494d687972453762513357767431766e75412b45705852303855555544356e506331767250364d44517870424a654e334e47354842616838514e46686d6534396a526c6a705750696a723735644a364770714b57333073684c49574f66454f574b535751454e664b357247746a6558626b7444676d4a46563270347272315233432f7448304f56745453306c376d474e68306c5058326b304a63496e3130723543774d6d3259506b523747566e4b3534395a654b546964795231764d4e6456324b79744e346a747a7371766c6c724c5a52557a48305a7142333144504d325a6a6934434a6a6e7973592f6d3361656761517447697264624f4976494c3437444b79657074324a324f3657326d724b6935316d4e5843345564564a4c5653517462465652797852557258746a61397270392b6c524830506e32653661695a66685770676f622f6b6d4d56754c55647571627a647a533247707071696770647a485374373031736f664a4a4a7a414152446e454d7577423551676d704658657031307a742b4f5875655779775753355532567857687257574f7476547266517957324775612b707036575153506c4866434e3349344d6135774855446d64325136733545627a704f3267645937396a4f55564a704b33494b646b6b48667947697136686f70715979504d514270527a643439784850796745376c6f54496949674969494349694169496749694943496941694967496949497134547672574e472f774d733337444370565245424552415245514552454245524152455145524548353145507046504c46336a3475647062336b5a326333636262672b52556134786f465a7361766c48656e5865373357373039316c76443675736454744e524d2b6a4e4873396b554d624e684566467257754c6743357a7575354548436655713433485378556c4e6673696f364530394c5431644c425551426c614b616f6655514f6c4a684c67356a3548443143774f47776348624263784c6f4462547a2b6a354866364c6b7947544a7150754a4b592b6731557666392b324c6d674f374a50535a74784a7a6b632f716c7577324967395a754879317a574449736638416f6b7946754d3369437167466c625042365052436f655a4a485145773935767a46334b4a487661304f4961414f69352b2b365855655235375a4d6e7272746335445a354455556c724268464b7959785069377a6675752b42355a48417445675965684c547369494f6f55334448614c6659625a6136484b386e6f47322b686d74455656547a307a5a6a62704f542f4133457745474e76494f562b776c627564704e79562b31587730592f4a6137375a71473958327a597a656164304652594b476545556a5847427348657335346e53423349787671382f4a7a446d4c43377169494f3157625332335742747970614775726f624a634b326f726169794875585568372b4d746d6961444758736a64493530786131772f68484f3638704c5431716c346571576974567070496330797474545a58742b42726736656c665062596845364c75592b616e4c4a47466a79435a6d794f504b306c3237576b455165317534624d56745675714b4b6c7162704844554f744d6b6864554d63357a376657757259336c78595358535450635a4366454f504c7948717538596a687446686b4e316a6f705a35573347355646306c4e5135704c5a5a6e3837773359445a6f506744756661536949506a315077426d714745585846366938334b78304e30676b704b79613143447670594a474f5a4a46764e464930427a584545686f63504a77585537747739322b2f4277754f5535465673724b534768764d66655573626231444535356a6255686c4f304e32456a6d45776430584e4f7a74396b52427a6c38306373575476793139346b72626c4a6b644d32686d664c4d4775704b5a6f39574b6e4c576a75326835644a763163586e636b674e44654d6730486f4461736970712f4a386975315a6b506f38567a756c5455514d7161696d6833446158654b466a4752467270477535477465524938382b35334245484a5a64704852356c505377564e3775394a6a305449593573626f6e5152304653324a346578727833526b614e77415778794d44674143434f692b74756c4f4f564c73712b4671474c4934386c715935376a42655959366d463759324d6246434979336c37746e4943317042395a7a6e456b754a5245485737547735597a682f77362f434a7039505a377858785631524e6a4e4a525535416a7032514e676131314f396e64657136546c4c53524a4c4934454679562f442f41455573474630317279764963666f73546d394b6f6161684e484b4a6167787a52766d6d6455553072337663796f6d44746e41657554734841454551536f6949674969494349694169496749694943496941694967496949502f2f5a, '2021-06-10 11:30:38', '2021-06-10 11:30:44', 'Admin', 1),
(2, 'sanitizer', 0x6956424f5277304b47676f414141414e5355684555674141415330414141436e43414d414141427a59667257414141416246424d5645582f2f2f396458563157566c5a61576c70565656576e703666382f507853556c4c33392f66362b7670675947426f61476a6d3575627938764a79636e4c65337436516b4a4441774d444778736275377536456849546f364f6a5330744b676f4b426b5a47522b666e36757271375731745a7362477931746257576c706245784d534b696f703565586c4b536b71546b354d3232664a424141414c6b456c45515652346e4f3164695a4b6a4f67774d6c7347452b776f33435a6e382f7a382b494241634832534f7641315831396257376f524d675571535779335a4841343764757a59735750486a683272676d74392b673457417a304851744c343037657844495131566851466c4f4c544e3749416144344370515755346166765a6661777a3341336c714c67383664765a753449444b513867507850333836736f535550782b70693064786a55593669784d6f54554b5a392b70356d69397741685145456e3736706d634b3959745a576a6257383436667661356134704a786a7464614b39452f663242775267386859436b7232784d56444f794f527351447435593841396c555968385a4f7545545149344731534f6c2b2b72356d696f6f6e443471363579774a436f4d784674345647796b43687067436e50574474624d484953344d6630424b6b3936444e506e3066633053465746595668306551672f42587663494550547158302b35414666616f5843614f6767632b3950334e6a76304e42354675644c2b41306657515576492f576631703239756272444c7a6a413443773856496f536f6a542f7031384850396c6838516c2f7a594b39644150556976712b445672394751747031796e513364766346736b4852475174646d51785639633646732b592f567451345862523347412b48726b41453538542b334f764d425756774f4e377a4755703332626e6f496f377736656e5578434b516a6b72302f414b644e31384a4a61697a672b43545145466d77314576796f4f343475716633393638594475744c564b68316e433775676639544c46384d4c6834335261734e7372414533366d615965346642494a743634374230536374546f6356565a2b78766d2f7662325a77572f37504552633337674f727a37447069644a67712b574a51693759425866585779757a62596369375a6e4b4b556f454f3049433574413743534a74696c576353786934554b584346717864334e526b7170624a62647a556d31657662646c78687070762b36626746447a4234463532584a384e6c35445a4e5a7136752f3746646b59716f43766d79346951376d314f734c523134366a783656626c6e6130534e69373776776f73512b5778316f54304a617a6c797363496d6c4b53716468584c356761414b634c51636a32396d346d34536377345a31494a456c4e36314b61783576457452537336435542436e5a387443455a544c6d416c4b6644726f715a713374352b6157597a4634356c79512b7472426c546c57643858313037663853547a4e644a477357665159337344463470626c776e416336674a4462516e7068474e314d4c593861524950367949755739346745695759574377335657517a55447637414453454e4b79467649454233764b6769643747496a4b6e65414f4c4c566441466742343973452b663865784f6a3830746a786f556b48444f51754235697a447072754f65746751306d6e657748725865696d3965336c395354536833747a744135674b56494331646830314237326f5672547170574d68303875546372774b31537456556e4f4536736c74543664615768594f726b5369317066433231676e6f585632486475524554525672567a4d562b6b64444c2f5036745275447278475a564272687942416b63616970704a5855556979527a7557306738685779474e794f2b446270466b795a66736c4870794c4a71362b2b4e71674e5a4836643168576c4b7935417656557870643955694230764c4a367372727249386345412f3946524a6c2f75465962665834684a4d7a7869492f624c68732b413950454a2f37634a754f773234556a6b464d78614a34796d6d704342334b645152786335714d513442616c4d6970544c63756c5a34656449434d2f37795339765937592f6e4370594861464c6f716c643536656e7142493951545751744a7038474c30626c41747459754477773745477a6f45573464376831725970756e4f72726b656c543667724546782b683152396f496377616d376d594f4e79716f6a7a344a36566f4743544f32563567796c6642525969306741322f5166414177755372546f6d4c52576366524736787243634b4774576676673836674a496664425a514f583668336e36744763363144705266554e467a6d45705539514c7942794137313972444a37466868596e614d56504f6f62363642306c73705a776954335673583833774c30737551337657683367616c732f4b7058525167366a367a71664c61584546357a56654145446e3138304b6e73324d5143713548496562346d456c43742b5a37316431415052454a71466863776646776641614871474b6e3569736d4645476c5037324d2f754f48742b476b7758344c54454a6c2b7356542b6c4177712b5a5a5830794f305a385a467a415a2b2f7767567362596167536e63314239314a3142575870354866505777726d647173786c37764e6c7a465072564859614c2b704e586f772f516658434b58306749416578586e4c4c665537485973702b47764f2f5245485172356b35706449766e4e4c7a766758586f363277766e553430714f364b6563694b6a2b70577a2f715279714d59646b712f596e6e707348422b75496e474377717949436e546b777043517256363646562b7575794f3259734f57686c6450564c6f4b44366c4c58347a6f544b564f5a507767533170434c4f6178634646542b70794d545447336f6c4646676f586b365976485a366e706b6e4f654e42713148704c654f635058727853456e304e69304c52346c435578614c4153506263377a71524e45495a3948622f584f7a714279434555494576465a586957554c6655434832766a4d33496753314e785871515051304f312f6570422f67387738486430714f617558734c56536b615979456b6b70306d4e6e497235794e54637676394c794c4834396e544a6a32426b564f6c6f46706e535670325842345a6e6a4c3045317750324b30394f6e693162703952746b767130666a37706458556b32555a35515a2b514e7a3578542b5a3069437377586e3067774c4a7a53783948586c784e4654764f337549457a674c494e756a654837484736475939543465523574495935356e4c704b763352716d355a56756576546a3836556a4a715838594d755238675034364367304872384472544e494a793062483466564137667143337944333334327663707344685533444737775463714f706d7a704b67706d6436546562596b436d41572b65566a313346594135667341576a71704b444646594969744c6a65786c544b4f4d72624871746f74734a314d47396973594379455a436b5a366547546f5452663559522f556164534d33512f374c78644d353635714d6d414c56303443554b363944424e6763504d32744a524f466d306c6354314b37344d7a356f447a336e71614a542f5876767264734b65496e6f4939556e33687854656a4a523155333546754859717758775a424a436a78766f5050576c6a5a4d555371395a4d6a656e7036424a6f7557625834497570495264695a6336566a4f335350584d382f3148566a556d526e382f67474e4f77694f74646169525a756667354c3349474a6f6846565054563471477a7a6e544a4f7139492b33434d714e7466412b32533851557676514553553432464e44717232784e6b506b52314143483658532b362f33546d317a7537564170626554462b6d3950544e374c524f6f50384f523272585a6e555450763056514549584a56725161466a48314a687477456a5636656151476d4976757666344e5478304d39504c676733454765705051354e734f4245446d6449646b395843356764514a5939564c6e777a384d313775386e7845495652625465385536752b6450454b697a64463345617a794737454953724b78776c414777633444466f6a664d44562f61502f504764327664764d444f6939492b744e4f626e7a4a6b7a713658712b5247726a76706a7a6946352b4f6a6c5575524d7653744444497663784a41574d454852413272313775766e56354b695a694556413064386336686c59522b32703942554977734855754143596f557550336d55795678754a4d583633623543524e507857426e7965334b484e4b417769616b674d4167356d64666573746d637757373139735235526d7942763871314f6d43766b696a537631495465565352342b68736858576c66783663386d7334544f315a33304f542b6f35487632455a6f4d67354d6c7752395450377648724157535432522b46504b383855324c49554c4d73312f38506839724362647a4261737a4a61522f744e6239365241326e46714e662f6d494774506d365537366e4366655961334f5971325452532f314f6a764f7654706e776b7972674e7132325a37304f566538793172396b3034752b707162584a746342356a4c53713758574c756c64416963654d5a43316c7574315a544130716f756a424f4439424b7034507a456b35393464543333642f7138313172694e79673258685766486141334b59724576614d2b3039772b34733357347334616158414b7a6b4365685863796278655334733357556f41396d535877484d536673624851516474332b355a4a5738734b504578456236465a3674736d33353233626f38565466653955747a34416a526251765543663749577231455966554b792f496949764b6f464e68656957764834693756534c79754e6c706569726878762f6e55665a626572327051644e4e79736a4d6e63565373352f6d4974343162465252793336716f584f615a523374794767565a5a4b34784a766f4a4e6462354d2f54582b466f6c74675a6a64314d44563966423043725777696c4c353864584c397173576638377930465749784b7a564b6e484978456e66674d743879583756346f31564e5a34612f51426b714d7632717859767266564c715a44354a6468686a336c594a43613643506531726a532b2b356f55756132516b532f66723171497251574163566b6e5664776d6d754373764272626d375156646c597a394d465a71334f70314b7663307867367267712f64544441616258303344376979566f4e765953726c777636456c6f514b623959447742665a396b552f433047613355755a643475626969524c6e5833396c4d4841327a36362f47724670323141435048552b4e586d66685952627a344d6d47726246562b3155496c434374316b36572b6c596a31346a7a4a7170373836724975763272684a2f37506c446e39556b38554e344f74554c5a555557595376316a626a315a6554764e3258415a72344b4a766735746e6973544441455772394b732f7762627939707779316d4a416e4e2f32724e634f4f30696946493971466a514c786f61336c377947625256716c48627a544953554c38394a3274456974467a3337374e634f336273324c466a783434644f336273324c486a48666750324157496451643132594141414141415355564f524b35435949493d, '2021-06-10 11:30:59', '2021-07-17 07:04:10', 'Admin', 1),
(3, 'thermal check', 0x6956424f5277304b47676f414141414e5355684555674141414d6741414144494341594141414374574b36654141414142484e4353565149434167496641686b6941414141416c7753466c7a4141414c4577414143784d42414a71634741414146655a4a52454655654a7a746e586d514864563168372b5242714552517141464937474b5653414c554149474442696241445a4c544568694849646778794c474f4d516b4262474a6f5277446867714f46784b4d347730374945716853477a4168684b4c41474e6a52454a737a41354362474c54614750516869536b6b535a2f6e5065693774504c362b3758322b3035583158587a4f333375752b64656631373579376e6e41754759526947595269475952694759526947595269475952694759526947595269476b59695256546641364d6932774965417a774b7a674e484161384337466259706a7248414263424867476542643670746a744530656f435a7742654165344231774a41364e674c7a67504f41586174705a69684841692b79745a3150564e73636f796e73686c69486d34436c42415552643277422f68653442486876325131763051746344677947744739635257307948475963634270774c62434164494c6f64437745766745634459776f34572f5a462f6966694c624d4b36462b6f77483049672f735a63423859425070487670586742384356774850704c68754358416463436f796c736d626334433145585666432f5156554b6652454134417a676475423161525468427641376341663431385132763241793443486b613657456e754f5141636b6450664e676e34575551392f63424a4f64566a4e496a334147634331774f766b3034514734466641563947487549307334755467584f427535435a7255376a6c646d7461374a794d694b4373507666686f6a484d4f6844706a4b2f4154784f386d2f793976453038432f414b6342324f6256704850414a3447626972645a7178414b4e536e48765075433745666462412f78564c6e2b423453776a67454f424c774833417874494a346a46774933414a3445704a62523346504243687a5974524d596e6e546755654337694876384e374a4e7a327731486d496f4d5250384c574545365161774635694b4c5a6a4e4b626e6562687a71307358334544616250513771412b70704e774b585959764f77596b66675434447634562f77536e71384346774a664a4230335a65692b446e2b3974304b764557773356474c6a654d4a6e33463741566b554e42724f4b4f526876684a3468504346726a5448536d5136747935636a373939357741546b476c6a372f6d4449363466542f422f386950456e63526f4b444f51627339636f7566776f343633674a386773305a66415a61487647636c3161316f6137364a763231666170312f514a302f4c75596535794f4438466542307774727156455a553442504951506b78615154784c76414c34434c67634d49726b7a766748796a36757565705a6946756252636772396458322b642f366b362f37464b57756341765655336f414332513778665477424f4a4e32332b52447746484276362f673134697759785372674d38447a62483334414134454c6b52577671766b4c565765324f473830554247496f74725830595732384a6d584f4b4f4e35432b2b706e417a6c3230342f76717669756f3374586944507874757131312f6970312f704a4b576d63557a69635174347730676c694e75482b636a376944354d5534676a4e45565864642f67422f657835736e662b434f762f4e536c726e414b353373593542706d626a4745546377653846376b4d385477634c614d74717849336a41732b35447950392f616f59554f554a725a394664724636455573384264696c39645037652f766e614f42715a416178747267756b44424850704178515673514479415062786e636a5638674d3075714e34716978694348414563524c6f4364534f356d667758696c506c637976714e684f6a4676433843753166596e6a315565785a5832426151435173394b77657956754d39507a2f46505538464e704f7557787433484a54316a7a506936535734796a756d30685a4a64382f626e7265726251345139426b6269347939764f6357704c6a66625049527869616b69315672584f3569546358662f6e37697032544c514174305179577438444f41337a6c794174313173583644724374464d6453362f324c6b4d2b6e332f4f34393130393945302f385079344c5249382f586b783566533879525a7a6e687a52566c5a666b654f2b737649566649424f424a35454875616431626e7a7239364545392f73335a4372395547415a51514573516178444978684f41756c44706f56504277356e613944514f30687378743341446343694c7471306c79712f304d573938694a734a6d737a4d6e4778512b7663794e62764b7850636277674a2f7830576c4248555878527042504a4a344758673335466b436436497575325168635a4c6b5166364f3844324764756b347a7a657a486966504c48563943356f756b43325156624a6279525a6d476b7638446641623447394d37524a31374530777a3379706f71316b4d62516449484d426a3464636630673059506f2f5946666b6a37795477756b4c6d4d514c325a425575437151455951374f397267667774384f6671334472676e3547353932325263636d7569507636532b713975794f783354306b5277757144674978437a494d6d59702f546c31335a585a435968693837316d49704d754a596a5177682b42386664795570755a5a646530684b61347469732f6762394d4e7266505871504e2f5630586a366f367246715254392b727a2b4b5065426844333937685a70513249474851327749745374457548726c61396b67356d5162716971514c354d31572b444d6d49336f6b745348664c4f342f2f5870496c5852694c50772f745273546c765771536a6b456d454d2f4f534d7a4c312b67754c4d41706d6969516963413054336b6a57377356535669455a4658336b69544f66426456626b6376566b32554264486e4f316d516e79472b62762b414f42664f36723570396364566765697878497378727a32446a456653384967714a356e79315536536236537373796a796d7355367a5050376547524e365636436b79574e776c574278466b512f61416d3656707056716c796b736a4175676f6b7a494c306b4634674e3457634f7748785172695168756248636c45675051532f306232443739335561316b6556503277614d47456f65764e497377693249446669584d6b57364d667658515379437845434e6f6864417a774c53544459754e6331313055794737496c4779624166772b525070427a654c756f6131426b6e7673716371765a3669334b4d4c4747326b467367584a4a5477443656707033676338696752423153476a537936344b4a424f4d316835574242396a7951502b7836715842634c4175457a566d76777a39614e4a566b3279466551554f4a5a42495733445a4938343348716c5541764d796151634c4c635177766b31517a31466b58556a465861715634764e7744546b627a466d674f516c456e644f4837576769594b4a492f42636c71423942434d42566d556f643669434f744f6e554677323457306934564c6b54576e50794c594465314248442b6651625a344d45726946767775456d6435586874424d4177336257367137645831536149554a36747236684271362b55482b4e7333514e436c5a676734746f73367869473577614c3253626d776933745852744d7379475438515741447750715539383969676652617743737036797761625548476837786e48643246434b3847506f646b7456775938766f35586479374d6c7755694e36737853755171735966576941765a3669334b455953484239354755532b2b666442386f643179344f496b2b5a562b504f50505a33447659304f5443472b4b2f4f6e3676573547656f345739336a7867545866455664382f5834743566474e4d51724943717a79452b51324a65694f4154344d524a6973454f483939595331324c536466644b783342555a554736545343524e7a3149504d785668492f42666f6e34564f56684d654a34417366334c6e52644950704231413644575153535a5179693278585742792b4c505a4577343741395035596857307666576d714c484d61314d55676e675978545a54303454554b5752554c6454616c4b4947636a4b5833437848457273677075346b684230797a494f366f634e6c7654696251754978507872782b737066784171636e41646341666872793245736c6b5036665546686d5638436a2b516559783676585071646676536e6e2f392b44504f37755a7a6e7559483658712f47334b4f72766c444b4a33344c32486f4555304773784b2f412b417a6949795862302b53487763756b62505276306d7754565a5a72337959447a696768346d6a4c5849574d4d59527579452f79474932744c676366572b5879464f644a303443466b733831353751657756777266554e52636e754b5a62546b5a634f384c453852444274534a6a4750422b2f412f43597848762b7a6a42682b594f347566686a304279793371765755357730422f475065713630784a636b355778534e72504d47467351424a4d754462785975544570776b75636b56784e38454871422f5a426e6b474d71365969477852646750682b364f66705738616766346d4c796f453956686b6854354d484c386a5757494a6f3846636a662b6875447a6d765a4f5158616169567041374864636b624e4e45646430713069576153384a6f70427358746d6e4e4a7543724a4f74434767336e507677505236634e4d7163674d307070786645316b6a2f6b4a367072483072383179546a554d5264504b79647a79465266495942424c7379302b4c66446b6945334758497245346e5954794c524d716c34534a316a322b6e7644364b58715464326e562f694b326872364f6a4c6a61474839766737324a73496430693577516b654f64324a4a42704c654c6f2b4353797748594b325161334e2b4e2f654e4f6b4b5931694f744757377858456e64777766457a462f364455595673426b4c687a6237734f374f4a654934432f522b4a587773527848593648727872466353544a706e6a4c5a4666386256704a39696e57765a44316d6a42684c455a326c6a574d534537412f3944386f74726d414d48316c6a737a3375647367706e6f3238664e7045756b594f534d4b38364b326839716f796f6644527850394466345a6d52425438632f5a4c324f316e5665666831786a7a672b42767949344b7a5a41484165384a385a376d6b4d513037482f383136682b6531593069327366306d5a4e7130322b7661764b54656431544b76326b61345a5a6a4c756c33746a494b77685733424a313477577452346979416c31356b35627a6236304163494c33705431635354486764787a61496f2b46596466344b5a4c7a526e2b4a65687348522b4c396c662b643537536a4358555830735248347652797541334649394c376e70796e2f487530313344373254486b666f324479646f736f697233787835387677372b4a79354849716e5a55687646424a44626b5558552b3633575041544d393562386b755a76374e435257572b6576585937456f786847616b595248432f73574646626449445565744b7454326a76332f5a785837374e4e495962432f412f5547467831325677753270486e466578356c536975334a3575616b597735542f7750394178586e7a4673573542422f7344795338646753535043314b494a2f50753746473937697944674a775033436d702f7a48774b556472756c6d6e554e7a484843744f6a6566354f7366663446734342704631626d30444d655a516e416338767378372b39326e63504c3455694972335974535272614f684c5a425375754855566d4f44534743665077503152784b383258306c6b6337654f4c4d6666354142494970555631556f70326e396d682f6932592b37715241337046665176524b396a6472484f304f51754a39645a31707430432b516c31443531596f6937657959624370544549774d2b427039693657575150736833782b776875396677773073314b7373366876595037674838465071764f447946784a64656e61505078774d48713342776b73584f6275757949617a534134776c616754764a4c7937375a494a2b566d314c6b795567536b384c50345a454c6e7250335246357457466b49437a317a5479366377302f446e6767354c35445349356637623262684430495468544d516c62657665642b3245573744534e4148354c3155442f49693548306f306c6d6c337151736366464242636876636644784739414538635642495857683277393444312f526362374777586a3268696b7a586f6b55664d442b4d4e6370774466612f322b484f6e4f394c654f7a63684d305937496c4f7030346a657458492f4d68463364756a59744977674f35713976335666375843334a63482f44364d676b5a4b4575365852756b6d4d7a4d6f6a572b34536b5259387a68746771356a6e712f426c64316d55596b6651692b3346334b34773153474b457642627374416938712f5536382b4f486371725479426c587531686542736d2b516552537849586c547541326b6d33356e49512b5a4f39774c374d3976303953723633497156346a5a356f674541696d32376b636565443351375a6c3278455a4536784656735558495a6b4a6931702f4f41562f744f41676b6f43686a525a496c70327744434d78392b4c76736e7930327559454573724e55363972763635527062624f474861556c57453943614d492b6d366436336d395637326d7434307a6a467a5a6765426775387051596a313774526e2f744b3765434d6a635447714d4b316c4e3474446a6a2f6132423157687533667a6b526a364e6e706a305a58464e73666f686959495a4c6f7156376c484f63424856466c764a4b706a365530674e6359456b69393745647730314154694d453051694e3437765571426e4b6a4b2f556a73687865395636494a704d5930515344616b66446c536c6f683641794d656e6f5867674c52635378476a576943514c5450314b497147744869673670386638683764413674714f32736a527267756b4436384b394b723663367a396744674d6e7158466a474537323174416d6b787267756b4e31552b64564b57694563726370764547374e7441565a573068726a46787758534336652f566d4a61305133712f4b55666d7964455a334734505547424e4966687968796c45434d517669454b344c524d39675653575137516d757830547446364a33797a4b4231426a5842614c484949737261595673686544395832346b4f6b5a466437484d57624847754336516e56523557656937696b636e6e6e75613444364b626251464d594855474e63466f7450383145556765734d644c324e554f61386f52714d41544344354d464f5634775269467351686d6961513552573059515379534f68462b31393530525a4562314271474c6d78446e2f7755525578397675714e6777525843333338725a3672783630477a58435a517379476e453161624d57535935514e6a7067617a487837694e39716d7757704d61344c42436446664874536c6f52464d69436d506632344e2f646468505a736a59614a654779515054345931556c7251676d6d6f7354694e37366555504f62544679786d5742314d566c5179664b6a684f49376c365a5147714f79774c5244317456546e3961494d2f48764e63453468676d6b4f3459426579717a69324b65622f7559746b41766561344c42433936575556443974552f502f44496543316d5066724e722b6264344f4d6648465a4948586f726d686e795755643271457469416d6b3572677345503174584165426449706f4e4945346873734371614d46535375514b4939666f7961344c42427451545a56304159395144634c306a4263466f682b324b6f517942525637752f776672334e67566d516d754f7951485462712f4444307074786476496d31674b7051745247436c7757694b594b67656949787251434d51745363356f6b6b437132504567623872754e4b70734671546c4e456b6a5a39424c4d314e374a67706841484d4d456b70304a42486579736a4649777a43425a4363735333756e7452697a494937524a494755485736727732715437504f6842564c4678494b52417063466f67666c49307575583175514a50456f5a6b45637732574236436e53736757694c556753675767725a774b704f53344c524c7470364146773057534a614e5143735335577a58465a4948704172463150696b626e74306f694547336c4c4746447a58465a494e71436c43305137537870467153427543795171693249647266504968437a4944576e53514c52585a366930514a4a6b6d4e586437484d677451636c7757697531686c4379524c5049714e51527a445a59486f4a41316c433054506d695635324530676a7547795148536148373274514e486f2f35304a704947344c424364494671765378524e6c6f41744c5a41744f6258464b41695842614a7a385a59746b437a57494976564d5372455a59466f43784b334a306352354e48464d6774536331775779447238335a7078424f4d7a6969534c515051314a70436134374a41774439514830485177375a4974446578575a4147347270413944684568384157695236554a346c483052624f42464a7a58426549336c564b623670544a466f674f74596a4450332f72694c52684a4543317757695938416e6c566933376c4a6c4559685a6b4a726a756b4257714c4c65743742497a49494d41317758534a55575241736b53634357486f4f595147704f30775369553445576958615754474a42624a4475474b344c52486578644b6244496c6d6e796c6b455968616b3572677545473142646936786275314e6e4b574c5a64516331775779564a556e6c3169337469424a4968724e676a694736774c522b3346554b5a41737a70496d6b4a726a756b415771334b5a417446647243544f6b6d5a42484d4e3167577a4176356f2b6d764a573033575368724c643759305363463067454c516975355255722f59444b397664336969424a6770456236785a4646554862426b6c30415342764b6e4b6535525572316d515955415442504b614b7539655572316149474d6f503447325554424e45496a656d377773432f497551586554744e3073577a69734f553055794a346c317130337a62467556734d7767585448674370333869613264512f4861494a415873662f344f314f65574f42744e37454a68444861494a413373587663744a4c65515031627433746251785363356f674549435856586e766b75725641756e6b627138745346502b2f34326c4b522f516936713862306e31647476464d67745363356f716b48314b716c6348624a6c41476b5a5442504b534b7539665572316d5152704f557753694c55685a416c6d69796d6e48494361516d744d55675378553558306f35322f546a704b644c49684f307443552f33396a61636f487442722f564f2b327746346c314a74574944614c3552684e2b6f4157715049424a645335426e3843375437696b39655a4258474d4a6e31415769445453367058573547345255717a4949375270412f6f4f565775536942783373526d5152796a53522f514d366f386f3652365453414e706b6b66304e4f71504a31792f72375856546d75693255436359776d6655444c38432f636a614763466655304156736d454d646f326766306c436f6658454b6469315135796f4963423579757a6a58742f3938346d7659425061484b4d30756f73354d463651572b43747848634b56395531474e4d6f7777506f564d70626150755358553261667148475272774e5a687747507139665a7845386b7977687447626879452f79466351546c2b57557456765963443179486274476c686241622b456650444d6970674a50414f2f676479452f4b7746686c45395168424b784a6d4e667142457774736832463035454843483835423442626742504964652f554164305855716274555a6536686142696848414c4d4a2f356866514f34427667774d6832636c6e4841716342336b4d794f63585539443579552b6138784b71584a2f654350413163432b335634337943797950676b38414c79774138673278763049414b6169457a66376f2b4d6377366b73785871422f344a2b414532573258556c4a484157636a306236637555463748383843357946594d6875454d78774b7a4566663076455778477069444c41593232536f627734445277476e41393546762b79794332494a307937344e6642537a466f33467675316b5236715a5349445656475162747832516833347a4d6d323842686d62764971343154394263496370777a414d777a414d777a414d777a414d777a414d777a414d777a414d6f776e38482f5368362b6a5534796e634141414141456c46546b5375516d4343, '2021-06-10 11:31:17', '2021-07-17 07:04:21', 'Admin', 1);
INSERT INTO `safety` (`id`, `name`, `icon`, `created_at`, `updated_at`, `created_by`, `status`) VALUES
(4, 'Fire Safety', 0x6956424f5277304b47676f414141414e5355684555674141414d41414141444343414d414141416f796a302b41414141336c424d5645582f2f2f2f314b68547544524859314e5035704b583830644c32646e62393374372f2b766e2f2f507a2f39665434624633314c526637777350325079762b354f4c39326462784f6a33774b69376d342b503565577a7a574676314d687a366b6f622b376576397a3872324e79502b387648324f7962764678766671616e3463325433565550345a6c62335444723459464437714a2f376f5a6a38794d4c336c4a6238764c58366c496e33547a333567336233576b6e32526a50366d35443772716233695976784e546a3267494c7953557a35724b37356948766677384837784d587a564666367572767648694c305a3272784e6a6e346e4a3732653333387437446876627631624737686c5a586f576c766b6734506c643366617a637a657372487170714c7477722b70576d77344141414e72456c45515652346e4f3164615663697652494746576b6168495a6858775a52466b564245526c48484c655a3938374d2f66392f364549485343576453744a4e41752b35682f726b735266713664536570574b784178336f514163363049454f395039477274642f3731566d785749376e57345869375072376e732f366579624b79334b58593362353832346b4c4b337856362f756d384f63584c37343035647a446f446f3932727066624e61354338385756477a66796179756c75627438634130725662724c367a4b2f706f754c746d3346433369774339345347313373664237643748705637517032726652716e334531354f2f61586c4230333973522b725231436257565576746d484a486b644d397a376c4e6b3542432b742f4b796a38303636574c793557586a6a793246574a57755a6d313136754f714e52486a4b353858656c526551363272742f62703949586d75507436564f716436714c386446627565314d7336745634614354515754312f74684838504d5a7a36337458725956343762563856334a6e77742b764663506138635a635776366472692f4556315561696e34336b6a52706948336870637842535938466e613159692f3652584642696e3572744a6c686d7158675a2f37714c726276584b6134464b4679325a6f316f77614c7434337a7179643376423135356245614e655148784764305953453363634d4d764e766f6b584d2b51552b522b4a34486763372f6e3139646b4c4346306a3442677a50544e7330352f6f42415256322f553731575169385854322b445a74485247612f426f387361376143366a587a476a616d52767930714d31786b2b6e332f507a4e646338545635654532414d37336735536d396c48546a2b4f6575667157684a7a373241375261447035552f50566d2f71737248683566473867535073784f6a6d745a6a5166376e6e38394f4b6a456f7a63482f436c5255376a6976634734496763655a36726265653539346b586c49624b346c547a352f725037394142374a636235356143544535766a5874673935526c5a4f6b2f7a31367650445571755a2f7a73333573636778387050566b39385972466e586e344b30356348336f59365479666359357759335736747956565766346661507649464d54354838337a7057664a636a52337779793344437065316e78333944334b4341566a534e49452f6d4c74674e5734722f6c4d64356d58464d4d37466d387367664f4c363262686c66725379445142577032356b747a624f4271656c6158354630326d705243332b637a4a78397668362f2f5a5a6d6b37576a7131316a34366d7937726c752b6a386433552f5266492b6a3378706e3835592f70346e524b745073414631474a395731725562416171563966682f2b69376a50674267495a6d76524c7a7954786743526e537a456431426c54476771507a6b564f774841537847345a354955696e67486c625847536d366a4262594d562b68694e3331694156725567434c7a2f507058327164696a39766733484b6b525335783377447a42772f414435626b3658754c6d6b365861687a5377706759616249304d3048776e637a4469675451513038714142447a4b56762b472b5654766953566b4542594b45385250554c6a30494759487739436831544f4e43444e54482f4f3168784f423849666b414e594347412f6b31353462552b544e4e514563626f476734676c72327341383554346666524152427a426e50304f6950454962506b4a4253674d584b545331687343535641453842435864394b324b5532464b4a7759523330356d6e734a7149414c59773954514153637145697a38493865516365524e31496c5a675a355075624142437241545849684a6a55644b454c51345750444d414c2b68594441474a6a774d696c2f6d4d5638426a716752302f48476a6862743445674253555a65337067787a513443787167423939337537464678503370516e316349587644326352797a7765454b4b52626e4a5431454c3943783241314d6d506f774156427447795179674e6d704d484f514161745543786c43394233775658504353304c6b53534a4164596f717a65454941424b4f4d704d484669664534656b305a33677967497273415161465645344142496f6b41535251516c3642466c483963594f5856434467464949374d537366577244705041767850793642703147684c797742426f704a645659494a6b492b594c65694149634174532f6f39615561597551455178564e384e6f6a6a5a414d54384c2f33412f3164557a3255496a58736b4249566147644f6c67424f57575333585a2b65562b323944576b72784b636f714a3242574f717037676334335a52705439626e6853327a5361686168747767416b7053706a456f475155486a576e5a667a7565474c374370382f756a51675141326c7778346c6157466a4d386e78752b707143576f4b4f6a4b4770636f7742473870674552482f534f707759514657442f3269524855687735576f4d69686e79516b44435a3659712b7165436f72674357434f55667469637473556c76445a452f3153514950705155344e3670365a4d686f41454b534b2f48514f416c6c516d513153434d6f70364a4e45425469457441756872795643563371584b3334524b374e6b44344e41793177692f432b5479717479422b41484f6f695131367151524163415945796b497835696f535658524a68615473796a4a4e33734167417a684d53614e6738355637334e385a726a3450746d5957675067556a7545706f6e41694b72723262375435576f71795a6972486f4f4941474964616b69785734414b714d765a2f72666d71724a4c3455792b4b564b43714142417052534c614b6d656c4e56464544492f7757594d524c745354344f5869586b41494448444c41774e4f44534b594b382b4e2b776b467a415071647a54382b5072594441496145565541436c71534a466175304d6a5559307048654b305743305732626454557743414570794c6277426a70464845493357684b664d2f7577426f736f74494f4e42686e586e4e30704b6246714d45646747415a464873796d6752443756546b4967534d4b374d4c6742673563555351763277566945373662507a692f6d5834445a7a41474c556c596e6e6a47676f4b6b2f4731705150794a426c41436f47365549647655565a3977455a73677941696f6977754f4b474d6b4b78745178424f32515a414658534379452f4649426d38596d55305148586c674851784c67757567784b4635717251346764417055717977434148525535416e425a6379716e34656376633672476c67456f506a4831593849424568454a364f6930685755414369476e34616f6b3657534a354d43467a59425a42674253646c47345477466f464f4658394a316c79544b41464155674b713351574f6c632b35566b6f6d797956696e4c41474b3641454a4d6965635a6e6d77446f4c47457946504e6f674167553371466c534779446141754256434a416d413142437444744638415649527551377a7a7a47647154757a79376e52414249415764765774554778566e54673639662f6572784a484d614f78545548586e32775337575131434d435641364368556a625561386b36657a386f5451676d4c77774341436d5a794a473962363657773732574c74784b7a49504c366730434146554830555162714a3647577868444570743559796c4f725664656967774355484149384f48316178453570417a33527652684d6d432f6a6b454143686b426f564c494e5a72456c42353561345765506a7a5350665547415641374b6454534643334d68643179344a65496a6b724d464e4e38576e6f355856426739564e30414c52324b2f5a5564476c55324d58694b7a32755770776a57314a6e7736423459343371756f53494870395942714436776e534568456d2f6a4d694d32597464414d4350696576723142566e516d2f65386956395968634153496e4638792f417a495a6531454f79593773417748494438574a57594564446e2b35414b697942375964474156415278354a32576c734d766432414a44596136353232414542332b47484c746a704b6943695235506a564a6f41474652444d7a495031666d4633626848704879683433776f414b4c78686b514c513472432b654163417141706b734158704c67306d777271794851436762677850754f686966656d7149674752654d366d446f42734270392f41556f516375635a536374735769457755593950587742664632724c7a5759376a5555415644724b654c36566f7034674730714756734a76305a4542435a49743367554c68734c4955477131766f4d2f696345674143424273686b38594776444f4f50566c32395a6a495841776c485a796c6d774d6b3069615146617254677532414d4174464e654e775372472f55447574794b74627739414941762b5277776b4348392b7478365432374a47674377376c5778486852754839437454546a724a642b6e3167434142626e3476697043594e755763712f42696a62576632414c67414d2b71326f534874686233627873737962723052594173424249375a383639476139694935796e6241454941583277696e32503853596d46707643476a707a565a644341794166466347496541795641717a704d5a6d7558484c30754a7675426c52783733437a6441613851514e6f536557414d43743954706c5a776a345842335330593272557a73417175423442683252594964416d5671432b4f335444674234776f36655859524b333151645341454f6368705941514233524f736d7575384173304a72716d4448774c4d4e41436c34786f7075775a423553423551774c325443527341344b6b41656d73526c775343562f6d4246436d34557432314141436538464950556179435232724968416a6d6b41554c6d3441634b41765941534d696775636178435648794a594159314d4c414761416a5974514e582f6f504f706f4475664354542b66356748417343626b7a434f6a78304e4d4463346759362f474165546743555036476b7a49307a6e6368366b44505a6b47344d4b5069422f516752453859416a4c51354f5173617070414e43533642394c7369486d564a4d4d38767a547930594c6673514d41344248656f51576f435578456f676556756563765a4770374876444147424546722b49644b774a6a436a6954596b62627a7a666c393463737743756f413657492f5a4c595535617a4770734a54634867446b674c504a7069383574534154474150535a51784b6a4b41416839724443724449644d67574135663932697a4e5432654d695a5870674567416a2f2f485256696348732b2b714b39793547514264396a66447262344b45484e595854776a5679636a414762734c3235396a447a6a547853464a514d413344624c7634472b497577586961636c51636e32353070776837786e6a4853443441367a48754771374f72737166386a4b6456636353664947326f707769456f34314d4d4432722b7038664847414b582b36474d735a596f6e4254464f35686c533648485a612b703848474d496641754f50344e64684f35356844555557763055373468766654742b46694d774b6c775853444b52767343336645394a7442324d56392b6c6a424e615033366572796941494961392f6e6a7a6369484e5975707a7a646f4b4665514550664c38652b762f37784d3256333172587a705033392f48314e6945655461334e766a6f7933395635433851412b674c4e49453563754b7832386666373736394f666a32334741774c5075646143667a715746356c374250694a5947356f76515859467448375537515637365a6a74494c4b6d56435877512f476845454949424b492b4f6d56727a597a366767614f6f3535414633515235476143316d5a44692f30714135314b2f41395744426f4d4c51522f685332395a6e59627733574633654347593936714b6848384566666a314774777377336c6b48614374324e32354b55492f737945666333696d5a6e42376a6b6f76574f74544c5046647a415147494b506e32327370392f5173505043794b33675452717a37664656446b50773866632b6a546341626e5a33312f553336446b5a71672f54733937643158382f766e33372f667662777148392f546d2b3656784965314f575a377674634b727572426d4b647438616442462b64637978583978506d312b76614b5337624c3279763737643155726b35737072476d37586c584272536c324a4f3254716b63694a373536715855473752783375302b2f372f66694171743130794637527a654b2f683374435472397971776d6933686e2f5378716b382b54556573576846455839396b625241486a2f6c504b75657250302b59694a475a6f58742b314b74372f3372753668794b6e6d6374364363726c397455452f3049454f644b41444865684174756c2f5a64414a4d57485865765141414141415355564f524b35435949493d, '2021-06-30 12:16:36', '2021-06-30 12:16:46', 'Admin', 1),
(5, 'Emergency Exit', 0x433a5c66616b65706174685c656d657267656e63795f657869742e706e67, '2021-07-17 07:05:36', '2021-08-05 10:56:08', 'Admin', 1);

-- --------------------------------------------------------

--
-- Table structure for table `seats`
--

CREATE TABLE `seats` (
  `id` int(11) NOT NULL,
  `bus_seat_layout_id` int(10) UNSIGNED NOT NULL,
  `seat_class_id` int(11) NOT NULL,
  `berthType` enum('1','2') NOT NULL COMMENT '1=Lower Berth\r\n2=Upper Berth',
  `seatText` varchar(20) DEFAULT '',
  `rowNumber` int(11) NOT NULL,
  `colNumber` int(11) NOT NULL,
  `created_at` datetime DEFAULT NULL,
  `updated_at` datetime DEFAULT NULL,
  `created_by` varchar(250) DEFAULT NULL,
  `status` int(11) NOT NULL DEFAULT 1
) ENGINE=InnoDB DEFAULT CHARSET=latin1;

--
-- Dumping data for table `seats`
--

INSERT INTO `seats` (`id`, `bus_seat_layout_id`, `seat_class_id`, `berthType`, `seatText`, `rowNumber`, `colNumber`, `created_at`, `updated_at`, `created_by`, `status`) VALUES
(1, 4, 1, '1', '1', 0, 0, '2021-06-08 10:49:10', '2021-06-08 10:49:10', NULL, 1),
(2, 4, 1, '1', '2', 0, 1, '2021-06-08 10:49:10', '2021-06-08 10:49:10', NULL, 1),
(3, 4, 1, '1', '3', 0, 2, '2021-06-08 10:49:10', '2021-06-08 10:49:10', NULL, 1),
(4, 4, 1, '1', '4', 0, 3, '2021-06-08 10:49:10', '2021-06-08 10:49:10', NULL, 1),
(5, 4, 1, '1', '5', 0, 4, '2021-06-08 10:49:10', '2021-06-08 10:49:10', NULL, 1),
(6, 4, 1, '1', '6', 1, 0, '2021-06-08 10:49:10', '2021-06-08 10:49:10', NULL, 1),
(7, 4, 1, '1', '7', 1, 1, '2021-06-08 10:49:10', '2021-06-08 10:49:10', NULL, 1),
(8, 4, 1, '1', '8', 1, 2, '2021-06-08 10:49:10', '2021-06-08 10:49:10', NULL, 1),
(9, 4, 1, '1', '9', 1, 3, '2021-06-08 10:49:10', '2021-06-08 10:49:10', NULL, 1),
(10, 4, 1, '1', '10', 1, 4, '2021-06-08 10:49:10', '2021-06-08 10:49:10', NULL, 1),
(11, 4, 1, '1', '11', 2, 0, '2021-06-08 10:49:10', '2021-06-08 10:49:10', NULL, 1),
(12, 4, 1, '1', '12', 2, 1, '2021-06-08 10:49:10', '2021-06-08 10:49:10', NULL, 1),
(13, 4, 1, '1', '13', 2, 2, '2021-06-08 10:49:10', '2021-06-08 10:49:10', NULL, 1),
(14, 4, 1, '1', '14', 2, 3, '2021-06-08 10:49:10', '2021-06-08 10:49:10', NULL, 1),
(15, 4, 1, '1', '15', 2, 4, '2021-06-08 10:49:10', '2021-06-08 10:49:10', NULL, 1),
(16, 4, 1, '1', '16', 3, 0, '2021-06-08 10:49:10', '2021-06-08 10:49:10', NULL, 1),
(17, 4, 1, '1', '17', 3, 1, '2021-06-08 10:49:10', '2021-06-08 10:49:10', NULL, 1),
(18, 4, 1, '1', '18', 3, 2, '2021-06-08 10:49:10', '2021-06-08 10:49:10', NULL, 1),
(19, 4, 1, '1', '19', 3, 3, '2021-06-08 10:49:11', '2021-06-08 10:49:11', NULL, 1),
(20, 4, 1, '1', '20', 3, 4, '2021-06-08 10:49:11', '2021-06-08 10:49:11', NULL, 1),
(21, 6, 2, '2', 'SL1', 0, 0, '2021-06-08 13:57:45', '2021-06-08 13:57:45', NULL, 1),
(22, 6, 2, '2', 'SL2', 0, 1, '2021-06-08 13:57:45', '2021-06-08 13:57:45', NULL, 1),
(23, 6, 2, '2', 'SL3', 0, 2, '2021-06-08 13:57:45', '2021-06-08 13:57:45', NULL, 1),
(24, 6, 2, '2', 'SL4', 0, 3, '2021-06-08 13:57:45', '2021-06-08 13:57:45', NULL, 1),
(25, 6, 2, '2', 'SL5', 0, 4, '2021-06-08 13:57:45', '2021-06-08 13:57:45', NULL, 1),
(26, 6, 2, '2', 'SL6', 1, 0, '2021-06-08 13:57:46', '2021-06-08 13:57:46', NULL, 1),
(27, 6, 2, '2', 'SL7', 1, 1, '2021-06-08 13:57:46', '2021-06-08 13:57:46', NULL, 1),
(28, 6, 2, '2', 'SL8', 1, 2, '2021-06-08 13:57:46', '2021-06-08 13:57:46', NULL, 1),
(29, 6, 2, '2', 'SL9', 1, 3, '2021-06-08 13:57:46', '2021-06-08 13:57:46', NULL, 1),
(30, 6, 2, '2', 'SL10', 1, 4, '2021-06-08 13:57:46', '2021-06-08 13:57:46', NULL, 1),
(31, 7, 1, '1', '1', 0, 0, '2021-06-08 14:00:35', '2021-06-08 14:00:35', NULL, 1),
(32, 7, 1, '1', '5', 0, 1, '2021-06-08 14:00:35', '2021-06-08 14:00:35', NULL, 1),
(33, 7, 1, '1', '9', 0, 2, '2021-06-08 14:00:35', '2021-06-08 14:00:35', NULL, 1),
(34, 7, 1, '1', '13', 0, 3, '2021-06-08 14:00:35', '2021-06-08 14:00:35', NULL, 1),
(35, 7, 1, '1', '17', 0, 4, '2021-06-08 14:00:35', '2021-06-08 14:00:35', NULL, 1),
(36, 7, 1, '1', '21', 0, 5, '2021-06-08 14:00:35', '2021-06-08 14:00:35', NULL, 1),
(37, 7, 1, '1', '2', 1, 0, '2021-06-08 14:00:35', '2021-06-08 14:00:35', NULL, 1),
(38, 7, 1, '1', '6', 1, 1, '2021-06-08 14:00:35', '2021-06-08 14:00:35', NULL, 1),
(39, 7, 1, '1', '10', 1, 2, '2021-06-08 14:00:35', '2021-06-08 14:00:35', NULL, 1),
(40, 7, 1, '1', '14', 1, 3, '2021-06-08 14:00:35', '2021-06-08 14:00:35', NULL, 1),
(41, 7, 1, '1', '18', 1, 4, '2021-06-08 14:00:35', '2021-06-08 14:00:35', NULL, 1),
(42, 7, 1, '1', '22', 1, 5, '2021-06-08 14:00:35', '2021-06-08 14:00:35', NULL, 1),
(43, 7, 1, '1', '3', 2, 0, '2021-06-08 14:00:35', '2021-06-08 14:00:35', NULL, 1),
(44, 7, 1, '1', '7', 2, 1, '2021-06-08 14:00:35', '2021-06-08 14:00:35', NULL, 1),
(45, 7, 1, '1', '11', 2, 2, '2021-06-08 14:00:35', '2021-06-08 14:00:35', NULL, 1),
(46, 7, 1, '1', '15', 2, 3, '2021-06-08 14:00:35', '2021-06-08 14:00:35', NULL, 1),
(47, 7, 1, '1', '19', 2, 4, '2021-06-08 14:00:35', '2021-06-08 14:00:35', NULL, 1),
(48, 7, 1, '1', '23', 2, 5, '2021-06-08 14:00:35', '2021-06-08 14:00:35', NULL, 1),
(49, 7, 1, '1', '4', 3, 0, '2021-06-08 14:00:35', '2021-06-08 14:00:35', NULL, 1),
(50, 7, 1, '1', '8', 3, 1, '2021-06-08 14:00:35', '2021-06-08 14:00:35', NULL, 1),
(51, 7, 1, '1', '12', 3, 2, '2021-06-08 14:00:35', '2021-06-08 14:00:35', NULL, 1),
(52, 7, 1, '1', '16', 3, 3, '2021-06-08 14:00:35', '2021-06-08 14:00:35', NULL, 1),
(53, 7, 1, '1', '20', 3, 4, '2021-06-08 14:00:35', '2021-06-08 14:00:35', NULL, 1),
(54, 7, 1, '1', '24', 3, 5, '2021-06-08 14:00:35', '2021-06-08 14:00:35', NULL, 1),
(55, 7, 2, '2', 'SL1', 0, 0, '2021-06-08 14:00:35', '2021-06-08 14:00:35', NULL, 1),
(56, 7, 2, '2', 'SL2', 0, 1, '2021-06-08 14:00:35', '2021-06-08 14:00:35', NULL, 1),
(57, 7, 2, '2', 'SL3', 0, 2, '2021-06-08 14:00:35', '2021-06-08 14:00:35', NULL, 1),
(58, 7, 2, '2', 'SL4', 0, 3, '2021-06-08 14:00:35', '2021-06-08 14:00:35', NULL, 1),
(59, 7, 2, '2', 'SL5', 1, 0, '2021-06-08 14:00:35', '2021-06-08 14:00:35', NULL, 1),
(60, 7, 2, '2', 'SL6', 1, 1, '2021-06-08 14:00:35', '2021-06-08 14:00:35', NULL, 1),
(61, 7, 2, '2', 'SL7', 1, 2, '2021-06-08 14:00:35', '2021-06-08 14:00:35', NULL, 1),
(62, 7, 2, '2', 'SL8', 1, 3, '2021-06-08 14:00:35', '2021-06-08 14:00:35', NULL, 1),
(63, 8, 1, '1', '1', 0, 0, '2021-06-24 13:49:22', '2021-06-24 13:49:22', NULL, 1),
(64, 8, 1, '1', '8', 0, 1, '2021-06-24 13:49:22', '2021-06-24 13:49:22', NULL, 1),
(65, 8, 1, '1', '9', 0, 2, '2021-06-24 13:49:22', '2021-06-24 13:49:22', NULL, 1),
(66, 8, 1, '1', '16', 0, 3, '2021-06-24 13:49:22', '2021-06-24 13:49:22', NULL, 1),
(67, 8, 1, '1', '17', 0, 4, '2021-06-24 13:49:22', '2021-06-24 13:49:22', NULL, 1),
(68, 8, 1, '1', '24', 0, 5, '2021-06-24 13:49:22', '2021-06-24 13:49:22', NULL, 1),
(69, 8, 1, '1', '25', 0, 6, '2021-06-24 13:49:22', '2021-06-24 13:49:22', NULL, 1),
(70, 8, 1, '1', '32', 0, 7, '2021-06-24 13:49:22', '2021-06-24 13:49:22', NULL, 1),
(71, 8, 1, '1', '33', 0, 8, '2021-06-24 13:49:22', '2021-06-24 13:49:22', NULL, 1),
(72, 8, 1, '1', '40', 0, 9, '2021-06-24 13:49:22', '2021-06-24 13:49:22', NULL, 1),
(73, 8, 1, '1', '41', 0, 10, '2021-06-24 13:49:22', '2021-06-24 13:49:22', NULL, 1),
(74, 8, 1, '1', '2', 1, 0, '2021-06-24 13:49:22', '2021-06-24 13:49:22', NULL, 1),
(75, 8, 1, '1', '7', 1, 1, '2021-06-24 13:49:22', '2021-06-24 13:49:22', NULL, 1),
(76, 8, 1, '1', '10', 1, 2, '2021-06-24 13:49:22', '2021-06-24 13:49:22', NULL, 1),
(77, 8, 1, '1', '15', 1, 3, '2021-06-24 13:49:22', '2021-06-24 13:49:22', NULL, 1),
(78, 8, 1, '1', '18', 1, 4, '2021-06-24 13:49:22', '2021-06-24 13:49:22', NULL, 1),
(79, 8, 1, '1', '23', 1, 5, '2021-06-24 13:49:22', '2021-06-24 13:49:22', NULL, 1),
(80, 8, 1, '1', '26', 1, 6, '2021-06-24 13:49:22', '2021-06-24 13:49:22', NULL, 1),
(81, 8, 1, '1', '31', 1, 7, '2021-06-24 13:49:23', '2021-06-24 13:49:23', NULL, 1),
(82, 8, 1, '1', '34', 1, 8, '2021-06-24 13:49:23', '2021-06-24 13:49:23', NULL, 1),
(83, 8, 1, '1', '39', 1, 9, '2021-06-24 13:49:23', '2021-06-24 13:49:23', NULL, 1),
(84, 8, 1, '1', '42', 1, 10, '2021-06-24 13:49:23', '2021-06-24 13:49:23', NULL, 1),
(85, 8, 4, '1', '', 2, 0, '2021-06-24 13:49:23', '2021-06-24 13:49:23', NULL, 1),
(86, 8, 4, '1', '', 2, 1, '2021-06-24 13:49:23', '2021-06-24 13:49:23', NULL, 1),
(87, 8, 4, '1', '', 2, 2, '2021-06-24 13:49:23', '2021-06-24 13:49:23', NULL, 1),
(88, 8, 4, '1', '', 2, 3, '2021-06-24 13:49:23', '2021-06-24 13:49:23', NULL, 1),
(89, 8, 4, '1', '', 2, 4, '2021-06-24 13:49:23', '2021-06-24 13:49:23', NULL, 1),
(90, 8, 4, '1', '', 2, 5, '2021-06-24 13:49:23', '2021-06-24 13:49:23', NULL, 1),
(91, 8, 4, '1', '', 2, 6, '2021-06-24 13:49:23', '2021-06-24 13:49:23', NULL, 1),
(92, 8, 4, '1', '', 2, 7, '2021-06-24 13:49:23', '2021-06-24 13:49:23', NULL, 1),
(93, 8, 4, '1', '', 2, 8, '2021-06-24 13:49:23', '2021-06-24 13:49:23', NULL, 1),
(94, 8, 4, '1', '', 2, 9, '2021-06-24 13:49:23', '2021-06-24 13:49:23', NULL, 1),
(95, 8, 1, '1', '43', 2, 10, '2021-06-24 13:49:23', '2021-06-24 13:49:23', NULL, 1),
(96, 8, 1, '1', '3', 3, 0, '2021-06-24 13:49:23', '2021-06-24 13:49:23', NULL, 1),
(97, 8, 1, '1', '6', 3, 1, '2021-06-24 13:49:23', '2021-06-24 13:49:23', NULL, 1),
(98, 8, 1, '1', '11', 3, 2, '2021-06-24 13:49:23', '2021-06-24 13:49:23', NULL, 1),
(99, 8, 1, '1', '14', 3, 3, '2021-06-24 13:49:23', '2021-06-24 13:49:23', NULL, 1),
(100, 8, 1, '1', '19', 3, 4, '2021-06-24 13:49:23', '2021-06-24 13:49:23', NULL, 1),
(101, 8, 1, '1', '22', 3, 5, '2021-06-24 13:49:23', '2021-06-24 13:49:23', NULL, 1),
(102, 8, 1, '1', '27', 3, 6, '2021-06-24 13:49:23', '2021-06-24 13:49:23', NULL, 1),
(103, 8, 1, '1', '30', 3, 7, '2021-06-24 13:49:23', '2021-06-24 13:49:23', NULL, 1),
(104, 8, 1, '1', '35', 3, 8, '2021-06-24 13:49:23', '2021-06-24 13:49:23', NULL, 1),
(105, 8, 1, '1', '38', 3, 9, '2021-06-24 13:49:23', '2021-06-24 13:49:23', NULL, 1),
(106, 8, 1, '1', '44', 3, 10, '2021-06-24 13:49:23', '2021-06-24 13:49:23', NULL, 1),
(107, 8, 1, '1', '4', 4, 0, '2021-06-24 13:49:23', '2021-06-24 13:49:23', NULL, 1),
(108, 8, 1, '1', '5', 4, 1, '2021-06-24 13:49:23', '2021-06-24 13:49:23', NULL, 1),
(109, 8, 1, '1', '12', 4, 2, '2021-06-24 13:49:23', '2021-06-24 13:49:23', NULL, 1),
(110, 8, 1, '1', '13', 4, 3, '2021-06-24 13:49:23', '2021-06-24 13:49:23', NULL, 1),
(111, 8, 1, '1', '20', 4, 4, '2021-06-24 13:49:23', '2021-06-24 13:49:23', NULL, 1),
(112, 8, 1, '1', '21', 4, 5, '2021-06-24 13:49:23', '2021-06-24 13:49:23', NULL, 1),
(113, 8, 1, '1', '28', 4, 6, '2021-06-24 13:49:23', '2021-06-24 13:49:23', NULL, 1),
(114, 8, 1, '1', '29', 4, 7, '2021-06-24 13:49:23', '2021-06-24 13:49:23', NULL, 1),
(115, 8, 1, '1', '36', 4, 8, '2021-06-24 13:49:23', '2021-06-24 13:49:23', NULL, 1),
(116, 8, 1, '1', '37', 4, 9, '2021-06-24 13:49:23', '2021-06-24 13:49:23', NULL, 1),
(117, 8, 1, '1', '45', 4, 10, '2021-06-24 13:49:23', '2021-06-24 13:49:23', NULL, 1),
(118, 8, 2, '2', 'ASL1', 0, 0, '2021-06-24 13:49:23', '2021-06-24 13:49:23', NULL, 1),
(119, 8, 2, '2', 'ASL2', 0, 1, '2021-06-24 13:49:23', '2021-06-24 13:49:23', NULL, 1),
(120, 8, 2, '2', 'ASL3', 0, 2, '2021-06-24 13:49:23', '2021-06-24 13:49:23', NULL, 1),
(121, 8, 2, '2', 'ASL4', 0, 3, '2021-06-24 13:49:23', '2021-06-24 13:49:23', NULL, 1),
(122, 8, 2, '2', 'ASL5', 0, 4, '2021-06-24 13:49:23', '2021-06-24 13:49:23', NULL, 1),
(123, 8, 2, '2', 'ASL6', 0, 5, '2021-06-24 13:49:23', '2021-06-24 13:49:23', NULL, 1),
(124, 8, 4, '2', '', 1, 0, '2021-06-24 13:49:23', '2021-06-24 13:49:23', NULL, 1),
(125, 8, 4, '2', '', 1, 1, '2021-06-24 13:49:23', '2021-06-24 13:49:23', NULL, 1),
(126, 8, 4, '2', '', 1, 2, '2021-06-24 13:49:23', '2021-06-24 13:49:23', NULL, 1),
(127, 8, 4, '2', '', 1, 3, '2021-06-24 13:49:23', '2021-06-24 13:49:23', NULL, 1),
(128, 8, 4, '2', '', 1, 4, '2021-06-24 13:49:23', '2021-06-24 13:49:23', NULL, 1),
(129, 8, 3, '2', 'ASL13', 1, 5, '2021-06-24 13:49:23', '2021-06-24 13:49:23', NULL, 1),
(130, 8, 2, '2', 'ASL7', 2, 0, '2021-06-24 13:49:23', '2021-06-24 13:49:23', NULL, 1),
(131, 8, 2, '2', 'ASL8', 2, 1, '2021-06-24 13:49:23', '2021-06-24 13:49:23', NULL, 1),
(132, 8, 2, '2', 'ASL9', 2, 2, '2021-06-24 13:49:23', '2021-06-24 13:49:23', NULL, 1),
(133, 8, 2, '2', 'ASL10', 2, 3, '2021-06-24 13:49:23', '2021-06-24 13:49:23', NULL, 1),
(134, 8, 2, '2', 'ASL11', 2, 4, '2021-06-24 13:49:23', '2021-06-24 13:49:23', NULL, 1),
(135, 8, 2, '2', 'ASL12', 2, 5, '2021-06-24 13:49:23', '2021-06-24 13:49:23', NULL, 1),
(146, 11, 1, '1', '1', 0, 0, '2021-07-17 07:15:41', '2021-07-17 07:15:41', NULL, 1),
(147, 11, 1, '1', '6', 0, 1, '2021-07-17 07:15:41', '2021-07-17 07:15:41', NULL, 1),
(148, 11, 1, '1', '7', 0, 2, '2021-07-17 07:15:41', '2021-07-17 07:15:41', NULL, 1),
(149, 11, 1, '1', '12', 0, 3, '2021-07-17 07:15:41', '2021-07-17 07:15:41', NULL, 1),
(150, 11, 1, '1', '13', 0, 4, '2021-07-17 07:15:41', '2021-07-17 07:15:41', NULL, 1),
(151, 11, 1, '1', '18', 0, 5, '2021-07-17 07:15:41', '2021-07-17 07:15:41', NULL, 1),
(152, 11, 1, '1', '19', 0, 6, '2021-07-17 07:15:41', '2021-07-17 07:15:41', NULL, 1),
(153, 11, 1, '1', '25', 0, 7, '2021-07-17 07:15:41', '2021-07-17 07:15:41', NULL, 1),
(154, 11, 1, '1', '2', 1, 0, '2021-07-17 07:15:41', '2021-07-17 07:15:41', NULL, 1),
(155, 11, 1, '1', '5', 1, 1, '2021-07-17 07:15:41', '2021-07-17 07:15:41', NULL, 1),
(156, 11, 1, '1', '8', 1, 2, '2021-07-17 07:15:41', '2021-07-17 07:15:41', NULL, 1),
(157, 11, 1, '1', '11', 1, 3, '2021-07-17 07:15:41', '2021-07-17 07:15:41', NULL, 1),
(158, 11, 1, '1', '14', 1, 4, '2021-07-17 07:15:41', '2021-07-17 07:15:41', NULL, 1),
(159, 11, 1, '1', '17', 1, 5, '2021-07-17 07:15:41', '2021-07-17 07:15:41', NULL, 1),
(160, 11, 1, '1', '20', 1, 6, '2021-07-17 07:15:41', '2021-07-17 07:15:41', NULL, 1),
(161, 11, 1, '1', '24', 1, 7, '2021-07-17 07:15:41', '2021-07-17 07:15:41', NULL, 1),
(162, 11, 4, '1', '', 2, 0, '2021-07-17 07:15:41', '2021-07-17 07:15:41', NULL, 1),
(163, 11, 4, '1', '', 2, 1, '2021-07-17 07:15:41', '2021-07-17 07:15:41', NULL, 1),
(164, 11, 4, '1', '', 2, 2, '2021-07-17 07:15:41', '2021-07-17 07:15:41', NULL, 1),
(165, 11, 4, '1', '', 2, 3, '2021-07-17 07:15:41', '2021-07-17 07:15:41', NULL, 1),
(166, 11, 4, '1', '', 2, 4, '2021-07-17 07:15:41', '2021-07-17 07:15:41', NULL, 1),
(167, 11, 4, '1', '', 2, 5, '2021-07-17 07:15:41', '2021-07-17 07:15:41', NULL, 1),
(168, 11, 4, '1', '', 2, 6, '2021-07-17 07:15:41', '2021-07-17 07:15:41', NULL, 1),
(169, 11, 1, '1', '23', 2, 7, '2021-07-17 07:15:41', '2021-07-17 07:15:41', NULL, 1),
(170, 11, 1, '1', '3', 3, 0, '2021-07-17 07:15:42', '2021-07-17 07:15:42', NULL, 1),
(171, 11, 1, '1', '4', 3, 1, '2021-07-17 07:15:42', '2021-07-17 07:15:42', NULL, 1),
(172, 11, 1, '1', '9', 3, 2, '2021-07-17 07:15:42', '2021-07-17 07:15:42', NULL, 1),
(173, 11, 1, '1', '10', 3, 3, '2021-07-17 07:15:42', '2021-07-17 07:15:42', NULL, 1),
(174, 11, 1, '1', '15', 3, 4, '2021-07-17 07:15:42', '2021-07-17 07:15:42', NULL, 1),
(175, 11, 1, '1', '16', 3, 5, '2021-07-17 07:15:42', '2021-07-17 07:15:42', NULL, 1),
(176, 11, 1, '1', '21', 3, 6, '2021-07-17 07:15:42', '2021-07-17 07:15:42', NULL, 1),
(177, 11, 1, '1', '22', 3, 7, '2021-07-17 07:15:42', '2021-07-17 07:15:42', NULL, 1);

-- --------------------------------------------------------

--
-- Table structure for table `seat_block`
--

CREATE TABLE `seat_block` (
  `id` int(11) NOT NULL,
  `operator_id` int(11) NOT NULL,
  `bus_id` int(10) UNSIGNED NOT NULL,
  `date_applied` datetime NOT NULL,
  `reason` varchar(500) NOT NULL,
  `created_at` datetime NOT NULL DEFAULT current_timestamp(),
  `updated_at` datetime NOT NULL DEFAULT current_timestamp(),
  `created_by` varchar(250) NOT NULL,
  `status` int(11) NOT NULL DEFAULT 0
) ENGINE=InnoDB DEFAULT CHARSET=latin1;

--
-- Dumping data for table `seat_block`
--

INSERT INTO `seat_block` (`id`, `operator_id`, `bus_id`, `date_applied`, `reason`, `created_at`, `updated_at`, `created_by`, `status`) VALUES
(2, 1, 3, '2021-09-17 00:00:00', 'Request From Conductor', '2021-09-15 10:04:06', '2021-09-15 10:04:06', 'Admin', 0);

-- --------------------------------------------------------

--
-- Table structure for table `seat_block_seats`
--

CREATE TABLE `seat_block_seats` (
  `id` int(11) NOT NULL,
  `seat_block_id` int(11) NOT NULL,
  `seats_id` int(11) NOT NULL,
  `created_at` datetime NOT NULL DEFAULT current_timestamp(),
  `updated_at` datetime NOT NULL DEFAULT current_timestamp(),
  `created_by` varchar(250) NOT NULL,
  `status` int(11) NOT NULL DEFAULT 0
) ENGINE=InnoDB DEFAULT CHARSET=latin1;

--
-- Dumping data for table `seat_block_seats`
--

INSERT INTO `seat_block_seats` (`id`, `seat_block_id`, `seats_id`, `created_at`, `updated_at`, `created_by`, `status`) VALUES
(4, 2, 43, '2021-09-15 10:04:06', '2021-09-15 10:04:06', 'Admin', 0),
(5, 2, 49, '2021-09-15 10:04:06', '2021-09-15 10:04:06', 'Admin', 0);

-- --------------------------------------------------------

--
-- Table structure for table `seat_class`
--

CREATE TABLE `seat_class` (
  `id` int(11) NOT NULL,
  `name` varchar(120) NOT NULL,
  `created_at` timestamp NOT NULL DEFAULT current_timestamp() ON UPDATE current_timestamp(),
  `updated_at` timestamp NOT NULL DEFAULT '0000-00-00 00:00:00'
) ENGINE=InnoDB DEFAULT CHARSET=latin1;

--
-- Dumping data for table `seat_class`
--

INSERT INTO `seat_class` (`id`, `name`, `created_at`, `updated_at`) VALUES
(1, 'seater', '2021-06-16 06:06:03', '2021-06-16 06:06:03'),
(2, 'sleeper', '2021-06-16 06:06:29', '2021-06-16 06:06:29'),
(3, 'vertical Sleeper', '2021-06-16 06:06:29', '2021-06-16 06:06:29'),
(4, 'blanck', '2021-06-16 06:12:11', '2021-06-16 06:12:11');

-- --------------------------------------------------------

--
-- Table structure for table `seat_open`
--

CREATE TABLE `seat_open` (
  `id` int(11) NOT NULL,
  `operator_id` int(11) NOT NULL,
  `bus_id` int(10) UNSIGNED NOT NULL,
  `date_applied` datetime NOT NULL,
  `reason` varchar(250) NOT NULL,
  `created_at` datetime NOT NULL DEFAULT current_timestamp(),
  `updated_at` datetime NOT NULL DEFAULT current_timestamp(),
  `created_by` varchar(250) NOT NULL,
  `status` int(11) NOT NULL DEFAULT 0
) ENGINE=InnoDB DEFAULT CHARSET=latin1;

--
-- Dumping data for table `seat_open`
--

INSERT INTO `seat_open` (`id`, `operator_id`, `bus_id`, `date_applied`, `reason`, `created_at`, `updated_at`, `created_by`, `status`) VALUES
(1, 1, 3, '2021-09-16 00:00:00', 'Request From Owner', '2021-09-15 09:54:06', '2021-09-15 09:54:11', 'Admin', 1);

-- --------------------------------------------------------

--
-- Table structure for table `seat_open_seats`
--

CREATE TABLE `seat_open_seats` (
  `id` int(11) NOT NULL,
  `seat_open_id` int(11) NOT NULL,
  `seats_id` int(11) NOT NULL,
  `created_at` datetime NOT NULL DEFAULT current_timestamp(),
  `updated_at` datetime NOT NULL DEFAULT current_timestamp(),
  `created_by` varchar(250) NOT NULL,
  `status` int(11) NOT NULL DEFAULT 0
) ENGINE=InnoDB DEFAULT CHARSET=latin1;

--
-- Dumping data for table `seat_open_seats`
--

INSERT INTO `seat_open_seats` (`id`, `seat_open_id`, `seats_id`, `created_at`, `updated_at`, `created_by`, `status`) VALUES
(1, 1, 32, '2021-09-15 09:54:06', '2021-09-15 09:54:06', 'Admin', 0),
(2, 1, 33, '2021-09-15 09:54:06', '2021-09-15 09:54:06', 'Admin', 0),
(3, 1, 34, '2021-09-15 09:54:06', '2021-09-15 09:54:06', 'Admin', 0),
(4, 1, 35, '2021-09-15 09:54:06', '2021-09-15 09:54:06', 'Admin', 0),
(5, 1, 36, '2021-09-15 09:54:06', '2021-09-15 09:54:06', 'Admin', 0);

-- --------------------------------------------------------

--
-- Table structure for table `site_master`
--

CREATE TABLE `site_master` (
  `id` int(10) UNSIGNED NOT NULL,
  `site_live` int(10) UNSIGNED NOT NULL DEFAULT 0,
  `live_at` datetime NOT NULL,
  `extra_price` double(8,2) UNSIGNED NOT NULL,
  `calender_days` int(10) UNSIGNED NOT NULL,
  `service_charge` int(10) UNSIGNED NOT NULL,
  `per_trasaction` double(8,2) UNSIGNED NOT NULL,
  `max_seat_booked` int(10) UNSIGNED NOT NULL,
  `support_email` varchar(200) NOT NULL,
  `booking_email` varchar(200) NOT NULL,
  `request_email` varchar(200) NOT NULL,
  `other_email` varchar(200) NOT NULL,
  `contact_no1` varchar(50) NOT NULL,
  `contact_no2` varchar(50) NOT NULL,
  `contact_no3` varchar(50) NOT NULL,
  `contact_no4` varchar(50) NOT NULL,
  `facebook_url` varchar(254) NOT NULL,
  `twitter_url` varchar(254) NOT NULL,
  `linkedin_url` varchar(254) NOT NULL,
  `instagram_url` varchar(254) NOT NULL,
  `googleplus_url` varchar(254) NOT NULL,
  `min_fare_amt` int(11) NOT NULL,
  `earned_pts` int(11) NOT NULL
) ENGINE=InnoDB DEFAULT CHARSET=latin1;

-- --------------------------------------------------------

--
-- Table structure for table `slider`
--

CREATE TABLE `slider` (
  `id` int(10) UNSIGNED NOT NULL,
  `occassion` varchar(250) NOT NULL,
  `category` int(11) DEFAULT NULL COMMENT '0-main slider 1-adv-slider1 2-adv-slider 2, 3-adv-slider-3',
  `url` varchar(250) DEFAULT NULL,
  `slider_img` varchar(254) NOT NULL,
  `alt_tag` varchar(250) NOT NULL,
  `start_date` datetime NOT NULL,
  `end_date` datetime NOT NULL,
  `created_at` datetime NOT NULL,
  `updated_at` datetime NOT NULL,
  `created_by` varchar(50) NOT NULL,
  `status` int(10) UNSIGNED NOT NULL DEFAULT 1
) ENGINE=InnoDB DEFAULT CHARSET=latin1;

-- --------------------------------------------------------

--
-- Table structure for table `social_link`
--

CREATE TABLE `social_link` (
  `id` int(11) NOT NULL,
  `facebook_link` varchar(250) NOT NULL,
  `twitter_link` varchar(250) NOT NULL,
  `instagram_link` varchar(250) NOT NULL,
  `googleplus_link` varchar(250) NOT NULL,
  `linkedin_link` varchar(250) NOT NULL,
  `created_at` datetime NOT NULL,
  `updated_at` datetime NOT NULL,
  `created_by` varchar(250) NOT NULL,
  `status` int(11) NOT NULL
) ENGINE=InnoDB DEFAULT CHARSET=latin1;

--
-- Dumping data for table `social_link`
--

INSERT INTO `social_link` (`id`, `facebook_link`, `twitter_link`, `instagram_link`, `googleplus_link`, `linkedin_link`, `created_at`, `updated_at`, `created_by`, `status`) VALUES
(1, 'https://www.facebook.com/odbus', 'https://twitter.com/od_bus', 'https://www.instagram.com/od_bus', 'https://plus.google.com/104797550175843122076', 'https://www.linkedin.com/in/odbus', '2021-09-30 16:26:05', '2021-10-01 14:30:29', 'Admin', 1);

-- --------------------------------------------------------

--
-- Table structure for table `special_fare`
--

CREATE TABLE `special_fare` (
  `id` int(10) UNSIGNED NOT NULL,
  `bus_operator_id` int(11) DEFAULT NULL,
  `source_id` int(10) UNSIGNED DEFAULT NULL,
  `destination_id` int(10) UNSIGNED DEFAULT NULL,
  `date` text NOT NULL,
  `seater_price` double(8,2) NOT NULL,
  `sleeper_price` double(8,2) NOT NULL,
  `reason` text NOT NULL,
  `created_at` datetime NOT NULL,
  `updated_at` datetime NOT NULL,
  `created_by` varchar(50) NOT NULL,
  `status` int(10) UNSIGNED NOT NULL DEFAULT 1
) ENGINE=InnoDB DEFAULT CHARSET=latin1;

-- --------------------------------------------------------

--
-- Table structure for table `testimonial`
--

CREATE TABLE `testimonial` (
  `id` int(11) NOT NULL,
  `posted_by` varchar(250) NOT NULL,
  `testinmonial_content` text NOT NULL,
  `location` varchar(250) DEFAULT NULL,
  `designation` varchar(250) DEFAULT NULL,
  `created_at` datetime NOT NULL,
  `updated_at` datetime NOT NULL,
  `created_by` varchar(50) NOT NULL,
  `status` int(11) NOT NULL DEFAULT 0
) ENGINE=InnoDB DEFAULT CHARSET=latin1;

--
-- Dumping data for table `testimonial`
--

INSERT INTO `testimonial` (`id`, `posted_by`, `testinmonial_content`, `location`, `designation`, `created_at`, `updated_at`, `created_by`, `status`) VALUES
(1, 'sdgfsag', 'sdgfraesw', 'sdfsagf', 'w3efw', '2021-10-04 17:08:39', '2021-10-04 17:21:04', 'Admin', 1),
(2, 'aerfwsdsgfsdehsdrgfjhdj', 'sdfgaeswgf', 'sadgfewsr', 'asfewa', '2021-10-04 17:09:41', '2021-10-04 17:31:07', 'Admin', 0);

-- --------------------------------------------------------

--
-- Table structure for table `ticket_cancelation`
--

CREATE TABLE `ticket_cancelation` (
  `id` int(10) UNSIGNED NOT NULL,
  `name` varchar(200) NOT NULL,
  `created_at` datetime NOT NULL,
  `updated_at` datetime NOT NULL,
  `created_by` varchar(50) NOT NULL,
  `status` int(10) UNSIGNED NOT NULL DEFAULT 1
) ENGINE=InnoDB DEFAULT CHARSET=latin1;

--
-- Dumping data for table `ticket_cancelation`
--

INSERT INTO `ticket_cancelation` (`id`, `name`, `created_at`, `updated_at`, `created_by`, `status`) VALUES
(1, 'Master Rule', '2020-11-01 13:17:28', '2020-11-01 13:17:28', 'Admin ', 1);

-- --------------------------------------------------------

--
-- Table structure for table `ticket_cancelation_rule`
--

CREATE TABLE `ticket_cancelation_rule` (
  `id` int(10) UNSIGNED NOT NULL,
  `ticket_cancelation_id` int(10) UNSIGNED NOT NULL,
  `hour_lag_start` varchar(10) NOT NULL,
  `hour_lag_end` varchar(10) NOT NULL,
  `cancelation_percentage` varchar(10) NOT NULL,
  `created_at` datetime NOT NULL,
  `updated_at` datetime NOT NULL,
  `created_by` varchar(50) NOT NULL,
  `status` int(10) UNSIGNED NOT NULL DEFAULT 1
) ENGINE=InnoDB DEFAULT CHARSET=latin1;

--
-- Dumping data for table `ticket_cancelation_rule`
--

INSERT INTO `ticket_cancelation_rule` (`id`, `ticket_cancelation_id`, `hour_lag_start`, `hour_lag_end`, `cancelation_percentage`, `created_at`, `updated_at`, `created_by`, `status`) VALUES
(1, 1, '0', '11', '100', '2020-11-01 14:08:00', '2020-11-01 14:08:00', 'Admin ', 1),
(2, 1, '12', '18', '35', '2020-11-01 14:08:00', '2020-11-01 14:08:00', 'Admin ', 1),
(3, 1, '19', '24', '25', '2020-11-01 14:08:00', '2020-11-01 14:08:00', 'Admin ', 1),
(4, 1, '25', '999', '20', '2020-11-01 14:08:00', '2020-11-01 14:08:00', 'Admin ', 1);

-- --------------------------------------------------------

--
-- Table structure for table `ticket_fare_slab`
--

CREATE TABLE `ticket_fare_slab` (
  `id` int(11) NOT NULL,
  `starting_fare` double NOT NULL,
  `upto_fare` double NOT NULL,
  `odbus_commision` double NOT NULL COMMENT 'Value in %	',
  `created_at` datetime NOT NULL,
  `updated_at` datetime NOT NULL,
  `created_by` varchar(250) NOT NULL,
  `status` int(11) NOT NULL DEFAULT 1
) ENGINE=InnoDB DEFAULT CHARSET=latin1;

--
-- Dumping data for table `ticket_fare_slab`
--

INSERT INTO `ticket_fare_slab` (`id`, `starting_fare`, `upto_fare`, `odbus_commision`, `created_at`, `updated_at`, `created_by`, `status`) VALUES
(1, 1, 300, 10, '2021-09-08 12:14:48', '2021-09-08 12:14:48', '', 1),
(2, 301, 700, 8, '2021-09-08 12:15:15', '2021-09-08 12:15:15', '', 1),
(3, 701, 99999999, 7, '2021-09-08 12:15:34', '2021-09-08 12:15:34', '', 1);

-- --------------------------------------------------------

--
-- Table structure for table `ticket_price`
--

CREATE TABLE `ticket_price` (
  `id` int(10) UNSIGNED NOT NULL,
  `user_id` int(11) NOT NULL,
  `bus_operator_id` int(11) NOT NULL,
  `bus_id` int(10) UNSIGNED NOT NULL,
  `source_id` int(10) UNSIGNED NOT NULL,
  `destination_id` int(10) UNSIGNED NOT NULL,
  `base_seat_fare` double(8,2) UNSIGNED NOT NULL,
  `base_sleeper_fare` double(8,2) UNSIGNED NOT NULL,
  `dep_time` datetime DEFAULT NULL,
  `arr_time` datetime DEFAULT NULL,
  `start_j_days` int(11) NOT NULL DEFAULT 0,
  `j_day` int(11) NOT NULL DEFAULT 0 COMMENT '0-same day 1- next day so on.. ',
  `created_at` datetime NOT NULL,
  `updated_at` datetime NOT NULL,
  `created_by` varchar(50) NOT NULL,
  `status` int(10) UNSIGNED NOT NULL DEFAULT 0
) ENGINE=InnoDB DEFAULT CHARSET=latin1;

--
-- Dumping data for table `ticket_price`
--

INSERT INTO `ticket_price` (`id`, `user_id`, `bus_operator_id`, `bus_id`, `source_id`, `destination_id`, `base_seat_fare`, `base_sleeper_fare`, `dep_time`, `arr_time`, `start_j_days`, `j_day`, `created_at`, `updated_at`, `created_by`, `status`) VALUES
(1, 1, 1, 3, 1345, 1374, 400.00, 600.00, '2021-08-30 20:00:00', '2021-08-31 01:00:00', 1, 2, '2021-08-30 13:07:51', '2021-08-30 13:07:51', 'Admin', 0),
(2, 1, 1, 3, 1345, 1302, 600.00, 800.00, '2021-08-30 20:00:00', '2021-08-31 04:00:00', 1, 2, '2021-08-30 13:07:51', '2021-08-30 13:07:51', 'Admin', 0),
(3, 1, 1, 3, 1345, 1304, 1000.00, 1200.00, '2021-08-30 20:00:00', '2021-08-31 09:00:00', 1, 2, '2021-08-30 13:07:52', '2021-08-30 13:07:52', 'Admin', 0),
(4, 1, 1, 3, 1302, 1304, 600.00, 800.00, '2021-08-31 04:00:00', '2021-08-31 09:00:00', 2, 2, '2021-08-30 13:07:52', '2021-08-30 13:07:52', 'Admin', 0),
(5, 1, 9, 4, 1291, 1294, 350.00, 450.00, '2021-09-03 20:00:00', '2021-09-04 05:00:00', 1, 2, '2021-09-03 07:53:42', '2021-09-03 07:53:42', 'Admin', 0),
(6, 1, 9, 4, 1292, 1294, 300.00, 400.00, '2021-09-03 22:00:00', '2021-09-04 05:00:00', 1, 2, '2021-09-03 07:53:42', '2021-09-03 07:53:42', 'Admin', 0),
(7, 1, 9, 5, 1345, 1374, 300.00, 400.00, '2021-09-11 11:00:00', '2021-09-11 15:30:00', 1, 1, '2021-09-11 09:32:39', '2021-09-11 09:32:39', 'Admin', 0),
(8, 1, 9, 5, 1374, 1304, 500.00, 600.00, '2021-09-12 15:30:00', '2021-09-12 20:00:00', 2, 2, '2021-09-11 09:32:39', '2021-09-11 09:32:39', 'Admin', 0),
(9, 1, 9, 5, 1345, 1304, 800.00, 900.00, '2021-09-11 11:00:00', '2021-09-12 20:00:00', 1, 2, '2021-09-11 09:32:39', '2021-09-11 09:32:39', 'Admin', 0),
(10, 1, 1, 6, 1291, 1374, 300.00, 400.00, '2021-09-11 08:00:00', '2021-09-12 12:00:00', 1, 2, '2021-09-11 09:38:04', '2021-09-11 09:38:04', 'Admin', 0),
(11, 1, 1, 6, 1291, 1304, 500.00, 700.00, '2021-09-11 08:00:00', '2021-09-12 05:00:00', 1, 2, '2021-09-11 09:38:04', '2021-09-11 09:38:04', 'Admin', 0),
(12, 1, 8, 7, 1345, 1294, 500.00, 0.00, '2021-09-15 20:00:00', '2021-09-16 06:10:00', 1, 2, '2021-09-15 07:44:48', '2021-09-15 07:44:48', 'Admin', 0),
(13, 1, 8, 7, 1345, 1297, 600.00, 0.00, '2021-09-15 20:00:00', '2021-09-16 07:00:00', 1, 2, '2021-09-15 07:44:48', '2021-09-15 07:44:48', 'Admin', 0),
(14, 1, 8, 7, 1345, 1291, 125.00, 0.00, '2021-09-15 20:00:00', '2021-09-15 21:45:00', 1, 1, '2021-09-15 07:44:48', '2021-09-15 07:44:48', 'Admin', 0),
(15, 1, 8, 7, 1345, 1292, 150.00, 0.00, '2021-09-15 20:00:00', '2021-09-15 23:45:00', 1, 1, '2021-09-15 07:44:48', '2021-09-15 07:44:48', 'Admin', 0),
(16, 1, 8, 7, 1291, 1294, 400.00, 0.00, '2021-09-15 21:30:00', '2021-09-16 06:10:00', 1, 2, '2021-09-15 07:44:48', '2021-09-15 07:44:48', 'Admin', 0),
(17, 1, 8, 7, 1291, 1297, 500.00, 0.00, '2021-09-15 21:30:00', '2021-09-16 07:00:00', 1, 2, '2021-09-15 07:44:48', '2021-09-15 07:44:48', 'Admin', 0),
(18, 1, 8, 7, 1292, 1294, 365.00, 0.00, '2021-09-15 23:00:00', '2021-09-16 06:10:00', 1, 2, '2021-09-15 07:44:48', '2021-09-15 07:44:48', 'Admin', 0),
(19, 1, 8, 7, 1292, 1297, 465.00, 0.00, '2021-09-15 23:00:00', '2021-09-16 07:00:00', 1, 2, '2021-09-15 07:44:48', '2021-09-15 07:44:48', 'Admin', 0);

-- --------------------------------------------------------

--
-- Table structure for table `user`
--

CREATE TABLE `user` (
  `id` int(11) NOT NULL,
  `user_pin` varchar(50) NOT NULL,
  `first_name` varchar(120) DEFAULT NULL,
  `middle_name` varchar(120) DEFAULT NULL,
  `last_name` varchar(120) DEFAULT NULL,
  `thumbnail` varchar(255) DEFAULT NULL,
  `email` varchar(120) NOT NULL,
  `location` varchar(250) DEFAULT NULL,
  `org_name` varchar(254) DEFAULT NULL,
  `address` varchar(600) DEFAULT NULL,
  `phone` varchar(40) DEFAULT NULL,
  `alternate_phone` varchar(30) DEFAULT NULL COMMENT 'additional phone',
  `alternate_email` varchar(100) DEFAULT NULL COMMENT 'additional email',
  `password` varchar(60) NOT NULL,
  `user_role` int(11) DEFAULT NULL,
  `rand_key` varchar(254) NOT NULL,
  `last_login` datetime NOT NULL,
  `created_at` datetime NOT NULL,
  `updated_at` datetime NOT NULL,
  `created_by` varchar(50) NOT NULL,
  `status` int(10) UNSIGNED NOT NULL DEFAULT 0
) ENGINE=InnoDB DEFAULT CHARSET=latin1;

--
-- Dumping data for table `user`
--

INSERT INTO `user` (`id`, `user_pin`, `first_name`, `middle_name`, `last_name`, `thumbnail`, `email`, `location`, `org_name`, `address`, `phone`, `alternate_phone`, `alternate_email`, `password`, `user_role`, `rand_key`, `last_login`, `created_at`, `updated_at`, `created_by`, `status`) VALUES
(1, '756051', 'Arun', 'Kumar ', 'Lakhani', 'nopic.jpg', 'jagakalia@gmail.com', 'Bhadrak', 'Jagakalia', 'Bhadrak', '9040799050', NULL, NULL, 'Admin@2020', 1, 'sdfwegtb55rety43563456', '2020-11-01 14:12:29', '2020-11-01 14:12:29', '2020-11-01 14:12:29', 'Admin ', 0);

-- --------------------------------------------------------

--
-- Table structure for table `users`
--

CREATE TABLE `users` (
  `id` int(11) NOT NULL,
  `name` varchar(120) NOT NULL,
  `email` varchar(120) DEFAULT '',
  `phone` varchar(40) DEFAULT '',
  `password` varchar(100) DEFAULT '',
  `otp` varchar(50) DEFAULT '',
  `is_verified` int(11) NOT NULL DEFAULT 0,
  `msg_id` varchar(50) DEFAULT '',
  `created_at` datetime NOT NULL,
  `updated_at` datetime NOT NULL,
  `created_by` varchar(50) DEFAULT '',
  `pincode` varchar(255) DEFAULT NULL,
  `street` varchar(255) DEFAULT NULL,
  `district` varchar(255) DEFAULT NULL,
  `address` text DEFAULT NULL,
  `profile_image` longblob DEFAULT NULL
) ENGINE=InnoDB DEFAULT CHARSET=latin1;

--
-- Dumping data for table `users`
--

INSERT INTO `users` (`id`, `name`, `email`, `phone`, `password`, `otp`, `is_verified`, `msg_id`, `created_at`, `updated_at`, `created_by`, `pincode`, `street`, `district`, `address`, `profile_image`) VALUES
(1, 'Lima Mohanty', 'banashri.seofied@gmail.com', '7978817539', '$2y$10$oGZF7qydPT.0sNK/gWAg.OZWHN1B7oH1e3Rkzu08UBVGybujm/wEq', NULL, 1, '', '2021-09-15 11:57:49', '2021-10-02 14:27:24', '', '751006', 'SEOFIED IT SERVICES , Rajdhani Hotel , 2nd floor', 'Bhubaneswar', 'SEOFIED IT SERVICES , Rajdhani Hotel , 2nd floor', 0x646174613a696d6167652f6a7065673b6261736536342c2f396a2f34414151536b5a4a5267414241514141415141424141442f3277424441414d434167494341674d434167494441774d44424159454241514542416747426755474351674b43676b4943516b4b4441384d4367734f43776b4a4452454e44673851454245514367775345784951457738514542442f3277424441514d4441775144424167454241675143776b4c454241514542415145424151454241514542415145424151454241514542415145424151454241514542415145424151454241514542415145424151454241514542442f7767415243414436415a41444152454141684542417845422f38514148514141415155424151454241414141414141414141414142674d45425163494167454143662f4541427342414149444151454241414141414141414141414141414d4541414946415159482f396f4144414d42414149514178414141414438753546377a365432524b55556b556b34724f2b7a3254365837375432527858706341397a4a4e6d314f35305077797a644b35764b2b6c504d6c7559594153364b4256725a63376f6f7942774d757947345159437a4f4e4164504a6c30714c56706d5235593479646e52752f357334754e2f497633726d3350535534494e4f34322f655273364444766a6a7a65373567373349796951484d5a6579385776656e4576354a314b64534f5a47395934374570484e6f754f35576d3372377a2b35505a727471357a5a48426c666f4d69484e52333279394c4968374b4f4c7632517956784c586f3246646e656f6b426d47584f73327450764b6a4d706d5639552b7a74612b39727a5a7a654f3752575231326e6c6f6b536a51676f727459414a4b3557597939352f6249635861516c785144654d50612b4b63586f724c705363536a79527849306b553731626b6438356f337876736238387436475653596e376a497a71476d766d4575316d4d557a74426b6c39464b5964586646435072737477452b377878336a634a47746f5035626a65576d644c506a3954507a45364d355765742f643830626b6a7a6c4f2b3957355a47343238354733354138714f424a58694c644359327352354f793171516234664776742f46505a52704c725364796e556e4d763149353553773074476479644f7a76492b2b5754314c437a52473679746f6567382f59586f384a36634b78687954697a74674c38673434426f6c633363737752595a6a4c34595455646d4b37454d6b6476513052573474745a557262707276595a55346d35645857375832646263347a37794a35794172775a43554951627058463269544f314731724474543435397a3466755261552b6b346b576b546b55724562643068346233317a65553952436a302f52736e5347664c7258755031506a374e3968356f6866556c483158467839397035657359737977584f6d49676c6a3648464c4c486f30726430634d594d672b6934777a584a496f49515a596d58596a594a2f512b6450505a65572b4a527249796c595763486833476c69434b7a564f593279553575716a3244396a5938397a34627152576b6279506230376b386c3036386c526b3058382b2b706b754e75786c4e51686f69655a6c5862494e6f6655666b6b2b797539505247314f376a62307551754b2b5674454c4d49636752683677666a613341757a4c7979354b73713234494950783957536c496c5a6b57576345774e4d514d3368394b2b6254586f7346764a4738715038414c5141724434546a794c4e515a4732554a6143647042394e6b623366684f70464a454a462b566432357a7949535756672b6a757a772f3072315a32444a6f324d686e414c354e6765752b6136553038435659436e7a72535238326e4a4871386b6a6c6a4d78586256754e6f74445354725a466a6f4a5535466238424d72566d724c4e6955354c42544b30684b72444664676861544d505a2b5166656d3837486a344f79516c43517135344a46696e556463717a7450727649537a475350656541346b586b396b5535587533452b54715330504f2b6e736279583069525861343464576c526632667a7a395035696e7a796273744974597341497052735a5a415953517973526b684654784b7830416c55704850435672356263617934344277755a7a326b36316e53445152483033367279645348366451566a505279696a302f6e4962667742713949735a49554668395a6970566459757974507557695457794a376677627563356e6535456578784b4b576e306c6f2b593968592f6c2f6671383638486349324d2f6146764a6153627a3551344978646e7068666f34355a704e53704f3763346b683532437a6e6868466f69635754424b6338743657496a63706c75644541315a44394c457a436b6375554e71304d394d333461665a51742f64382b7270355666364f63463346434c3347787356654e3479783970546c3434764d702b333848394f6554766b6939365070453678724a61574636613350482f41454f434e4231395856314d586165703570566c61417a58344c496353636f466862517a6e355169353136484566764b786e494f6f7477614c6e746879477a6d56463550314a70675056304859466443674873497a6962646c4a41664c45626e4149464d45614e5449514c7932764e4875336c316d71536f584d306470305835617144477333433331753867537a4e507450464f5a455a524b53526e48456a4b646553466d5a71583334583657717331486c4c752f563848596e7176506a57657978386c7450576769693769756b75485a47754e71505839367678306a704a3172352f6167717946585967417358583762794e464a6164492b4b2b6a76703064665245644e473063545249717273513646675a7770527a4d677658595663356d74614e382b304e584a344753716a676f4f3478566f41566f356c71714e7156347835335065356e4e5a484d707a492b6b516b566b366b6c365876587850304972776655434f6c6e774f7835674933634439434370587235726168634c54616c35364b3741685842686e2b7a6b4e44687a7a35543034477334366e46757769324d656c2f572b6179657470576c356e33396e59726b44713570496d54366859327268396c3973636d486358762f41412b5a51367747757a6151683249356e77755a703164733474584e414632466e61353242614d726a7062557a2b2b303435666a6b63336f346b346b386b36357978635030746e654f2b6b753972796450372f6c6178303872394e6b334e4b354c7778357a61397657645a584c4830306955683739556c7330654d3966534a644132766c4f56324532314d75653638585662794e676562393961666d66546b66565a466134737a31474e6d575953324c59643566512f6e38343276694c4d32706c427566485a746d61764251314476596457366d59687973586272575149304d703332523159364a4665546d527257376d5563576b716f2b642b562b68364932764846724b474c69382f5142467a535761574751616b6d777146484a475845524756306b4668486b41457a6e354831344971314b3241426e4d79397234375075336754486b506f68376b624d6b4f4f71334233316f6469686a6b3673346f78733732337969784e6e4a414f6b7739682b6c4e7374324543354171613867494144376a3536506e44473234326b727039486d52536c504c7837336a546b2b6e5830696475654c4e48336d2f642f6f646f65573066735974474b506d2b4e6f574a32734371792f4b424273413677746d524a374e782b485854616679584847657851336e2f564a737142725a4c483950354f794e664170507a487442584439576930674c507044376154516e4a665032486f477437616e67356657796c5146716e53577a37352f77424961342b6d5042654862484f397a7837376378783442426f54475474377a796b69644934764535464f52376269736a48736b30333743383537543968647678552b307534435a4e4a794c577574666b4975596562587a4536766735674c6a597a71367a6e6a584b32743566502f414756626a30363830514d7a563166702b595074504a79396c376f6e6965714539584e3536454133504f5353727261537973586474732b4b57593731714f5a316e2b73383351425a54666d2f556d4f653631526657657a536a33586845795648466d63416157593370663633464a466556386b546b64796539744972743670382f7743712f5450513833367177514e686a52573676507530473144306b53596930303833764a32506f703177673263592b766466685070516a6f4a73723864637470567a7a6b5053394b56626b6366316c622b6d38634e4f35693953456d66736a6a3250616e6c2f615844686b4c52414c576b4a6a557a4c543976342f4a364f6b6e35583241717270576d3367562b3847543946353656304d7a38323241665365796579665366536653657966636b754e7266574c6f624d52597348587a767263693154756d4250546744633977446344536a594948527a676752535842335354796e6f61787a396d714e58732b73566a6273717a696837566f70764c4c73503246592b693876467435626b625571733238417a49444e744c4b586b31725746753430666571784130356f725a697750596c714a653656766e5277616c4470563235584b337376412f5366536579657966536653665366636e31702b6e486c505137506257666b71686173556f615530465739786a5763394874426d64664a344f495a4865505161707678507336337964714d74595959734f4d39684e4c46706e3166697250773932667876613166364c7945597a6e71637567515536707062647937616c324d5749535a44637a526e586b32525135314e7a4d56572b374b7344684a416c754e59314d73457a357665612b6b2b6b2b6b396b2b6b396b386b2b374c5956592f594c4232447a525259326f4c70747575304b4e424676556c59593274466a74592b2f695332706e444378366f3878364369664a65766a4a646a517742703847335635516952423648783961353237486a30673357382f414f5a584671327268656730503550314f6c4e4c4174623032414259326b3076774f7974496176796839764c70446377596d316d73704248473748655335417774505a505a5070505a5070505a465a4a65543963306d373454504564494c397048726d4d33314367674b727a64436e2f4144752f4e47445a65726d6b57706c77696a4e4e65613336717a746b634331586d6d73517535353170354f5774484e7272547a534c4a3942486435454e357361797066766c2f5333333433325673587a54375a7872503841582b63726a45317164794e526d7853695136676672354e55656c3862414634343749666b64633763537a464a4e722f5366643531497033717369387154546e36556974727352684a423350754a737876656e54794671616564454c6d414d6a52434d37536268495573716e6d706d4e36796f66506567726570365732383754324132584173652b687842443157462b556271374e5a787a513863564f3573397656767a72335a4d75597930386b73324d756230314832696c6872783373362b5a74562b336a796442466a6d503479714b4d685a717454664a64773730467559766465534a68745233655871694f4b646c39314c2b6958474163424d782b55396a6c576d686f4a4475706659654c73433436365262414d5058727a4d31476c4c47443265566d57454d7a557057782f6d6c4c67382f71574e70593870704a6d6e714d433364724e79726676342f41596441506f79433372673742515768452b6c516e6d6653337436667a4d4d6730386f5841394e504d622b597258706b7135667730353168534d6e612b306b5645334c7661576f73717a376c5a5739566538396b3437454f54556a4861514e5768614644634c3063316e65683048524858766f2f4a6b694c614441617678744f764d54596b7238746a5379367a7a48387538304a49674e694b71524b6d684a622b4e704832506d4b33584c574332314f3155784730726e467350376c45414d726d4d6d6c3436684d5049614734333832726b6d3462506544335666797161456535376d6e6b436e33524544596b4f303535635530453537764b46514b397232543757534f4879645a337137375454444d2f4b45705933764671334b466d726b4d44595936575971795072486d7a694d575156623537594f6d68316c6b4e77326f694b2b55394c65506f7341637a744f6f647a4e32527459544f7063735a477a6a666278617a4d47374c302f57424a696a3154614430466839512b44784733586f5a3664725a2f4679395761666d6c69616d6b547147506564304c4a4671587570767579554e4b624661674d706c39326a365235617363757752484379415736394a5838316d7056744c715772784c66636c7564482b6d314b79516d4c4563566a78324638783979456d45467a44577a6d422b523648574e30794c68617143614b4d45766357726971343562744275705830356e374877765631457461366b435573316356667a625345305456422b654f697475716371484d5061356c79786c6453316c53314c696965396b6479776d4b31484a734b6936747a736e58726d51655761587651685a577076647a63684c4f705366646e584f3661367676346f5850656b4e71527779444f63336d42526a432b734352375452314b4364443661386e7635753976356949784e6c67514e5a61714d6b73547131626a7571634b3745756d78643257786e4c314f46534b787a3574532f3831734d63564232785835352f5674526c51376241566c724e6b6f546e48374f78453642307469447a7574496b475373674863783533636656534a6447673074546d6d6e54647969637536375176727937423876457753736c42304a347764364f565a594f4b5776576c6846587a35306c48324e6f624b66796e714a63567661594f6842656444766155446462694f52617536634b7452537a7349595a61677a576a5176753175506b706b5a646d5947727037527a4c43624154463549466f516b34724f7855676e533246635278455a5843393577315568576a6b5754625351364a794a4d7457687830477842336a42694d52704f574f595a574378576f5379626365317649534e715863466f73794a67554e4e314a5352615367535361705a70566932324633316f344a523032754d38376e6b7461384c33774e344d6e4678777a4865322b63304257356832785557737861765a4f54312b665472586b46717a456d486f73556d43526c566b496a305a436a52543970307150534a55596f6b7734316a743035726b357865636e4a736f354c736564367079362f6164646b654b38576b62746f5052714a437448323739336e79705970453672496d394f75484b665771745751746f6d55616e5a47546a45425a556e49326e54792f4370315a7a4c506a44634534574e4268416c707845396a36432b516650365a4b327130706155446334314568744e6a7859684b535a624e617862487669367230796b6a586a75684a612f50686b66454843384a44684b384261547652476c6d394f4e51452b7656766149566e746f6a65725964754363586e4a686762616c6d6e654e4a4571325938353557793561796e617971355a70384536576a6564397457554a53584c4956652f544e4d4e2b61314a466f5274656a51673376654b494f543743314f5776546b593243712b3762784873472b61484e7a704d617279746c4f794f45546e7650525857745253534f4b54346665777a6b6730796335426445346b7758354c7874533541616b5772336d7649455a5274597a396754386c5a67347043576d2b386c695432635a6b6f76336e643474615478686934652f2f7841413245414143416745454151514341514d444177494841414143417745454251414745524954427851684968556a4d52596b4d68417a515167674a5264684d445131516b4e5255762f614141674241514142434147656b7a3057497845774d6e482f414271426b666e556c326a72416a31486e51713744794b34694f5930786e4d6441414941666d416e704d36686e57433063517451546f5274575a4263596262316d376258565a55394a37646d7543587a36444f645373565657505462644e4f367174614859426e6e447248513235557273414272592b4934307248784f71574949706a6c4f49456f376b7645726e695a2f4752784f6e344a625167473238574b6837524343686d6b527871666c7736436541353167724d4f7a626f312f77425163397239514e62466a783435577353635349387250514671443142363736387570646f6e366462346a5754795055433176793456693331316956694e4d4e5778694930372f6e51524838612b68664768354c367752637a3041412f2f4145503863534b2b5a4c5539764a4b784661685953396551352b326a53456637614b7254447176622b324c562b332f64593730367772635834624f4432757645684e523161504438534f514b5344714665766458487554326a6870754e757947334d4f6f6f4d5177654f4f5a675a322f56486d525256477648454b425048797461396344787a5050626d594a537a6a6d58343642354b4269653353504d6d47697463524d726e6e43562f6235646a4a396476335a6d6e4774726a3471515272446c78416141394333554e304c4e5333524e6a52762f6e544c584772567a34316c626e314c57356a386c7657502b4b77617446702f38616a2f414e67457a4c714d6c4b7556682f497a4d447a42647068682f4177753162704e59535a62387a457750586779684d7334624a4c58452f62595747703156526262354b52454c4a72326f375143314845386334303539794335585343726159532b6849524850637a694f563243492f6c525433344a4b5a4a6570724b55754f786e4845384a42772f6367612b4a6e7370305445784e6f57784554584f79494b3039672f38414b79724158416b63654f4f4b4d444675573639565548637a69446e47443765754d5269576655644c5a7144313231354e5333525030327870316a566d7a38617954356d4a316e4a357461707a2b694e575a302f2f414a314554476d4d555830727848784d362b4a6e6d412b4a386d704f49486c51736e7250626e74396737472b4f646259784f53735633653172656e2b65725752734637653756483956624d3251507850786c78446674704a433476727478663269584e397378734c314947302f744650796a4f716d4a57763968666a302f45366866696a6a566f782b496b4641496c4d3853555479324141704d70547a504d6a42527a45737172635546717a524c6a3765425166415862636f4867735a656b327a3233506a48354f32687155343367656855415771496756736a727a7147632f78444e655855743054644f64707274576e36754d3569645a6b7637716456532f56476e7a7038365a784d38434979504251505042544b327971656447306d2f5851794552385450507a4a464d6749363746323672326173303041683662395956394266656d532b69474d61484f71662b78314f6c576c4c4f565976793951694b47503548797458586953344a61775350455250487a7143476564535038786f3864503841764d616e71634142415952717730664c4d4642714b5a595a5736344d6b64653858783168626936667362575752655265537079667a474d516c66505635544d66553436524a746979595232442b6f6e494c727248626838732f74585a466764686c327062706a754e4f73616659315a6471307a2b645a552b31756456692f56476e463861644f75496a6d4e5142454a4643343544346e374878722f474f6d70647948476c386a456b4a6c35696d516f4b58376b465078744a315775454a516e77387357776c6b3367385164526265427954366c5a516b336256395751767171717865505655726a323448727a6f654248514e41704b495a503248685539326c4768544538444c766a67592b4f354670696f6d4a6e567174334f5a68524f6c377a31584d68356731553448697777564c68737363742f7743516353713175757a72304264453046773154554450413343582f49656639677847525430747a34367874462f7a69374d654349314c4e537a54572f453665336a546d61617a54792b4a316b532f764a3067754130326564502f414931306b53344d4950747842756e6a77674952425272722f484e6571627530715933727a34436e6d4248573371574a5a315a6341456e4833653242486866566e507a6a586869715875497a2b594b36384b382b6b2b30325969682b517670644d6c476830327941664d41385a6d54313357553836534d5348417a776759675a644d3634506a52754552346c6f795a544a5037744361314a4e574b6f39564e7058576b44374b386155396a73496a46345a444e4875746d5173465577794b4630343732374e4a43703445367a445671306a326f2b6578634f5872717a4b784743376e57757a7841617135446d504732586378384e6471793752732b4a30773957542b4e58443575365358306a544a302b64524d784539762f4147674f7657496a342f7930726f51386137766d50434d54506a6d4345352f6a57314d59496e4e2b3456306d783965346d50456f722b53324b645a7938466159554f7738533764573855704b7434304146644e52554145464a752f3569772b65756c47587877695a68592b51434552346b7a386b3878326d65654c4669422b4e4d4a702f4f6941754a48536b6468694e57584c714c2b6c75376373575954586655744748322f706e48754b4479774654726f6846487a315969526b4b31634f574455656a3436626736457679613878504b576c5a4f664b4b3454615076716d2f7a2f4268314266596e38782f446a2b666c6a506a544736744f2b4e5743357561515831305a61664f754a4d754e4375426e375250486255746d516d5a362f7a4a43553878346d73457a2b73454d78425474616650426d54712f634f3031706f4572784e4849307357706e73527135624b75365664676253445a2b50384d596246326744336c71343478356c53377047507952655365326c3949366c704e6f5972396a4f39417a4374526147422b666338784f6e43444f4a316141596d524a6c69747a30476b587a30444c4e4d496b547562675469676178314c645749757a78634935655565333931566f2f46797a6c367235694b614c517963535337377a2b716371777a5355454d7973596c782b51444a37476432523344442b3737524f71494d595044726c61494478786b7167312b64473354326173752b4a30627562756b46396453576e4671446a694e663551557a39682b6444387a457a316b692b504250457a44317258484a64536d493762574954746442616c6c6d496e566d765a6b706b5a3976635a3759505272597a375443793979726761394839696e324843584d4f7365594a50524849544d775634524349316c4d7063726a2b5143726d6e6a5a623563526c32575845364b376d324a35412f4678792b7861576b507159757346336d785970562f314857795542314f6c6373584c535a3832576f6a6a4c69375356336a74493865733232356a6d2b3572334c65433350573461335930716e7a592f4734546371536a736a336967694c7137674639417941696c4532345858504b565831415264654469786a61467039526b5337435a534c48476d2f4152724c4c4e70476e5669474a4b594e396a56327845444f6f745164373472637945614f4a48356c7264443836416c6f2b303845316e625177504d364749346779617356444775766b2b4a534b7549353235355279585531636d63735a59706830384a3169786c61777568567765577875477879556e5133546837452b47766b386c2b4e386b61715377344c52684144417a432b3175434b3758683154786e6c71496d486844624751634b5a74617852323556453262565a56726b573544485655386c466d3954465047767974534f414e4a71586635534e6d6d4331793731457457364c4173347032396e6776366f33526d4d68574479354b6e35346d3157526d4d73546f585a7132724d674b374b677a674c686d4c6e4d3535623443786a386765545634374e47696976593875742b62493935572f714c4634544e6e61524661316a37524a367a71726b3275563030524d594842376d535a72376938334163784e2b77337846316f4766752b7856386d496a784e6a4a7249596949624441375435462b507150535a2b64424d774d77496e382f6675492f37504a5355396c7950627241663861524a56544377654a76727474544d584843556e32713553612b58724254337076726464544b324b4134726575352f7741674a7a365a5a6c2b394d414668365942556c7862752f766d767050375754452f2f414462434851594e4f5a712f332b4932394b6e74755349536b656f3237586573537a7a6470395935495063334c664a615859656f4a6b4b396957543168562b326d73797064333563646d4e767071305a794a74695950415a46554b42533365612f536c73597976567930644c6173553347665774464e45387570446174675845596e4b6d37394c4545486c574c4672585a722b3050666531597731794d6c566a4b6d6a354462742b5a712b566962486c567a7070724a6b7250503432464d6b7457613959346d4a6a485652506b66614a6a545542484f6a5a4334346a6e367a45424a5245784858695a4b5a6b6d467a6f4a365447706b495848592f6a37364a33502b50596f2b42326a646b625851727479734d7947765475702b5a33736a70366855584933646b676441444a644a39467249564e73495567524f5234316671777978356852564e5334485555524a50693070433636654247564b56426c377454624572316172655a4569766332326e464a743151702b79746c4f70477a4a69634a6b782f594e36353749664d76666333706d726b5676794c63697a7465774e592f5031546a6c68376d5154535948754a43316c50643131655375725065626b6367757843473930303774437a784a345a51324f766647515041676e4b346d706c716b314c6d367475546863724b41784c49477634495264597578347458372f7453354d63705379537661327479345363654a57615932577a7074706f364f323266354b7779593041524d63614e3968614a7052456638362b424c6b6646322b326d4c4b4937544554503867455445526f2f6b7551786a2f486b456a4e6c68774c486c2f3036597772575a7a47555a3676656d647a4a3259792b4832317457786b7479497875746b593147477378544a59517866417656795853556f676949744b442b2b5871363452303639564f7971713073706a3456434b64613346675a455062306d684d4476506169772f386a517870734e55716e67562f774357544f544a715737547859376777575a56617975774d6c55654874734e53597070512f474f726b71785673314679344f3270733553676b6c6175676d3245325254305555635642572b595533465a6135547469674e6f574974307864723549706b7434344a57617870516e33646a48335372576d584a6455467938736930326e504f4f756b49797477777649725a574a75336e4a63516a5a773177536e55347578786f4b54513567705067656f6649524f6f486d4a354663543969617850774366763137616d596a6a6f735a4942676a5748614f3957496d324567306c6e457262364259443247792f66466671685951536a775870716a44377979653570782b4969786c44756c43564b2b3564657a4a5a714a4872774e4e6637546b747757564a55556e756e63324d7257666558383136755a724d33505a55747265747830574b724e4865324e7964554c64664933697455527349466772744757726d556b5a37785a79556c4c49643658567946646f7456635a2b4b74756f7433585543706d337630434b374847725333456f2f444e6a63462b6c634f76657932524f312b364b545a4a4d7a70463670493852693232626c39627832686c4b2b5078736e6264764447436f6e767035737367665966556a61697253667a6c537035424c78364f5359735a315a51536e3978586a4c685735665370316244526944626a5a6d50732f4554387a443861493839766b76726f4258787959736b432b6a536b79356e743976742f5058714873696b514d724177556a555037746a74534756336757782b4a50495a4f705171625a78434d4c68616d4b513951787a4a6f70714e63515668586947414134383343645169464279566d536c4849526d616c52664c50555464766a584d7133427557356d47534c4e32375866744c4d707242316e2f6e616d34724f4376435934504f677a467a58504b5749687a4369336b793876657635374a6c4d6e365a55314e786c68363274476f493249336a6b694c4a32715a333746696d465779717a6b437438575275586c3261515662432f436c732b4d554b63506c717931674e6e7937514149677244362b3572563250614c715671316c5944724675437166534b384b7544346d62783251465273333644724a7a4d4b72554d466b5878356d507864314c756f49393153627a59344e73646f38456c3854646f64756447344f76412b5874386c423866774a7871435838544a766e764d6a394e52344a34344a6b422f6a6a3567374b356a30626f2f6d393868616169367171726b6c4d4f77554d4e5539423531626b79356e534651766a73794f3338584a6a3778717978392b744d54366e5a4848467a5451435969774d765064483544417132396e35716752434b386674484b5a496c795257507843564a566b63314e7470644b3159476c4a746c62663851394b4d352b4b4961646a4f6268356f5a47727137656262335062584e6f345854715445792f4432796169362b4c526431556b4733755259754673385a7938574e766c4559757857704f465473665346704153455934572f54513162696c635268383036733856473569726c59315754777973506c47716a49626d735646653231537a3732753556566c563945445a7a37736a68523871634c6d787579544857636e512f352f31352f77437a6e2f53685a58584d6d732f3664717756634a6c4d36374865613833794769756b592b747a3963667137464d64794a7766417954467258784678736e42617946476678766a714e3949734c64793968317776517a474f48395676304765467159516e306b782b4d575a4757476d6f6a6c6d577836326c496f7459535657657249786a46726a5368597770527037583156707356626556586b67746f486262597437793550636f715556564332516472734535454973434136724c733071306c7247575539576a4f4467624e6f7a66546f5738766c7a6c47334e746c4f4e424e6f385862716e3437574b5568714f437434434a5a3536386b61553931656f6434312b32743138766657316f537a4535476f4370685a355339587551344d5a4e664f3436617468657a47317246685656325155346d564c662f7776525447504c59324c5579696d4572675267353550733133654f4e6559426e517167346a6d31556372724b6755586b6e766b572b4c703151745452463057515943756b57547473694465776856427450635754726b63705237566665546664536f6d51553259625558314833646a76325a6d62314c49316a4779445749756a4b2f546f66633579375a6a6444763770416c594c744a385261376c2b7839393543556154636864592b4d65567471505a55665372617634314865304e4a49723542356833474a79567a38593462614b653545336c664e36776f6f6c7466314b796647336972464b6a64514b3557786439595657576f44634c4937685a322f752b335379363636372f7141743144334338356c4b5763434d2f532f37754a3178726a587031734b3976724e785454694d61716c58525572714e59684d36625a55456361733331714532466a66452b496470622b703854617449674331617a77725a34517433474d44794668584178437547644a62346975784848554d31656b426c51332b43595574454654476e4f58383963793934726c6459495a50454e7231684b4f623236624f3055595646614e6c50726538754d725a724a4d73585853553250316b4d6e50457a714a597a395959545a4a326f673775443234564d41565532306f434b456d3858696e676e795948314b307854516b644f6f4b38666c476c6c474a7453693776374d65397075534e484e6c5878374552537467506c574e6f51346b7a3876666942484a75556d456a6a377a4b773831755038417334317871496e55666165446f5958495a54494978574f394a665449646c3766696d6242585544694775342b597635446c2f6747454a6638757859566c2f56556973562f737a3346755a684c364632476b5441595544305a69476943344a5232354731484e36797274383557783768706a712b723973366234772b2b7247624a397161754b782b7774305a6672616166704c754b613565327a3937633232636937455a61396c7256346572647133765a4b764d3035766c497030772b496a696578544144746a5a5242307433635a684b73464a5469415145514771625237396a5234726462676337576657486e525a795569306246334e4c792b4e6c36475a63464730314a734d7565575376342b375663526138704a5a79466c3758712b304366504565456d4f465339753441715a69392f384172386143494c2b594b754f68744448774f5046647776416a3063394c6d375671666c4d35354943506a4a354a566343734f33467653594c2b337237705a61386a616542386e4d4f744c66412f6257567579344f756e334444376c6533456352706557416c775259374d6650416a634233457a6b4772594d6a4e78304177696a634763783250706d353249785755337466386d51784f3336474c7278566f394a72784f735069624635554d50665870577665474c4f6c637a2b4379573273745a777557787a4f67766a516e4862527a4d7a316a303532677a4b58507931704e52512f58565a6c6366714e62324d7367545771764d524f7169657339555a4e55336365554f33706147716374584f6362517139315763693632393169635733786a4a36545655786e75474e323675355042324e6f654250766b564b474e7446774b74763077644244673557746f563378684f666d66776e48453650457859694a62474543496d59484441667955344f726f647634397363543654374b776c3364314a6d764b7046615773794f34716c5954637a644f2f787441666a75353139323130587459785943413167554643756a70554d4949677954532b5636764631486a566b4c726a35514450415044635546596b69795a754c584536755a74697566486e39364254614e593864735672662f4d376f6f494c767770564a776c49674750746976752f61743675444470477439666e71587278365656743934513874684937704f526d44356a6d50546a30547a752b616f5a646c50303358683643635651786d304d64564c724d3465694b7949324f713274332f77424b34384d5652536a70425341697961744c4e6f7549385476563552304e782b7a4f336b474f62304c33616f4341484530377a536867346a45424267656b34326745486a5a396b2b79357a555a6e616c70677a6c4d52746d6f4f63564b49323774467132772b77513966714b5647576c4a415067786752677578664d774b3551736835674958482b506f3045684753754836322b7239366e6e45375832352f77436f2b5476317a697a613343316f79477351436943445a744a6e5a363962666d7546627376386732656646626d624b7535355a5051535a4a7449342b3153764c654f3961705668504162695332716f6d426d624f354d7a622f473064732b6e58734e7756624e326f6862476b6f4d375273556531696e73764e31382f3841334949384d4c67537a7533374e61547a4f437766714147625330314b335171797558552f576e5a564a776e7666436248774c4e303771787543476a6a6b59756f464f766b574d2f4b565931577278432b4a796e514b33534e6b63326657444b57334345745672494379766b69317458484d68746c52657357304b475932323677364650492b75735a74793477664d7a62574d397169553261314561782b776d74566a796e55736e6972454d4131727877735930362b6132436259566677577a74304a754e2f4135786456695a4c722f6669594c6c4258556a795931624e74556b4c4b4e717133323552566b67687366693868356d3135394c6c5454787479497a4433767a463931735a6d506d505038412f774259374d2b32486a573364374942793148747263394e305176515a5a556c2b712f6b534b666a46626463384262624862314d61354e594b4d564753384b4a494167764a6d474b4a306132742b4979325a79526f336a752f423469366b537750453147474f51454c4d466679564a6a2f546263583954306d5a65736e47486b446e4f655446786b3632394e6f4e334c37764934504a5864783751744e6f32697932544a686e486f417a3233715454386c6e4e67757730523348753338646c7146692b2f4b56614b424a78354f7464535378327a62764a3959723143626d54696b4333686d77566670386f3950393859352b5579696d627272314d3567625657635a74537051744435384c696c4b4673367134704f4f3665325045325a516f6b55554b4f3148424952395a47726a342f3336437366586b53637265757971655953567571757662342b365a72684864634371526b494b4a702b496d6c6968735352725341347066596f7656317a4c473749744d4e4c746571464b746a392b5a684e53436e58626d5039494d682b52324a6b6374627a434d6572427036343053674b4750417865796a424767536d2f5a43377a537256616c494c7a724b485a41515379423957742f2b496978654f39434e79446a626d5978723934552b4e7732377276534c656b6e67374f4c763731766c6d6476486a364b4d6e5176324d70745851656f64754d517a5a316e5a752b736c6963666c4b32364d72367a416f77625275627a7848714d68324c7a614b6a6131706c617a366131323433646d4f79423163355a764d386762367a616272597838626b764d7475534b6a39573675304d6a374e7535632f567065704d6268777544337463766a474b795039576e56742b3348644657395533546568757a3939545a32745556597273347332563274765a716b72472b50492f31566a526c6a492f72374165646f57413372734a4c6f4c55657165784672507973395676546b2b586861395576543531667a466333397338764575724c564c45764d316f71364c4d4d6e635a333974567031306c37363961796b44504f4d5168312b5a6659686f6e496c6974705a74474e79633865732b334279743864785973674a5a534264706a586164524862346a307870717154506b666c71316169716c576f57557344734d766156547933367873794b5451724c3569705763474b786e714a3671567361706d4c7874683772547a73507856693952754c76557437574d4d716a6a3361327a756f716d64553971446f2b4278575862716f59764f6d2f47355938527544783261317a4a354b7269436f57704f536e6d6148305a4c5973324746626c72396e3556616e6a4c466570305979315971347a595749666b736b4f62794d6c634e385a49392b57497975566d6e547550744e7a73473745756f596a4d397459352b4c7958697556765644424332553536767354645747777776784e366a6b4648646437576734696a34706d7359695351704c59356b4941426a79567753354859692f456c48444c4f46776a563974584d46742b656663525951716637484859377a444e3234506872565050574d6979646e79335950484c6a32734e5946707773734e38726b4664746e57735072736c4f656e632b4f4c2b2b796b316268453043575838365255492f6b71533863487a72624754586a6d445a4f72754f6b2b307370503148705556476e484c33786a567a3736376d665758466a554f7175356e39373772726d7244342f774245647a327544794f50394373517550376976366656385976783074393741334e3770544b48346e4e556e67547436357069746d495a53386b36686b69634871336b4535796b68626e344c4c5649386c696837307a694b6d44324c6b73732f7742786b48374c723173553272547534334b5952386f75375333625570625574576975622f334c64615a486a382b3670633938353357324d3572543739683838474751754c5a447774623879463341715461554d764f4231734447766256555930615a79497a716a564f42695a425078396f5642464859456b4969517555746e42464e6861462f757458367a75787a6a59726e445667626f5759734d7a51396b75765456736b4165384c4775616f4b5944436b464b456e527134395932636b63724b324574757275457a33553550612b4b7431483257626c32396a38497346466939705a6e4c68354b712f544c50515842552f534c4a4d346c394830587738687a6356364c375147666d70365537577054486a72594374526e7051396e644d7034396a5a466345786b4e36414578516d66344f6e2f45533676576d666e646577734e6d71682b3558364f62627479587367394639747169504976306a32696d5a39776e30323262584f4f744c41346975767730597831565a39644c6f722b3069796d44412f646d746e597a4e557661326374364a556a6d5734342f526a4f64696943394e4e3359394c6b56302b6b57357a2b7249394838397a5065683652484968463746656d2b3363637a754f4f7771314c456139656b596365524d6f582f4149726b79487472755963524e646864594c5458724c345955566d722b747747694a474461747438536730564633486441363171766371556d6c666431716c52743564304670434b6c57756173514336766a4270304d616c56583354386c586c37504b4f3474336a6a536d6e674e73656d467930523373366e62314f6c386b6d726a4e497230706d52307172553536674750727a476770552b334d785372522f454a4559694938435a2b6447414c69654f344c6965516678396c5339302f476e4e734750316d7a347672494e386a65356d435a6e397a4b7442682f5a474f706a503174314b34463246464e6249695239735154416b7967706b4642446958427a4b7a6f6c7838786a6f4a58625256673638474e576e4d784776485568633949596b5337785579445936774665315a47504c6f4d745a4a6e5752754f6776494b4d3863736d47446b5946666658395243456b633761395263316c73314e652f647a54466754474e625959486e753038665734595272735139707857586a513934787432614d572b62547a5a6a62557859304931776a797366614659666c4d3375336664334f334730385673765a69366c56463236726f4978354163737a3741745a4f695347756876503138452f793055396934674b797576327555626846423031592f506b525156576a6b454845324368685231314d4f4c67544953356e6e786c5038536f522b6f6e56372f456853367a396a724b6d5073574b557a356a386449547842342f6a2f47765147532f5961756739416e7a7848476d6f734f48516f744345784d32576a48563545722b4669485975594744694f4e493738664368344c3472744f4f4f3452572f7a49715665777a73763866466637445665745566594c53586170626578744b3464784f516d72316d4749496d5775724d742f394f514f735a4565796e535076656a766b5a6d616c635a654148754253547873517a5033495a36787461424a57487034497a6b326c4f4c2f414e72526d6654517a504561544d367254504f6f497575676d64515a2f4f6e47666256597a31326e7966365270737a452f43694c746f356e6e582f327a722f386d69414f75676a6966686b523230365a38576c2f356a726f48545241484d366c612f6e567752674a34457a30503836567166343045527871734938364661354365567258313055667a71524872476c4448545178486164492f774149316b346a6f33582f7841424945414143415149444251514743415146416751484141414241674144455249684d51516951564668457a4a4363515653596f47527352416a63714842306548774643417a517a425459344c784269513063354b79465357446f725043772f2f61414167424151414a5077484963575037306c6b484e683938415544377650724546686c6e703735707a34797836483579334d33346454306a4450687a2f5348457837782f435a6531783930745a65504c325934494976687666343959646437375858394a524f2f334f474b624e756251657a57726f63554372565372687930776b5a652b38326f437063564b444e355a69656a4b716832434637626f4a6d3753325a6c4236726257555275376f7931674e78457a7a73596c3145514d6546356d59735334476355356346692b66386e43644a2f6c6a2b552f79474747484b6376703366612f6643453563576c7a624d2f724d68347339596730754a2b2b73706c327733742b66535846786859746c4b6d4e50575478646339424c57445952626c7945714c6d743765723750566f6a74554a784c535665487266704e6d71727876613175766c45425a314831713566644174525662456a6e77796c65316a655876306c454e596a4f55724e5731456f4573506c4b4e70657734774330793543436154535767796957416c6a556e4b654b632f77415a36676e4c2f414d6148364f58306b524c6e6c47747762442b395a722b382f4f577638757358544d65664f56477073526863786d5a577a4e3957366d5833733179373336525276487735585049644f735446564e67697133633837616d4836342b46346933395a526e4341655841792b663352623965664d53335a31636c426d74703971584639424d687a3679397a715a3859674a6a57426c37544b456459632b45385555586d537933535a716a4b506a4f5168385030482b512f344a4766377a69484c2b347a5a6d49637633385a5963663138346f46756566766e65346d57624c4c46382f4f4167616d2f506e4678747874722f414d54735256714c6748626545636865554b5659587a4b734a535a527870744e6e724b65414931393879396c73697068754a716a44586c4f4276445a644a78624b4a6d494e44654b4c634241655a6c6d615a38424d725136365135516c544353505768755363377a4d6e75724d35514273526d6548574f4f45665345512f34422f6c612f574d41514d583736793131467a2b666e4d495050577835773251515777366366325a372f414d7a3167794f66366d47784a7a49796c6d5137324e65394b74355579363268516a7a6943706545665a6149626d4c766e6e424c5330316d736255784e5a77306c7a614f52434c6a6831696b6b385478674748534b4c78535762496e6b7370487a6157454f475875326e305a667a4836656638414a63677743797977494f7374474758336449677957772f664f49474e766837586e45432b74454e6d38507266704b7077484d70703834674639626d3855482f646c4b4c316966567a74477767384e44474948744e69454159775338313551435879687a5047584e6f4d2b63356643654c6830677654705a4950574d7432725a395265505a6a6b7651537669413771637062436e65615663526c7976323959785539494c39535968794f73754659584563326a6634484f483656307a4e755835776c5a63494d7059332f646f44764e34666b49707772726639367979327463694d434234665638355537536f65377a6d5044774e3569796c53797750766158306c5335625543554b435056337161692b4b3051574d587a6c356130766c705046435333304d4c77334a6a41467a6d52793553394e42764e5677796d7a4e346e4f647a2b4a6c617a44755575412f4d395a74705a6a36755369567a76627a75357a4d326274375a596c2f457831556e33797a6d4b4738707568494c4637734230764d72516c655576662b512f515a36333868743941336a6c723930336766336150325a317559784b394f4d55636c2f4953325751366672454f426330763475737654486c4e705335353552367a39467a6c2f7178336279673532656b33615079467563587535516a723942463572682b4a67336a6c4c7a546c4459633478772b714f4d635546506962552b55652f796c555735434445385a4d5673525a7442505372342f5a46685053753037572f2b5869736e774577304558685457626257756656462f6e4b315a2f5065684945414f485366326746576548587a6c67524c42784d372f7a65742f494a6f776c6a6545584f7339776c372f763770694e77467530415879487936792b436e613559337a35434f514f5837306c4e7650446b5a737454744738544e5a566a6d7057326838434b6d5a4a2f43424b753331743673795837334c724647492b47452b553454674c7868664f772b55746378382f566d7644724e42376847767a7738355572446a69624d7a6174707173336937504964495377396246614d427970303832614b78717565346d5a3873754d58616856344c567073466d334e53583156705748357a306d74757576776c64584236322b557041322f7742624c34536746586d7a4358303078524169706b696357504f45594c346d383432737144794d53773469553876576a456e36544c64372b5242636652707248414a6c4c694237344d6b4f467679383468512b716454316e486848497070764264494d664a50784d576d794c336c78576c6574534b366f75637970727555637537312f574948504e737a4c425a6b64444e4f394749736f614d36396c5743564638394448492f687431623567314c586a477163494c7552336238424e78526b584d37563274355a64424b6c47694f4336743835574a54316856742b457156717a2f4837357633344e55744d6579682b4e464d544e2f756c514d4459622b73665a33793770412f47556169676435452f43625461726132705270366671306a2f414b6c7a3870365332586152775a5873596850775079744b623944664b4a6472633558464f752b38754c69655572696c744e493457426d385a6c306c6d566f50736d44543665663867485341564734636c6d5a614b6633776a486b44784d71427931724c4354557672724d37487574386a316c51696d2b62446a6156794666756f7372476d443456315076694d725657474e69322f6e4e7170304b564a52694c45617a306e527167386d347879365673314775737978615457316f644c6778643536795966635a58374c5a6a6962624e71626775704339547a694d39477676624e737737376a52546268654a546f6b6542637749704e73373666644d503233613548756d30736350714d506c4b5a656d33636255457a744b574a763662393170524e506431467839326a546151567937625a366d6632616c506d4f4235635a54374d6a696a774c55704e33534476384133516d6874533846794c666e4e727130777669584c34675238644e2f376c492f682b55394b396f6e424e6f3367663841642b633944696d3439584f386f6d6e7a4b77596d4c5a5834546432696e6d775878526256563578674448467251433437706947592f6a4c7a5343586845427863476e474858556334504f3849612f545341777437504132684974765868594f7a5a446e4131683442724b68564f5361744e6753707642517046324a4a31366d656b6343624e5637506451444f656c6869506971754b597946395a555038516a64376a61484e663363784c4e6842574e59445539496349474c334341314e6c4c5770554f444b4f665362754d3445734e45484b49565665385271544d4e4e656a6e464764716656784b6f5a5639653249544a572f7142667855797a6f2b6c32742b686a56586f446552764654355a69622b333746554e58736b503168512b4b6d50457557386f7a45714e636e656c646c4f575447306673746f7039375267772b314b4f477575705856687a6c596254516265374e686637767847596c523650463652646c2b4248346938326973796a31742f44377841664e59513461494f797732744b4746484f69782f6359534d554f384a597130746750473049386f593863517a4f6163542b4d71415965553938762b6b76652f78574a613376384149784c645954636a4d394a6359737463705542595a6e6c4d78736974744c58385748704c4174584c6d3267764e644349754e6d47462f445a764f414c665569587653453737627a773237593466647869675a595636526875697979754268474c4461564c456a4c684457525471552f47625377584671703464515a7442656e716a327437727846784537366e494e384a556273573361712b724b6a476d6a4e535a686c68716733754c6158466a4c5057503936316e623758507a316a55716c687630366d56784b6a3748563842626e79354d4a513745673257725437754c384a332b38505666714f734270754e3075762f7743776e3167625843627a41485858777435797547585647746e4c743758434a6454426970634447746e6c44706c4747486e42756e78546163644c372f6f4a6a517939357444646d5778464637742f6f5157746e3551714d4a746c72357932756b4a6c3763346d4867424142687979346a71593276643665364b47576c51464b353573627a5a3076626673526e454e4f72326a426b4b33773236536f434d48617254624c73723558486e446d66684c373262665164785151664d777a6167704f697a42726864744437343571556879467a43443535536a67506955615147334a65634b4432682b4d61345959636f7447714b61396c567076335363734c394d755043624f39536c57756154616d344e6d553952426865694d4c346c7550664e35676871705a73514b3853683663745935765579507463706661614930334e394f68586a35797054336453464b734f685756305174335762756e33797a4d426453725a2f724b6f4f484e527762386a425a3237776a6c564553315a4d31356d4b794f6a61474731516e4f58504b43785857564d6d306d4b30557854456c3155775a5334747235774d6f7672454b714f50457851527a6c2b70504f58395957476f68776b61387a4c726e6b42445941524e2f774249625331582f614d684b5130796d30337056305555715038416c4e626650764d325a657a55376a756776726e6e44614b59734678796c54442b453256616e384e6864474c6b597a6e792b55765232624675705353374e384a746c485a396e305a447337442f414f36356c536e694b3473644a38514d716a4136332f57626c514e6c5935544336364d4e434f734f56724139504f484c61503841747133336c472f4355525532667443367554334c3571335666436663596e5970565a585a7253694571557a6958415076363553714e6e724c6b6c54765532487444697633695539703257765462774e6a6f734f5976776e5a73547139504c462b73714132384463594b744231304b353578314c34734c4851486c666c45374b7146745a707439683456555a6d495168306933715578685a46475a6a3277384962394a5244412b4766564a36706c7359694b59676c45544f326e35516b63706d4a384f553176426c796a6c447866317557584f58432b3171334f484c317054414f4d5a6e675962747456644b532b5a67736d7a556c704b504b4535784f70696b54756a6842636a3577596357676d3071745851716463707464453076366e3951616e67523939786c4b704b44757a61446174736c486136565548554f7439524d35555038414473624f6837706876664e47785a72666c4d2b584a76794d7161697844524d51773567636f705a715942645631616d63372b5949764b367673715532772f5a445a69336d5438596d494274776a584446617054616d504d652b4f4b6c495858746775386839576f6f2b6371557177542b6c55783779394f6f6c7750694a7447422b4b38663168745546314d3562335553314f6d503775702b2b564d567a637455664d78784e47455379347354773362516d4e77314d71585049526258684766436177434133346d5a2f515933484d77322b687976797648484c394a664576506c4637536c364d70477163576d4d354c4d796536424c5a36516a6f5a65384e7a7066724c332b665349656b6f476b635a5569323930767a6e5a564b314e734a4b577974772f346a34776538453148786e6f762b4e5859643359747252384e61677671653076517833652f68746e4e6a625a364637587735435543425457324a57754a6c6a316a472f7a674748776d5a47716a303162374f66792b557246615337612b486d754f31783930634d462b2b776c757a714956393935564b4d39376a56616e547a6a675833725962516155385373764f4475574f49617a6978483551576571677542706e4b59793569463654634c694c6a74724468383834753679784737785a63584c6e4843446e446b4f504f45646f5a697771337574484334514a74412f7741496b6e445943442f785730696b6874775166724c32476b4d4f737a4571414d33434d63395a6456353859705874546878327a317a4d2b757059624c693843394969673475484450724e717376652b74356536625052724f58784268653248384a74444a797855727931755979764e3047414e547161455a7744637a703475505179757443745263566437527263504f50622b4932796b66766934317456613350684743376830357970686337796e32684c4a5748483176684363517a747a2f5553367132666c4533546e666b64596d4b6d68774b33434b394f6f46757648442b6b55346657584f414d7734635a57737037796352355376557171756f4d70646e6c6865704b754e755551466845505976343739324a5471426c744e72656c555735576b2b6869594b69585539442f68715670564b745776666e765251524f37446d4e5a7739307476637545326f30366669433275666a4b6a6c54724b684b71644a626530687a612b66534a6c71655a456244626932557131474c61356a444b592b4e7750635974386a6b4e496e3162362f766e4d4c436e722b634e576856475749614e4c3456634e65386178706250752f4730577a496d734a566963513835666e47467350374d377a3776786c49314b7455686673696631337a5966684b595665576b41396e724b4e6c38584b55776c51645a5a58506535474d754d754c52537a552b393551456b5a536f657976335a582f774332624d45746f49556576534a616b343856754570646c56626432684634486e2f68626d79554c507456592b4665586d5a52524b477a4971497169774148434d495266544b563055494c4d574f563457412b4d422b36505a75557774632b2b416a6c4c4863316c696339594264526e4459722f756c5256782b726c4b723248745257793858534b48504b386f564b623847313933575531715578797a74377545324859547441474a6d703937376f6e5a6f455650644437416d634d424a626847734d73684b564d686538334f596154384f46344d78784f6b414333385044724172767066675a616a585851615970664362737057622b4639334b5a4e657a665a6c384c3932307437345469476b4146702f662b72714a7a2f77506a4b42326a614e71594c52576e6e6a762b2f644d465461396f50613754574869626b4f676a616334777a696b314d49766830413677733246385372535851383778634e2f6a457542786a6c5376466675684e7463593139387477756563712b36432f7a6d36384f41653073536e626d7554523653652b41375456584a75794736506644732b797266783359723768502b70765239577068796f314b4430372b2f684e6d625974736f386a634d70343952316a354468777630355455714c544e73322b6a4d6d5a746c653636583453695434526e59576c4e46516433573858733761536f5352776e752f5749425a7566475068713074316c507a6c617a5a3358466d444775544575703174464b6b515750305a6b79677a76626479796c356558686a68527a4d5176396f3248774532625a6666547650523642386939576977754c365a4e752f4b594b76704f762f537652436e5a615a34666150475a4b497774316c616b755875312b55414c4d32344c377a6a3336434f7a5648757a6e48694b2f68377061334f627036523859567547566f4350446931674f4a6667595267624b2f4f45585554432b58696c577944776e65416d30374f67384b6a557974576f656a785a6c544468465266796d7a6f6c4d5773414f5050384157556a6e6d536449542f7474704b494e616d4c3748745744367969334c717653554f79326e5a6d77734f42354563784266457376703943663974733766562b3238745a54614c6542455965364e724b35552f644633305839326a3357747534654e3779734c6e673348704e616e654d474c6d493331546a766571597137792f5673426b38745543477a306a336c6c44654865456f324e386a464c6548796c484c37456f672f77433255416343324735776d794b664e4a734e45356572704e68707a5a6c5533386f6a4562434474544c32653657306c6869625579716756657563626476612f434d46776e52655051526151634450466538724c684f38414f4546374c6e4b565846797a796931477844492b715a537035613536796d523134526d70314f4332794d76666c306d49447539374b5532326d76563355703032336933345242744e5a37476e513779306c3933474b714b4c447561655377335a766566654a73685a5278534d467762774a355277564f6b704a2f386132415971584f756d70702f6c4156497570422b6a62453948656a6962647055516c367632507a6d3049744f6d6f546554682b636f7057646538376a384a736c484478334a745742715957757a4c596c616646632b492b553264324b38616a472f77415a645870616f3266776c3162514e3167374e663636386a666a484f4664496f75596e644f67484355514b4e53346457303677754b5839616b783151796b4b64665a6c474c697459446a615954574f38394a492b4461715754556d6a437977567742347334395a37635a5559664857567a7261776c6474637a4e745a534e6432625941773862433832722b4937744e543673326d7739485a375a564869716e77653662536362437777783378486a4d323777754c7a655268797467503735537069497a6c46726555544152337236796f4d4d6243673459444557737038505355734f56674c53796e686e4131425433366c733558666171783368327650385a53756c50436354616563374d765455736d495a4d66562b4554446733585957334735536e65574f3070764e534f6a7278486e4b46564670346b7134736d706b613554624d646b446b6739624837355452484c662f4d614650544566376f4844723859435632717571314c634531592f4355317030714b684555444a5648434f5145784e39724b3263413654756e4e764b5067576a736541446d53636f64375333535855477a4666316c33524b374665674f646f695539753252502b333268766a6750512f4338767268505349634332753371333039306f61414e69584f3335724c67563178303231772f704c4d536d416a6a304b7a446a7039306a7869557a54784a7672624b3347647252323546314179632b314666597653586456713938446b63424e6a4a492b7a38426e6e4b4155763841365347336d627a5a4d367879542b47474a756f414f6e575555766a4371763841435a4e396d787a69624f74626a5357673937486963386f514c7432616c52557335354c6c6e4b52426f72395947786276496161394e5939334e572f77476b7561315461617250665846694e34666f624936537432594776484c2f6d6256524f6e6d5935756644684e72653658375274314655366d4f617263764373716d36366b494c434b4d514e3730387066547532696e437a59627470476f314b486f764451777059347174726b6d567161766a41774476324a74654d48554c754e726c714a55545a396d745a6d647241582f57464e762f3665394c3146706253744c2b78554f517165526a62694c69467462544f31727166786e704a2f525870477466744652734e5061626347746f65736f5639697231615a70565131517348586d4f593870747463745747463938377774624d537737536c55707157674c424f5533646e713131706b4c6d5678473071424156316d386f35545a73574e507275694b62715a6d6f4978446f63706274526d72644a74564a4c625632614b3732624c4c513959565a646f6f4e546233694f6870736578726e2f41436d76757635583479685446494d4e6c32696a554756375a57396b336c4d7652616c6c37424a7468387548337742325370757379393166566235545a3237576c666347716b613466796d7a46773257454c33687152357a7655322b75704d6d38772f5035796856546d754c377848616a36526f7347707576722f766e4c4972444e6d546671446b7163764f303263725547396962435858717a64326e39353553697479747951686274472b796333383273505a6d337473315572696339366f6f303048643875484b567a5232542f4e71587731716e5031717036434d394c647772692f385134314f6c2b79583256467a786a34774c2f56492b436c54484a6d766b65677578346e6846776e565677646d4d5044437030486e6d645a2f544e6648626b787a5966482b516d566d4e4c56764c6e4b3959414c6875633468616f504532646f3470557575702f4b596d704c2f566464414f55415256414746526135357a64463832796d307255724d4d4c75443366684833612b79397567397450304d66474b6a6973675069552f6c472b7632452f2b7169653666776751726a444d47365a326c6674646b326e306468713078346174393039473870745a702b6b646b43725372316537744675426d7831714f7a7467714a55373348654136576d774531413564677a5a574a2f4b62474e693231564c624674474f366875526d424b7148415130536c2f44374e326c54634931776d4f416333505543414d324959635050466c4b6d657a49425553656a74724956375677526b6f353952355461615366782f6f71345a744d7a786c52616d4a4777316b34386f667171653672587961587031547454564277466d4e7766684b3572564b62745161727a436d32665762487462684b39544179624c69334c3648504e662b5a73323231716c50456959646b4e734f7168726e6567322b6b7a4c69772f77546c567165734c634f6b2f6a55703146767662473533744c57355376587571684d54624e555672587679393832353233682f5963592f75794d2f77436f6161315533643144395a3852377036586f2f576a413946554f4c346672505479316351433378675a6531666839346c616c54576f626c417a62783974752b2f6b4c43493149453471653568636a6b453850336d4530754737337570596e49655a4a505152364c417275564b3132543753722f63506e6c4566614b78466d326879445559636c58525638737055444b7076567173397143644766576f665a544b5a416271375a56705a2f5a6f5575486e6d655a6a6b3975624d7a506a6432356e394d687a6c6a554b344b3950784e6252706345667955384f306255514d5465465a57444d46336d34532b307433743353656b55706a2f4b55574e75706c4e396e32556d324d376a7635527967544a6d762b657364366d3261634d413837664b4f58715644695a6a784d443436527675385279694c56725673465665595331794438705a563273396e58773659546b46393061763249755468754c443353705571374b4d51753365626c4b2f5a625539567242755670744731494d5745702b764c36446d426c4d52666a66574a675843515862777a5968746c4f7251656c6a5a37646e37556536624c39636948784e34622b2f4f472f2f7548587235537452477a425072586265776579764f2f4b5855307745565434564755394a66772b79756d2b74572f31515071383574797632724261534d62455578346f696b424251726868345043307830614e5a7358724b684848704e7178306d624570567372474d66694931572f75744d664c757978487455784b533457302b71735a7346426a7744624b747676453946374837396a7048384a36433948416a512f774e505037706a2f41496b745a64774f344854315465625767746674417a32417a2f7550782b79735474534e3543794c5453334e564f692b305154796c5531686f54544277394e666d632b516d7a76744e6278625051502f414f567a6f4a62306856566671715362757837506267716a2b7039773679702f44305747467470723276565565436d713275505a466c356b796e553948374977486176554958614b773970764176543443656a367454597357347933754277476566787a6c716455486555355a2b5545495665737034366e4d6e6a4b67646d47487338725462614e4a4533575673693032674770787a5566387a30745232717634555a785a4a74545657635a4c5258462f774154304c744e4a6a75745649737a496570304d7230746c785a6b643976756d3137565763653453693635616c4a364c326a6136464a4c646f7573394562636a3033445761673343564b6c4d3764684658675639596651644a5a4b6f70646b72485777377435735654737834317a58347a5a54555051545a47707038494b4c4e555444763246357339576b4c366a4e54377845732b7a557a685533333238353651714a544f59704a6b716d6658312f44326d594250474d434b6444744b692f3772586c56696f4f364f55726c575731724e615675307259577075543468624b4d4265555356417769556450684539386f69305157484e515967506b5a53612b666730694333504362527268526d467851594b6442626b553130364d772b516a397232502b5a59553652396b64316667544865757a2b4a675670672b77677a632b634a3947624775564b67693474717264665a3835546f374e5150674233563674367a6664462f6a397263345253344942786631764c51516e6174765944416f61363065696a6e37764954596530327168395a546f4e7054502b592f4266666470574e53713236746131674f59704438645a736156366c4a67754c5256504c4c764e374939356d49625a56474c73566348737837665870776c4e516e4e6d7465564d4c6446766237353664775835495a2f77425137597a2b7a5543796f39652f2b6274522f4365687467712f2b6276664f65674e68706f5646734946722b596e6f6d6770476d477142656250525672647a474c69656977535737796b666e4e6c4758742f724e675932382f7a6e6f2b722f7743746f2b33374a534c646f344279767a7a6e703361587736365a66644e74327437387a2b6b394b3758623146416e706a6133556632366e646832554a2f35466a4b6c4c344558687035547354376c5034545a71585a393763736e796d3331614438464e6d57656b746c7936536a5272303669646b31716f75774d6568537934742b55326d6e596571684d713753363856524a3645783274764f35507a6c4e5648716a4b4c5964486839384c41384e325a665a53473976394f5742484f6d6449774a485167536742626a6a4d776250733637333850534e715344326a346a3849694f4b653848664a45484f3074567157337470716a657430354356574e52786b75727435582b5a79696e5a4e6c4f38784c585969414a673731597075323839535a745a6f6c30786470682b74505165703835546f70737733734c6e64667133467a4b54436c5654366d6e697775562f2f6d6e3378616530376150716856706a366e5a656c4d632b7359566c724e6a77654a767453685455444c756349674239384b2b63724a666c63544366496955526c795a5a737a6d624d522f746c46722f41475939536e663249534f7563724c6e363748387056462f745a66664b34412b304a55556e33536f463659515a7456466c39716949614b6a6e676d7a4b2f6d534a73614e7a3339494b564972776155616451657374784b517a34646f5a624c2f41464445725a655245325861446232524b64644c663663323361636a6f31417a6136684f76394d69564b7a45634f77592f4362485763665a432f4d7a597177746f4c352f4f624c57363773586166684e6a32735734344e5a5232685271526748776e6f37306771362f77424b352b46353641326c554c56516949426f4f36636a4e6932756d6e692b6f4f5876764b683749745a6432796637562f457869316c44363248767642656d47466d5a64322f736a6a356d564264753832703930726677327a303074726e61583254594b473672676b4772305870316959646e714e635967577156656938684b765a374e737548734b437848703071725964776b752f365367315375677954474c41382b706c4b736f397868594468634152413356684b5948554c457739657a7665556b503271636f5577656954614f7a5869754762516d486835537669365a7a2f3347466c7437343958444b6a456659696c6d2b794a7367784878576d79435561596c4a506465596264584d51482f77436f59446e6c62744a6a7939563439547a796d30746633536f573536536b682f327741583834774a4130336f564139384b4d50666c4b5a767a695a65364a59774f73725978794a694c596363355a4166626d782f574e6469317764597455446b746f78594a33516337545233336836336e4233526c306d666e446350744144446e6e7869426b57316c4979453367694b46766e68387055594a6830427969676b4c7239444745776d45776d45787a3859786a47452f5354475030386f672b457967477630715068464552666846416a48546e4f5830675252704558546c45583466516f6748656748306572502f45414363514151414341674943416749444151454241514141414145414553457851564668635947526f62484230654877455045672f396f41434145424141452f45474455477733796c66684435526b532b4c5930384576794931535a38465756784c7055474177352b585571427762735a486e31784d4e514d6e52782f6d4b424b6a4d4d507765455148366a444e4c78306c62554955552b416448664d656262424f5636636a70596a683455744d7a53727465355761337659485672474d5964334362664a31375375647655417034556f72715034766f455161444f71712b73784d4f5371336c6530424845712f567a5473646a436171684e6e52666f57454d55414e41736556614a6c746f4278475638536c335a44476f78653269624f38786271513157336d58414631344868727846673068612f71444c7a775978557555713558314e414a51426464524d4e4b3036385833464241557645764f684b37334a2b626b4c324b697a69326e6371414d482f72336b4c4930356c5275435263564b304f4d444e30594d426d735956434a574d6f30696c5266746169395571646c2b612f45415541736c6f65664b6345526552773562356a71724d7757714f337a34697a3247533346392f36695a573141643969746a555a7349774d44707651524d3175436e6f4f427a7a4c61625a67716c734f6b35684e305674564d36636a447372454167366856344a4f667443425331756775474a6e793733484752354c5868654663316941746f5a6252776a363355546433517a5661663969635745756c34672f613570795a49494f6968712b7a367147494e4234676464693664714d74693070386e63745a3270397737324f794346716845453944676764562b374f654338566d3456586c61766d35656f775634694d56636448624e5237635254672f7a714471366b6574324c61377a466955596c754c6c4935676e4d455863724b4d47317a6b5844565333665556626f797934793154424b467554763334366a327a6d4b572b3037366d306a7358374875433868426551476a6b2f704d30594c74632f77426b646e4631476157326333314c7946425930385736766767505137436d714f6e6948775a59476b6161347675557443746f654e39754e4a54374656344f436a447a48646a3268565630354839783446657144773178426433485232645149356c68764b342f2b7839466a616a41307678434d51374148782b794e30346e495a75587661785045596d774136485033486f4d414b33304a58444b5644412f35485943686a68637270484a34366c707447726c427253382f77414579307544574a66584e435330396351494e744c6376624c396d684c3055517775737257632b59704667585736694c32375a75444f414963717a3945485167596245784263436d34474f47464445533977416e453034695a706c547468714d756e79525177304556466d6f6a6f4643716e722b485551624b363663612b4f4a5577486c31352f704451414e6d7154387643567230416a677676652f5550746c364f2b635777664e485a6137504934754a535855447578747642664576734f32686d7667302b6f366934427568374166554757723847364f487a436e7862415165374f5942414f6870317039792f7369377065513966474a786d75484a2f334d744d357a6b2f504d416c79595452344a657135436468433271616756565972366a514e4a7278643342486d75504b2f77425277474258525732427179594e304846647373454f533943754c38454b67705a69786a6242564e417262634f6d6d342f794434467672314b48435948587542594d6f706f442b35624d383037512f71446352616430642b49316f41706a566d7944526277397630494a3477794f556c74684e5442474a517547504d634d52733568357a4b527156726d4d6a544f364a3935417138457647596d57646656717774663969413867426b4c772f3067576563463131766c6445786c5573527061647231784852346b717358333759687561326158362f434f7137457462627648384348416959357933717a5639526537795170667330645253576b5a41506434547a754573586455432b59344c4f6c55564d5235742b4b697367785668625858637046433755613850366c3357397354337a4861747068796c7a6d623372765575417379754a58386f6d597361496479386f667141694e4c546d75443132784b74565a4233306575346b4a554b6356353845706a53576e36727a4d614a4e62794d447866694842594742542f555676726a584d5168725636674a515851433358746c6270696a7361366c6444447a6c71596d584634587245736753666b65504d764c5857793431556979622f77444a6d454e7771615a565951714c48646f33773041446f6c536d4a53417777482f3333314b7949797545386e62346a4131533234396534473968656878622f63765173777865572f4a65347855544d47766b32504d70744e386c6e542b694b4a2b465731664b2b356e79786b5572692b6644756232534a634875686a314e4f706b517a78694b6752787a6534515a6562705431576f54346f33776649372b596a4b7546573957322f456f46344f745170442f41444b3132537650706d424d755552514458727658385279366d2f75616e4958704748797738787169376135533056754e2b585544446e546b44617a494b2f45544c384c5558546b556f665534613436334c3751424f446f4c32766371394f2b434650415154476635714e56694b553738455345533179426374444568515a746f39734b746c786166672f6d4c4b676f767a33444f4d674e65595763687150566648637832503841357335496c73793057347a655a6372425176384136796c6974466c47325255734639456836706a655576384135496f70344e61382f45594b745651382f774464774b33364258546e7a4863564d33714e675833794a63777247414339463576754c544c30354c614b737655524970746e68707139777a6741574b38664d7a3367785a7835594d736a6d6b506e7a41446231444c70724576594973575877577856562b3048733857394242356f4d6477764773475558533744724a447963474e76554232427958646d5a5336336c712f4d594a5635586f684e4a612f75494b7a766c76424d79637763766a35376c6a63584648434377525558613847732b5a654c4d6c74736f764b656345486f567a577a792b4861776345316a532f424163313769506d534266344136496a7936326b2f42696330455732726f34496342464f56666d695930314e584549726b69734676504665656f3939585561466a444336637349464273526d5945333251624668675a4c6d436869714d58584b6c442f3841586d5969594e7a5a48486378326554337a454531587030766a2f5a646358627443712b6e75494552513435786b65755755414a58636339563155713368316972733864734a546f32636a65636d6e75475172426d4242395a4845797a79613337484a3467527a47466176786f495978554d6c6631474b417431676a416171577037346c75444f613179624d3952673551596a6f494b513168356c59734634337556694654527a63635a67417138574a63644c614b2f4f59385a5065697078494f334562753361743062722b355937444733795750553271684472323559676c577255504c333567674738435961344f57506661566738783863585251347762385875565a76436b47765036694c78707551656f4e3969365a37317a3277765032377838344562754c4b557738756942514a4d6c322f505575435849425a666d4b45454161467930667544794966533257424147674745684e4938537a78506f4d7a31574f6f74694446557949734a5263386e2f75442f3441525a576974364867676446736157724476716e527a4656416a6d7a5a7836727157422b414d4b476b5458726d58705674464858624b6b4d4356655535463753304a784b426f4e593048484d41475653316e68485061425668464b33414a52674a59436c387136666c6777644843734238786d5161566667584246524133474b74774475597a6451532b566242324535474946536a78356c41776f5661722b7959692f7338563534673274665a6a70614c613763326c77725743394c3538544561756c7057316d6336625148506135563931323548793965434f6779747170666864724354494c6f43766550674a554c4574704c38442f737a64654b73372b436942516132657461357277596c46447852666f447454724245534670552b4f4569654e7956693964774a337137762f416663754363635665636d44644b616254326c546f426f71374c5a515274494d316879766249757973346c345975687a5a734b346c5773327843694f6a3759697342515a505a443146362f7441557354634469495854454765457173722f41462f3638633568674b704c65586a584a78444172786172587a35596e4c42674c74376747596c57745048753578726445627a78587467444d4369556938752b6c514f79317370345478366872446a70382b4c6d67546762566c546b4f47587972594b55484a6f4957354b563039647842466d33667861503377515077464e5250494f30786b73644178756b2b42346d4a637a6c77774148634134492f7542675a696f7377586c4c795141486279684d793771772b5949676b4779435642756a4e636378496856744c4d376e6c2b7057667679723063526d326174585470374f344370474b4150625149763630792f4e59596b4c61305536733166314d627271794438754358344f524543744d3376656374386a64563959754430634f342f436251774155687974563478484c6a78466d64385842626c6e4542393248356d466b5a476e78784c79464f4553764e68476c65735548346c724b6a63764a7638415562504f64514836546a7368427272334c737269556377716d45436f6266555164564c37435654374a4c4c706932754b595156633438374945364a6d5269577456426876326679774d585442796e614d6f466e64316e6b3844334d6a6f48422f622b596769455166514846643769416d32466765587a32784246703557424e42336370655a2b68446b4d2b41524478336d3530505278554e4a30463351594b4955454e58377037664572544169713156693050634b2b4145794f3133465a42716a552b446e757671344b7650554c57716f727a4c2b4b646d72782f737a5a46582f5833504b785773362b754969795547377a432b437078314334552b54517a304b3148496f5639757a7741783479346c41344162344662664d6f4b4e686265615037692f4c335244304b4d727356684875326671557466366e574b6c5834755646487130364c786669356661386c703874714f794c594138616935547430475667615573326d33412b424836534b79386d4b50614455726475314c6833684c6554784579454769506b563867584652477352397442487a6157504337423477636a2f786e4c6d7030484b4850736a6c4877454c386a426e4b4236637937773757554f574832425865794b754430385241573075387834746d6769494b62703568674148744d6c587253724145634d734c614d707157356a586d71395176315a564b7037446e3141414c7056373865355973536448526649385163623745795a653275757052523846726d6a6b766477536b73336455386a306445516c6a4a536b4a64654d777468626d746c3651355a664a6d6c4b4f633374673534343248537656655a576669674337323848634d6c4c474a41615a79657645432b6b626347367864634c4847743753496c456d4e55446471465a684e6161336355496e6877643063385230595a423532667669457737517430316e797936536d46585744766a745967706c64526968374a4c726b3341687a787273304132586f4f434969446b356e62784750314c556a727a5558744c716e57654b472f6c4a67396d6279584e6478393646457366494f657a4d5675555a544477356f34646b424f6973464b704779756e5a464a3173696b5762726d554167786374494c51587048497845553051472b457573374a6a435454426551574a37795254573657676a70572f4e58366c4341644b38744e68336e49544633626d4a762b42376b427043775666497942336a45437068306d33773366777869336a4c6850352f695861714744667556384e45454b6a5259516f696d736e58462b496c4c4a73386b4d376a3030796f4a7a48397336794f6745633146674b6974647970585468766c72326c426b4e44684a5a466b5743414f7263667a4b6342446d765a2f6355557133447a35397745344c6f37577a782b34514a4f745765774f45375a5a3441792b426578356a7646656879337a6e692b6f5a5a75517a65336d71685a32474254446e7555437479554f72316e6e784b625369664647413251555977577551334d3857774b472b426d2f45722b505941345236563162634c5569765151322b6a69344931715a3135623768504e6d546c3639533376764a69327278454e493858436a485945754e4336413739724d727a6c6266445264664d4b36374d724e6d3833484865366469386f4d564376486f56796e4f672f6950626c6a47484c6f31585459384d566447694a37477866714f5162725679544a6977374f47576b70397838314631645662634648574458776377422b52354c4b636f796d6c4753302b6b307a4d585656736375567139785272716a756a793468636c314164485a6d757a38654a784e514d6a3048346456462f4f315a48756e50784b4475464b70664c6e3578356a3147364550766d34314e446177446c39796f743778684868754b725a79474b366c63475031596d54642f51777143545a30656f70756e58683567554f713745525733486958565379437a494a7875323050412b6644474b777346795661386f6167436f767738396a314445424635506b644a504236375a4f776e584379677a62574e6a2f4e3767595667584c5235493053725953723458727a4b3543477870374433356a73397564325a446b7255476259394f5879654c6e4f696e6f583949356d5756436f4744476d6b63766250454237624e6d616763677a415756697971684f3841324f52662f424b444b757a6d67626a3962644138592f5654683452484e472f565368436f7563344c784e307a587375332f75597639526863675a56322b4a6747785674316d375055634c51695556316b7a2f556651474b45763573302f465235716c7542374b48506b772b35756c494c7876474750732f4d4151383056586a776d7a3864536b56695647704f62556f37466b437446384b6b7a4378733263532f5868316856574e3435714356514373504c4c73764137677241424f416e77744f38394c714e6c4a744e693742564f425574473351344f306566714d425979577272702b456c724e7964617a513638483852672b3754666765615069657a6e6d4b6c30774469372f32436249725751375a635659625449376c5063696e4d356534727a48796b797269575141797645736c326367356d614d394f493543696433455077554f773442796f2b595644784e386a776b4735334f5231666e7556565072574b374476334d436a3266646d58597143733876533931484744724177657568675467536a6c73344f754668517543425635686d5a364e693665532b496a6e416c30576239724d6b6a4b65546b56674c4c5a7670646269563673724b314c324741716f582b7263726c4b4c532b6669477463426d74514a794259656d45317a64727470712f475a64586b4b52744f6d5772596d326e6766544b374a6b4343524c57324764456d4666642f34595a425842426a74507571557937554a677772445634487575776534584e68687a547733386e4f747864446342426634384d62726d314e4c5250704e4f7946705558426273574f546835494b6a636a346244786c74314579314b647375365156444a584646686741746f6d6579796e37356c626e6b55525451374c44795963776f4a38665a5662684e4a684e544a4e63576a6f75557955306e6d506a41594a543544682b534d6f53794f4d38306c695032636e4d51585651554f44347a4238556136764c794f4c4d444f41515572374e6e71552f78634b335166334159634b4c6d504b7732454f7a77524f6446573363476c54544b512b32303468344b747163793164745a526d75347578657057674c4767304a512b647768557a6879644c7845367579797850584e514f334459635a59666d4e6854532f4a7a386b57323658745937487a34684379325a707447674e532f77426d6446754338516a7256545a634470587843506b4b6544654d5a4d773175797861426e6e6247452b6a4a6c766d3232457173657477596c4c5537587a424d7a4f6a4964527132614c706c726a376a37484141622f786359344f354d39424c505a654b534f4c35727236694c41484d6c785a6c3177794744622b6865454d4877533537787857704f6873784b724d473159746d4e5a5165613454646d5a55664141487363457672334b714b57706144566542785863514c6157364b786e794f4c685337496f33337673386d5361487642545165736562492f7962484645565a6f43446f726f4977783879427744774a55646c765167484747624854384a7a4e33596e4f522b736c63376752456f4c6b35664d347a366c37423762577a767a5a2b6f61665a304447303044374343476d444259613869526c674379506861385031466c58474a614858627a4d4a4951466d2b437373716775737636584541694e477433376c365959457a6e4d42784f4e2b703077754f433230476d4f5946736f75684377423849545658784644466254767372574a6b637077635539777932332f3331464b754e56584e52746e667065454f574b79647937392b497473746c336a7a33474e7763746c6a68586835754f57517051594b64777649586565476e32617a434431384247665a342b73357276314641426f304871476c68484269766a3978776b55776a39514e314262734935417364474c36483873334277674f4b4e332b6f6d6d5a59565953634a344f43494d55584a73326133654f473853335379774164464b775232344b4f58646c733674454c745879494d3048492b7946387a73665a6d38313273726b6f4174574c7269484e6a5248445a75754734557a65384a5862447a4c5464326b4d31305870667a4754394b6a6f504370532b584c44426975724e4c7864356663624661587348564956626f4b682b2f6b387844564441413248565278657a7a463654554c4f38483863374a65586c4d577a6c506b6a757a415778696e73345267305a39346a58326c6d30364368746a7a554c58414c546156727a476b4f6f34594f6a7836686b683058684b3334597950674751765878356c743567715056596839346b354e386b5843734f44784c4a3345724b7052527542637730745a622f4a784c44554c4863414e472b32584c5a5a4d502f4c584c2f3559356c73753030517739322b6f426446504e4c2f4d335170734578523148436d386e48314b62476c6f34312f4d446e4b52726e64596d78414138486e326c3572555a3475596266723953784d42567542573344787751684d4d55724b4c4f62546d43557065644e3254436c7641746f4c55765a5a33524b317348616a4a63746d34554a5a6478424a434970414151355864357778695852746452324e59395a6850465046386c613951455455625367386a31366a716e4d67703336662b714a7373745a6f353450384172695a507775692b4646504a4c5267457675373955784f356e5a4a617866696f444562516274703839504d365a354d4f464b386e7a6d4d6b444e517938344f65635063386d7532694e4e644e7335474d5a7341694175623863775575424b7174707668345944674b6f364b6c755163387777314f3637453334624971524367314b5034664d6f5847715668354976755336717135583853373471796172766b6c357163446a77584557373661447a4363574e5978422b684c5750685578366a6c46397a4c627439426b7035474e757669394735544b5a6d46382f3841364e7a687059656241684967566461723144726c7067306d6b67374d4674756f73426f686e445041386645664b30594c5836504572676857794f365839512b596f6f6c3335694641644558534e2b39597a454b7336465652794864336d44625a4f6d4877767676314145446142654150684f654a566834574f4866583469506b774c716344646e7546773636462b465a2b594e4e67614b47717653526861595664656b6542784335666c55713371766663774a7a6a51477250356a394b36765946395843736d315046305a6a4e32427035567a382f694f6f324957466470373077304b6b396758646675475271723655304f6c4d5063524d7770384266786359446b554e364333726356475561714e3972692b754756592f564641627736767845586c7437427050386732744944494873444a664a3953794657537150702f686d67455359447448454e76706f47334f615978356276756d366e5948426b2b49746c5862314b74464e53396a48756271364e31376e59306a6636762f414d564b5a544274462f38416f336430315a62676e4f6f4a534f77466d6742715645334256785162697256477554386a4242586f466d4e625877625a54397270466533727a4c6c396455366541346a4a67433271584d634b466f4e384d433261796a6550386c6b426f3237302f634e45415542787858483979355772486b34756e684a6e31797a6b396731447476696c7732586c6c2f54795a33506e4d65764a345762374c3439526d45327345657a7174517570656a442b4470334c70384b71727956645049797230465272356630516d6e3744744b746b76596c4e477147797655455679796a6d7a5454784b36584a535936416d4374713453764e504549343130576a6972366a6e6b7077316537472f434d30572b6e4939392f55764458794e6d576c395257312f7743677269485759736c4b5a703739792b614b444257385048755567777a55687a38514d7a656a6133454242563553744e5331366f343769454775743436674d792b503346686a784e6e6c582f696955796d576c6f4273784e51572b477a2b342f746b76415234446c653178444b2b2b4f43374e65426a7937686a6b2b494c505871432f506d4b4b6f79466f614d4f53455a4f554d58625461316a5a55724f4658625a38697479395856624a64786f4b684579316e49334271376843786e682b6362682b6b586f4a5448446933584a334d456f5253354c376c5a754b6737443138385337745a61573076676759434e6f4c367739396d494b4e6856516649753638346a7472446b65666b6f5a755679464b3870512b34486959526850677a665564446c7868634731756c4a576d7078615545772f4167363279313057304f6263673134673332447438333877646d654865706474712f666351777441446175416a4a43684377584158616e4c4857594142506b305a6d71386174696364536e5a626f47663369452b4869467939776c6531756955506851714271654c78654c6c7870692b616442357654467a45676c324c485550706137726270696d76486b78466d764778674a754b35334f4e474f6d53506c6d68764b36505075565848306d44694d477758325335483245335a58347976714f304a375439682b5934704858375333436a53574b5651766157674670644d596a6e65573333443074494443716c482b526363596f34504f64653551365769715744497333532f4a416c2f75494c42625144693443395668705771414d54564359575953776164586a68676769506452547a76345967677373666d72736866655641426438314c3762585267796c622f41446a637952364d563272523031397a4436786571676374547466654850307a4a526f3267657262727878476f307857797449397a4564797042544b5950417a47382f67644841724c764f32356f71315533396c4e5872474a6d74306f6150412f774473635230564f39655a32326d4e43336f7032766c4d6a4f50525057596979684839564165576f414b554c7542363743467441566a696b354f366a42543157414d3364642f554f5a635677586e4a43345732413358666d57612f57563236592f5339645a57756578325150575136503752645146756a736a3952777757776f506f6a486272324e52733346735764535153796f48696e4e384d383739767931794d785a2b4571586c734e6b504c2b52634d56794e35454d4b537257396e784b4236637747694574787755583431787a44756c4e543078414f5144654e393052776556304268417275595570627a536c57516679587231515378487a5463507239513366576f334b634a763342317563332b6a784449444b4354306a6b726c49394663716d6c646e44397a6851675036494c624d674d72326d5978314341466e6b724a4b49775570536e4b4476794d42527133746c57692f774359776d4e3449475337776e584d726b757537575062334c5764635a2b4e484447432b6e376d444a2b304f71547950597652484b334d696f723878667372664e77543975716150435852313141594b796a5a665a3450686d7147413332316834535532516f64564c364e3852522f6b2b6356653649694a684564496d596862434c327543596252796343516a6b62686b3868374f56655a634257774c3863766373316c326f4c786c4f35646a614542596a5a73506c48554c45544953726b30754f61316c577879756e72366a4e724345756a6a4e5841436256654c696553376935526b7031424f446d55754d496f62795874366c435a727259463236384d4d33327379746c3868784b494941304179526d7137356d5932514b4f3865556a574c31494f484b515a564f65506379546132465678713451585946713672744e31444f6a566c66686a694a54634262572f4a2b6f4c796d6443412b62507848425a35585047616c366375424867736f397979745131554849484379355a39365a6c664233355a684579346c484f65575875634e6d3037397a457776636a6e7a36694156595155314d714f7a6b7437493649357053415046504546575a7941302b4568576e71442f424d735a753658792f322b595274616d783457635a736257577867644d4b313443596e5763704247734b41353948356e65563635614476334472474547414f776542334b34695247673451567644527141556d496152596b7a6d3370536f6350616f4b426862757878584551316459775a2b657051644b6853732b4844486d55314349634c7373694f45675668624279423651637736653843365632433450615175574a34626136414d4e7a4f59496f4161416848586f724173414f6938655a5a3651464258754677574b6e514d7638416b77355a5145775a6c4172517632384c6d7362714b576a5a794f34307a51637170746b4c78456d65634c6554384e7138497770596f47313078655954484a79487965596d5854632f477273325868396b664a772b67365050626e55494a56686c55335332426c38656f2f4a4a415954494c7a656a7a42446a5575774b436245647579485667316e6f655361655358565333676c6c4e507a6b356c2b454252645634444e335775574e433677415232474d4f4c4b4b4b42324135576f724d757156764b754d734d3554376c4f31536b445655674e62556f334d476e67672b517231427a6147377335524557342b69476d576f4b6c2f6c447334694a4e536c73794f597a7734724734544b4736447857737856584842564761744e5a42754b387158624430466d2f6d56563459444c3277715547743635615977504861385372394b736c6a344c7835592b31626247354d37714a5558554d3838316937356751794a775a58312f636f56784a4b666e567465456c6e7067466f466a44527670784d696478355144656e6e6374646c5155575a654671584737494750505644694c312f6f55756b3645777a4133355a3261414f6645624377304b65423334676878327462302b68585a4745547a453562534f52306a6639456f4e59575569597a436544374152646f65373045714c517063424c786a43395338574732713166714d746d44666670386d597861306b6177686653524f6444625674504a642b70635268577a65752b656f5a5265774b4c466d714e56424778795868437a756d6d5a4b73776279716e61464978566d344443362b747130596341374b544d76562b4c55746f54334b54787454485968797a6946546b61523154713479333634692f677852764c79325466714173472b41486a64354a52424f42484473556f3676587444744e74496338574a7034646171435877787a6c596a32624d75496c473853536c6f4d6e54424c3842794c504730566670456354705330624777622b415575706a724c675555716442426f4d49376b46447a4874756a456331434a367034716146416259777468306b7070524d4f6d686556376a41485171476831475630765942636574467446416148594a677473526d4a64654b6941456b4b6c476776484a4f3643595561455239704c7165566e446e42334c55715571496e4a576b6572384f54643662653556483430386c46793175446149714c566a6d385148616d526a75434a65316b794861785152724171657148794b6f31445a42554f667531624d5844744f6f69683465754a55385173707a6e514266536959742b4c58363668714a356e446751416a4743786c56726462646a32556850594b7543545a664a706747504536717650547365534647473674565662744c6c2b31334d4942506b5a6676467352302f532f71467675553156476638415975506f466d5948434752526350344871757a7778486c3431594f737545643856476e366f5855444a34566956684661314676537248754b7931525a5146624b59563356776234326b4b7a5446746877304d796b71726679324e4e454d7059596c4664477534784f625938694e6c6b536d4f7a6b77307553596e6f69785755344b494263374e4d62544563313365514232536a343267586f4a73664b434c7745696a7a77453575464d6465713555506a724e766b534d324d6c54616f7444686b63356d46717269706b4e6c336c464f434a30634c57466d72414e6349346b6f536a4e4b5054513461583854444c2b714f46584b6f4135754c54676a726a682f54754b734a304d41737a4b4d717073414751334b68703251573274454e4c594e706d313665424668495371464e39785a694362356a49324d5236555277626c4f626831464b4132375178544d4d34434c6f6544476e33436c5770524c514c4d76644572513670354f435750626e716139464b556d37625737724d59766a567139724e54694854775256544b327a6731574e6371384a597a55764378354176426c2f3348785745426f4e4248707957694479756a37784f5732656d6d44595854692b493551514458494b654b714864427964565a6b37477352633138792b6c4a322f37714234784f48413576784275446741436374595063664a63755574303461654f536f676b6135724d6830594233563649795074526c485134384d636f33474a324e576c724a48595165383532484b4a71713265597165786847324531585363626a4a4f5a684372433361696e696f706a534c655633365748566a46556c6b4b58626b6267465167697843565a67676a437674714d794c6f554951387954357662416d767a614e6446373671414b63484254764a566b4936307046686a6358524e753359645a765855414a3430457232733952794e6b48736856306d4675613467424f4132345876583146626959626d71504f4e4c76485a6a33486f4e706a593238577267693156465144427a71453257656c6d424f59454a7a6c6d637556326f3968527037496a696b4f5447676e634b6f707065414854376c6863437333316756724e624e30526f31494b2b576c5a45314541742b544a473733617468486b56436a44427a584d7155356f6f767272484a4c6c695a6463466a58334d377561556531304b3179532f623449583943677333512b4b767245562f6e5934344f4944536d55544e6b792f584a664f7268634c704e62672b6b4a573734626678596b66527671477653625565694f4852487a595469754a597043417552565573365232525975323346774e4d7665355733696a4673767a6d7645583771775564307855613248662b795051616e41436c3353322b574f4e53444d4a6a4d4b2b65614d36774d4f7a6e374b4643726c71713358524852694930477135384f63786d4e563530565333616c32666d493034454b4d6730504f376a7451464d6c75756a7847662f597a4b3156645176432b4c416b374349334557725455506e6179306f315869654f68312b3045645462616f654f7a3174394a4e78756145384a79564b774a514243656638674a55307456727a546d506a4c5973423473324c3143446d5449436356566b43796d7852754d4d5776523759576873665549426435384d4e7858746c6532795638442b457258644c3264677473363542693457496d73474d75573335567935645446574d436170416f6459376b59637a384550424454737363573446344632715473776d63757834676d7774755a345262656172335a7547616e30744c387a726857746f72414e72357a6676712b4470764d59586a5150344262547a444c32336965566b4c4f4163524a343171492f685a6e2f77433931506f455a2b73663559484a523039516e593743745248626345413850666d576753376144717a48356c4f56532f61375868463663505a6b6e7843436443396f4139576c4e4d4a734776464b7874704b4659756d42724c73676353797476794957333173503051316b5a67494a5264325874654b306b49555144526f4f362f6359496e4642724d4e516a596a71317679434d42625043522b4a32314a6b537a533072786d4c4f4f564d38384d496e5061712f4e784552386961313677685245464d46784e2b434b39554e7763505534455738493851714e555845652b304f48545976486971784b71587373657149726c747870594d433737564b42384d416a387369664478425933693170664e4444323172743664734c38786c635667586e78696f4d5076617366637270697a694d695650595749437871454d3252512b414165566c4636622b684b4f4f737765474e5750774557374751656e6f515569576f72747431666465706439447242336174663238564174384c425a77614c336d6d32566c75586c6e443844513765492b794f4a53633231585a5752693438356e424c5472505a355a76537a737662636739446d557452515a426f426d58364f394b5179485a566c596441384545387537614a4f4e527a4a66685632744656384d5056487458747558476a797a54397a4845477939506957612f35414a57746378794946796c64596e344c6d46636458766e44754d5266654b3438675334706d4153424f434970727855585a375147583146565869306d2b3552564a51452b464d6f4f6b75556679514b464e326c6c78575a677a75542b753553696d494c4e63554c4d4571326977664c4767724f4e622f55572b7a3831684642336b657236687a5a557a6b347134776f525375485353767a44452b465a6c5631624836754e427935726a44356d78434b2f4c637261575654685232577776746f4458544c706974726d5a72374439527953525745413162443348646c4570765844664a4139344d6b46347475467762305a687273447a2b43472f6e67545854742b435a7a6145574e71622f3451345853746d364f7a5877524856426f496c6641392f5543785571694e6871334e4c595373555173614e306475346d795952516f595664707a694d6f74546f51632f51784c564f5242664d31374e5156736d36424d6645616a3339674b6755726f792b717a464e2b3767343462564d4b514558734c676d4d744376356e48584d4e76334b4b47744d3534583567416a616f66684d735547683339796a577670792b474758476271382b67696b747569685832536f664d6c2f6d78694a59456251473554436c4d3230664d7a6f4c7a643439544a725763776656782b4a59755a5a764c5852586671504b35794c2f745169526d6d676a55366e466c792b744c5134457553505265703143566c577669583037736f712b426770687751422b597162325170742b30314c3234646a62376b7171694f516e354930716163735a746b4e33697656786a547973587034334f6142713030537a4837537631356c45624368545a386d49566a686b4f54684d544445572b51774542736d6e714f6f6e39445758446d484146435936654f70374e386f764e596d7732774f59666971342b6f6345426f4c4f496457314f594c7450704d616f714c544d777736684d447a3278392b377555777865344d317863786776553879763475352f624b58485832796f667659717233647a6e35674568366c6e686942664a7a4c6a4c71576c44454c53724e63386941395454552f6a37414b6c4a6e5a6d435a66576e6b6630542b6b735a2f5546526d3379327071394a737a4d6a31446d697831483572367930316c735257573770414367475a34386451704371764566653161784e62777a5569502f4541433052414149434167494241774d4442414d4241414141414149444141454545684554425241554969456a4d69416b4d4255784d7a51475155496c2f396f414341454341514546415031334f5a784f665162316c736a7367567a2b6f5555484e726d38725953386d4377797337734f376944455a694c754c525a515551567a536463446142366254412f7a5a6e3534392f554c2b50707a36446347357a4f5a642f4a724a354675777276354663352f677563546d6361797a6d526b395975387272622f41434e736c355a444c3867584f466b64676e6a724b3777304350744d636f586a46524b4b47426444425a4e344c494c49786d73484d31675a6d3057336159462f657a507a51483147766a4f5a7a36446347357a3645794e755a30432f6b562f7858577345534b4d7356313562796c44627649584b796579432f5538526845345144464f3938554f323952665932467741326c6f706374746a463751544c6b477877646b764a36787649327465514337484c4d68385730535a6e4f455734374e72453745654a39526e5070743662546d456362637a4c2b49334c6c6677716d5435496365582f77416753774d6e4c53356834676c4731307a33487a384f464d59564c353059512b33724b6d4c34366b77634c574376574f3567434a5436616b646333385971396f31473174772b73625342526c735450482b514a62475a64754e47543032486c3631546d625473483075357a4e707a4e356478707a4b4f426375562f426335316e6e7a374c75374b6456464c44574f5a4e2f7234395a6c57466964644956726131396375396f4a775a61495335613952795761335a6a7a65547337334d4449754d78686a6c434d545172684e75432b5765302f716c347250452b653259444f795866726479376c3348584d762b7753355838467874366835452b77324d474347305a445475574467624f78634d4d6450347a2f414b577a736c317241674247584c7261474777355750744559393971476663734b67784f523245384e6874466a42316a6231673545795146624e3954384c35447545575556382b6c334c7546636663636345356344394e3142723138746b50574c544d624c3875666933376c654d777947594748307a74377247395a626459742b304835514b3168584c75585549786a4c474e72614372556d346877635251774734324454764b4d5a654b70773161414b64414d4530416b334d4a6967574f694d6a362b4c387638514d47447a7264334c7558635a4d69702f77427a6a3949334c763138316c324d366a6a412b74314d4e47787078685742354f747256316a624b684d694c2b716678746b7539707a47733168637a57344b72453878674a433247797978714962425362743664515a73494b5579303543684c794c4654475a54474f586539313257687577344f5859784f534a53376c3347584c6d544c6777612f54784f50587a562f46624c6a4b4d6f43335a455253316d374a5073774d5932544a5930596a4a2b495674413047313549616c6b6755426c5157375336326a6774635a5369694f726e79697a496133356259434e737430437858473543526957557964396c44354b4439735633325779706a6855785131695732754c66325337316c334c6a512b4e3139616c6672356e4d383756616a663155647856486a6967517a6d423474715748324f6a6d484e2b752f64366931706943386b2b7a487a444b38633749527257572f575074724965677847514737424e675a2b4d474c437a446770484b694e734b42354369484b57683074496a43756f52375445725732596d7342646a4d562b31735657715336357a744f665279506a612f714951512f58724e5a35515032355332674e763747443433492b777178574f525a59346f712b52587261462f667967485872474c74715338667534614459477144636e3171442f714e69746d4b796d4b387669646952385262426267416d59544e597a4848533164646961696a4d63436a4a6931525448727578375861596d37354275314663546b367763693467785a5a42576f70726b636570654e5836397074484a37727a636670643832486549476e697641592b5669592f6a454c764d52575170325053573544395759313747525755586a325578634d7874537a456533594d6f7933466d30437671304c35776369316a69423770413467726e6c4d4969636a6e4879636d7a545a74457137774b57704c4a6b49316d4a794d7856396963684170414669494a5a39627574415a383042546f4750597978765552766b444b62543870704c7639563138504d71736b6f57573745577645384b7a396b50784874374a6d4d3637796c646c676f6c6a3062434364564a745442463438744473444a6f3174764932736a2b4e734b49624d462b7969726b4d396c4447386a4856316a6a666375386672736c646b63736b6a67343475764358397067624b50454a634a6343397261485737487a4f746d4a355833544c75565a54696354385a7642673136387a6d5866787a7732536c596964685447593676626d316e7779472b336c733978432b4a3965777058737877616e69724268353170454542386278415957566a2b3373576254595973395a342b7674382f613870647274697451353145423749752b736d4b707775717557717658776d52376850346956646b7967363779506b476e57736b366d6d2f5a75427530354763546a394e332b6c3378786b317165494859336a614e2b4d63793357437452414a724d5647785a6d4e3243574e37654c385837694857576d387a4e41356e616b492f4b7771414538636577495a72666e412b646d5167467938414344447879476e4b2b726365795a6b7231562f7741665a37644f5235464377782f49466b486c49376765727245722b585a725a47444b385377585331646349436d35442b71376e4534672f6c6d582b32773262727761314268367766765279784757466c4f76574665737747776e3757685053475a6a657859563055387034356563494e7642454b6f6257695745384a65774e7657383339774f4b72754e654c31316971594c4b2b6c577a36324661655376553250396d6d38744441784d756c33683550754279456467767839625972736a7365786e6a58336a6d732b345069554a592b764d356e4d356e4d356e34686d6e396b466464446b39593232794944765631625775766a612b794d58317a455a5a4b787848514b374c764f39304245735a6d2b5744486a31316c46693451724670363332625442623177737a33557576324b512b38762f36416f44706a7637354a36304a566a342b514a736a4c6772374976477658782b57574f574f2b6d4a7a55446f6248464c417969562b34484865354e34766b51794a5a682f442f414f6368665972795a3963543936416f646e58316a5a37587a386564593839706a6858536c566b414c37493166584d355447544a787a47415a4a734d7659625a325864366a695874453433524d35644a385a672f6346583765494c7268337357537259633679456467586a2f414e4d326a4d54706e6a31553458654d6f53486c4e4d2b356a3271796a4d5a6b3971444a6a724341473043324c2f6876343366796e6b62337a45563930444b45632f3841513132557864366976363976795238687534793952795764492b5179657978756278566251565478697a54665632443536757647386576614a6c72695561776b5755654b684c4866334f46656f6c727a6c435750654a3565736f5736694f4264737355613231473158675648654d456f534335464a442f4478744d6c2f534972374c5658782b497872645a673133542f4142327839616e6d61325464627757374432544962725049354e6b4a2f4b3966544545534a6e7867735a3255442b767a7445784f486a6459414543702b4d7a764d44696b2f495a6b4d385a6659772f694c44766c6869775238645933675073572b4e654c4d6f6c3633613649623235734e714a64636b41362f774146786f3751683976466855492f6f73424b305672513172655a66754b5a6836792f6a654b7a5765346d546b544a61544c6256454e373872774f7355316a7374666a38516f6e78613865414538737275693139635655414e5a35587938626b3236596a424563544a46646f3658426d71616d313564364f594f516b4d652b63646572784f44414455512b56382f584c2b5663546963546a394a546d4e2b4e507a62645a5a7530776174304b3962794839596b3355573563764a696375446b6257342f69786f36347143797959785069425a6b486c477864707678654f6268787364715a6437544972365857786a57742b557a7662686b35485a596d497a4874504972534e5967316a6c6b67626853464d4e4f4d524d4646517231654459475245763742626b6464686c2f454d76612b5a6249622b79432f726e754a62396f4c5a66796d6c73684461356e356c354670772b6b63645863654b7270416c6955794f5678746645716e587445726e654378626b566a3368654e79636f38727956347344646a455962534e4f476338516530427349415a4c4459517257372b637a504274794c7850415979595745675933784369636e773663644f546a653156672b5537674c456f574a7839566b6a573342734942626d63624f5764736c57446748454749784b6c7367334f7a576237537a6733507867584159497874307948342b69764e752b4d4257746c2b504e7276364d484b52714a42464c69312f4879414b584d4a5345522f6d2f65416a454e6b64694e53377853544d317241714847397261636a736a57474d784d6a736d73734b6c71555572595952784367584231475a4e2f4e48694e6d4e7872584373567872506f732b7768736363314c317573636d51466b36775663437247372b4d707044435a5933584c42756847375a3865496e38656654716f6f7a47326759385a58584c5651776d574d546a325539674a527976767356746552524d5a66694246512b5061312f6a5661316c595473792f46744e4b7834594276727174366e4869644b782b67316a687465586d57754a7a4c7949374c4448675a744d6a50764b7076574456316b524c625443765a4c576459704861446a306d456941466a433167615141415930416768724e784758564664737059735557565956374f7266744d59396f513677546c6379376c3372425233516b546f71447247566359717577767a7773577369336245474f414a786c313757305a4a5a51696c754b5a4d746966475939384f3855425743787852454c5a6471744e4e7573674d537857666d6150495078654753515a396b4d4e6e7545336b58696e646a705a3671594859474266574138695935473045366e75465433435a3770554c4a564f42344a6c4c675a426c41514334334c4b4b34794a783258674d36334e303961684841794e59302f71495777626c7a4a4d46786144794950786c6a3254457836584d7a46463038534859787168366c497644704750306c74436e4e6a41713251384c3751717648444855665965507374502b74694c7270643432746b575442597174435a537a5732436371564f5a7a4c715855493747314b7478466f5646766b5856674d5a73364c7637574b485941717556657670554f364b4455374f7979634b5246734a6b576a727357617a6e61417a57414253777559586a2f627a63696e41736831317a6d58425a325264694d753961657569534b77475765776972574439736250346f756b32316c69485633477455454a5571617a575863326961715738526a44466b756a4943782b34654b472f62426a77736b42675a5078484d2b4b50765333687a655145484c436477776e314f396b3748546c6b35624149796e5674456e4c62417a4164624d674172337174572b57785677664d3451774d784f52426149776271446b6e4c79546748744f416e464641415a646a4c624c4d494b784b41496a4e4267334e7655712b70666931665749497431386a6a6d7876743443447a72454b787873456c644c7059755233586934335462572f45466d6d37617543616f4b31464c786b6c4c51457646544f7463366c526c674d7473586b7938694538797538303031376734644179466759444a6a2b4c785a6b5969524d4d5a4f67347753385949486a645a30474d484775577178673059796a6862524c4c6c6e634668546541795863746b586d62585a37555237576a484856626264595964453754736e7564684837596a6477513977444d6a755546367a74685642435775576d436957754d564f71574254724b635167674259776c6b554445316c6f6e732f69474a7264346348456e466a4c73702b346e3769426b516d4555354b427a4c5a656f3838685870306a425642714446343273306f596635482f62472f415a35442f577a76384162772f39337966342b522f772b4c2f44307556363343394c39626c2b6765685150782f374c3075583646462f6c416765697679394b396139436e2f2f784141374551414241674d454277554841774d46414141414141414141684942496a4544457943684542456a4d444a523843464151644878424747426b6248423452517a6353524355464a6963724c432f396f41434145434151592f414f356465572b5551373931355976553954727a336169486533446576706875306c355a6b784c75355358766e586b646557346c4a74334b53344f764c2f45774945315461557879395a4533575865344f4962745170784e556d706a6d4a653674396e703850754f386344692b4862765a304e6e556d55544b5055325057524e39695a576c6f30636f6172724c75626245637244633779576873366b30535a52746a596b79695a576c6f30636b616e75726c5647326c4e477a48576730626f676f676e444d5445704b544578545554524e6e397961425170336c7470556461554e6d646559367a4736564b464a777a45784b536b75696d6f6c6962524a496b6f557774486478614e3061306b4575494b634b744f59717a35345a5362444167536e586d653862626473445a6d7a71634f6f6c58712b476d596c376d3061544578656530497a6a396f6a62424f666e45676b64686d4a6443744c68704e6f326732734357684c55346a6830796b336458637935352b5a643956784e47364771334d77355862416c4a69556d4a546159584b484a484465767076344a494372504530614f4770334c556a6b6b784b5445704d5334584a484b476a74386f634f334f7a4a6a5a49374f577541797a3749774c797a4c7a536f674e356a755a4b6e584435463468546f664c5334616251326e33787433716877376377546145464846724a71387a3950615946454338354633794a7579504c6e38527975794f6c78424a4c5164342f48763841654b4c74524e416c683138734e71722b4378542f414d68537571696c477451314f6c6f70574a326c3173727447716f6261704e54644e3363704b5371794a6f3559576946667952562f482f59556f616b63725333523135366576504335773230506562536d37634f376d6850764659584c473662784a64713679473259334231353647377433636f4e496667516e4431354468756c71687952746f4e54334671527974363152656530646b4f666f56796963575553587250524168706244724c427365766d54445270416833467968716436327a672b504f6d5861586c744857554b4730305149614a63446a5a6b77306151496275685444646a6c626d35473259366c6e3850552f542b7930363536585767314a74445a34484f362b5a362b5a54366b76575a4276575936784c6d323679464b4736594b54342f597555303843382f766855393250694f4c4334616e424e6863583975584e6a445644726e41617253323048574a74445a344b6c43684d5446326b6372724d676f676e53717a562f654e5658784c367a38445a30386363784c76326a7576714b74457037435576466659752b513158674f543445784c686d4a5346325176427730555147712b493678394e334b54622b384c736d4c77616b63586966457531654a4c316d54595770484b4658597138476a69416f62626641636e3078753842336758646e326534764c54352f67325062372f7845326e62396879616636767753313366764e70544864704c784f4f384c77626f764f7671585a646c337566654f38545a77316a625257736c68722f32307a4a6c61386d2b593555645876726b545131513531793365327154557775476b784e6a61585930614e484634586d37764c5365484f6d522f5553492b66303752796f44624f4f7633666b646164747231384461647470792f4e43385655636d6f3551314f446a7930557a67553063475a775a6c43684d6a4d6c526d5445333338695731796a35457354694b6e455630636552784653707846446833657a342b66344c7932714f3449664d62374c3252352f6949355564524e445567636d6e314c7856427152797450486c70706e68346a694a596b3053596d4a662f414553772b766d557a4b5a6c4d796d5a31356e486b564b6e3775522b376b635278626d4352513463546345427976322b585861533845542b713450434870326c35375231386937733937784846706f55782b6836622b41725367515776772b676a342f34762f2f4541437752414149434167454441774d454177454241414141414149444141454545684d46455349514643456a4d4449474943517a4654453051554c2f3267414941514d42415155412b355637546a754a52624a3743344f4a346869616c58544c4930493451426c787663706c5a454a384935744f53637332685843386f49544d7278777639356e342f774476706670645336394f2f6f416254706f664c5045567976746a6530316d4b6a596c395072564f425335774355396e714c673437427a686e75586c4c7a4844427a585272534b464c394f4f6151504b6357304c476844597a4d4878777639356e34582b58376271617a744e4946547074664c413856666b503261766158644441716950702f547959432b6e617a326d73344a6b726f59786e4e562f5773566a33596f64537157657346704d6931305576556f4b396f51524e367755786150676b2b50463835796945656d7249727a61314478497241526c7a764f2f70336e61646f4e5256544144354b76466466614b596e544c796f6a6f567250706d4d4b77466359756355366c646a41506a487677336262474f7a4c47586b796a32696271463347616c4171666c43716330444a674d32695643563575434a446a6f3462634875424c70643932345a4c672b4d375457615457647032673146314d4b6f796f4666617574692f54364c4553782f6e4852714c4e6465486b742f343952734374325274474d684d326e62616470744f654179437a613056734e686375726c6f6c71674e6d4f7a3564647369315642564f4b66346f574a7a2b6a574961636337564c394c714255436f465470384b444b2b7832694b325a306c4771684c61772f484b4378484348612b74487770626b6d35312f6b7957765762517168584171446341356a746e635a714d354a7447342b6f6f76573766525457346b4e70777a454d68553668597271324277325339526c793667564271425577516c3142672f7437546231364c6a5976644e434b6b423869486978504d655131535136376e2b2b4f77384c7155714d564c71627a74424430436967566358714d353769386c516a376b4e69702b63612b6c336a686b4e5356673835376a6a73582b34464169754579796a5562446e394c354c4962584145536d734770557164506c797058376538313966302f77424c356a57774754484f486b61776e3861732f4f59356930624354506e6a4b4145642b4c494951616c51416733557136686e5554566c41414245484b47787a486b4131736472316c7661756a58735054612b57724a637862456f53356b424d72474267737872586661425543564f6e79344e5376532f332f70792f6e2f785a6b754573786d566553514d4142504a616f6f69676a4d65445773766367744269594949595372684c6758724d59774b4262426a623863412f6b553034763841486d6b566f735953724b31343178693747466a71574f4a784464317a582b517030456377776a72725531555673567877613267564b6d4a667a3561367a7436582b2f3841546a506e66785075557469575471325147504c3669453767555253396532303972744d56514d4e754b476d54684373574c3176387078784e4b5846326249534e5158346e30334c4c4b466541437a52517346697147654d586c3075575964795547755034336b6a37656765714e34796d57726a454c4c75344e70596363756f4578482f4b332b504a4f543976616476586f352f79617542584e4c726a6e554d6379795841624a696679724b2f477a324e6a504445765530354269475a5374636e694b775057314e505661374b324973524b72347368646966514d6a68636c693170783943484b7075324d317857323173726a6d4f6f592f48577538317264555a6643362b323767386252725956555047326c345939334934353544664c596a3767703779782b796c76743530334a74325069567144736e7a366a2b6f4859755333724c6e524c2f5a3244646853694655454f4d475a674c504a7a77594e6d444c42577034565671785970757a456875786d59696f316e74334c366f7879656d5a674d78736d7a4a436276554e437356786663595141775837446551643832446d3878732f336b7231456149544a5867343754643547302b4f2f485774315573422b786453373866302b33584b4667727032525448395944687966784531617a476d4f7a6a4668386b742f6a79664c4e752f4541696e734a344f54516735664949317832513143783970314a504335642b665251316e396b566375344c4e59746e4a47587266564773545756714c5635424c596a4e354a5a375377384d5776664b7973447779756d466a724478454b4862764f2f3265336a30732b504b7932454b636b37534f546b63695534334841446b6d6e48462b516d6574745a714b542b576d4b5177514e6874324777796245656d3576754279416c316355453674395276346e30432b514262715931427158653070704c6957636b34777a4a317247764865463133537a6a76444d57446a3178336a6e7875732b514d78593543584b3175777352377a7638417437547436334d5776354c6a2b6c314873494465735165305466484c506b75376c334d68756f346d5272595a494c6735366b3273634c4a694f6d4f7862784b744c474278717055464d363476562b5176612f30753356493148303130484c466439527944475962374956356c61347264702b6f41356e6f366338726467446a686735484361483079414558646c4c4d686e5731386272627a57444e6f486c2b2f764f384b594e667963354672504f4f324d57484a4c2b6a4573354b48787532786462544d5638696a55574d446b7858686b4b4866586f335654366157546a446b4d5434685a7a656671532f72725879546f34384c6e4e3437393462706b326c7764713767674755746c382b4366385a4f4e377031346a6b6e6b34316b4f516a3239347551533778636a6b6f637968694d6758547157505751693634594e3677582b76616476326a34333074577a382f4c466c586a5779785549786c4441385955733959752b535a43363774717872545941527161364d7068394950496d4b4172427557516d4151676e56454736592b4543346e73505547396d43327638615759336b484857524469414534795a6e696f42732f7077636a57572b6e5831484546677554613777386a787863645253314b574c572b316e73305a557a656c486a7a526f2f5a2f49386476437a46736e527630593168524e45557570632f736961316a6276766b5a41694a743434733970675a4b31784f594a5448753952574a574d715a797a5a6263746268515a46314a703249764c6d764b587a43684455346e544d6b43563063614a676d61387a4d3670386a6b37423142704461656f45736231634750577034727758485a494643616a746b48773365574864674b64396b59507a65414847444c38796f5949564c6a4431674d2b625a343276785a343334775169463831394d78754d6267584f2b73354a314b775970443653336f624c5a6d5a4e69515a4a2b4b4d6a6a76497a6232444c704d77336c77352f4b764875397248767268674f59475230363863313746655941724563375945354f70683149686e2b55693256714752586637467a485874652b6f737558334b49565a544a506a676655674c2b5178396842657735537462745a5261794b59474f4b37787645626977326a4b31673348306f565778504c2b6e72446e7a38677469667452463830797030336f64354553474e6a3131486675423133725856653250593574434f597169563148484a65494459544e5a64564e6f44533743642f5a474c5a72456e79526936474176355964694c4c67314d514f4f3135656f6a4d6c573074457855524b425753544c73477a4a6565727537714a694a6462634e75367365554e367a394f7672484e724f515748437661644a366678324e304935675756354b4c496535706d41644f6a4d546b67416159786c642b6f76327870336c48744338594d78626f62394f38372f74434455582f41434c782b6e4672374c6a6d5659726c31464c6742453475303976476f6e4445317261466b554a394a67322f4f6c676f5258594d4871445570747241644f3273785761304a366c333248702b507a576865735a55627a454a5737766b5744685166446144316a576842794e705963324f53495334596364725479566550387352714e2b5537515167314c4343453758414f355a304d447379644a3665516d7a49446c36673368724a627a57463863787a32697679536376786a6d664a4c2b63664570673547576a4446436779724f6c4a4173685863736b4a3143754f4d58414f344e2f4e3374583964346e564c544d6a71325179426d354d58314178535855584f596a4a3978576267634a347264677963775848623962572f59584d326c6e73463049694a6d75797959334967716c31724e5a3267793564314231684b736f6b4c5841366d3369365253394f725032454438755059642b4738647530412f466a59786d30777a2b636e59684870564a45736d6d58695a415a6739526f4d652b35397966376751365a34426a304a7558783376424f436444426739686d51316a4a646d555347315a48552f6c4f5461784769376f446a764a765957565a57792f6d7a2b57474931332b536e355469457061364b58394f4264734556363336442b49584f3854314173654e794f534c75437753672b554c4c6e754944666f386e6768766750554e6d4a6149686d743838584e586831314b3663613676663239725a6a6d3348444a5935683637586b48714f4a6a69794d786158456f633646694f584f2f4736314556676644477232673361334233595a584262626f4c5956376574324d43366c6e744c43796e347a69354944414565334a6646473172456e7350623530316e59536731474e34344a3677487a654463555a635133344e66776a32314957586b43362f64524b6777547963685055415251706431584c6f6a586e47754e4f3869575774636e4e6654635568484d51553654643473366c6b57364a726d626e342f7457426963774c72597941655157385a354e6331327974653273326e444f4763454245753970536f534b3732647546654d457569783564385a5a432b51556e59776671545830375555597261414f734a6b3777626977495a624a38533243754e59786b78324e584f7148346f5a666333446d586b5a504d4f6b44786c674a51366f5a696452744c636a4e484b4e7a41454635504762622b746c4d2b6366714a4c4337314d5476666a74674575612b7661617a74364175477a5744646a66596363526f796758535958654e5a7877586979444c75575571726c793559625331774679323143664c49686868624944464442596f6f7a4d3977496468763558503749423754764437726c3362494669793132517576655776576375782f324d47714b4d726b69516f6a59326b67544a7636392f587447774658424778673243357a36785a3867336b65347363656532354a6550787a636c33776b4e556479374b646d77426250707a6a584f4d5a786a4f777a616f516254322b3048454d59504b4d346e4641784d776f57466e4d68596a467a5170646177736349474d456f7a47637a6f4c645a65524179624b58653037584e696c2b6c775a33677a6230553268736d31727065514f684f473242697872627943334d524b365a4673316a5762524143753273724b45564f6c6736585277544f637a5a7a746e6335334f445a4642565a533865437563513670557276784a676244427948726a4d7470514d6c785272337a6e4f63374a65593070755253327753326e634a32326742554a597a536363454a595161676847493167314155496977374b79554b37626b5749443551564555752b533738594b2f626d6e44724859323970724275625162676e4f5343794363746b385a347a61416373344c4a7a546b6c3545764967766c766c565547686d6f7a57576d4375616a4c6f5941434d385a647935744f2f7262505258344a2f4a3335462f72482f77437a462f71642f77416d462f7a64492f7536722b562b6c65672b74667472307558366c5038413548317230483075584c6c532f533566374c67542f3851414e68454141514943426763464351454241514141414141414141495341534944457941684d61455145534d774d6c4877514546687364454546464278675a4842346646694d384c2f3267414941514d42426a3841374537727a472f4576353850634e2b466465703136326d6a7578646576785072314f765873734c536d697668645a546366312f41375330716437744d536241774d42744a432f3644766149366f66667969537038795746727231374837785464666149314f476d75464b484b4737756245326d42675944665a30736839492b59366b6a6553704a59574a757a746f376f666364527831784b796b6a712b78574b76737146575a53556d754f59314d5231474e7045336a614f4635744961737a5a71316b79745a4b72554f47396e636d2b41314b745566755662746552563457594a352f6767726e2b4c4d704b533345313431555231494e70453344614f4678733461737a614b316b71696149306432574369437444525373527541346270646b4b546b4e546a7a2f41454f54685a326873787168773549354a4d5461584a4770476a757875494b3071543750646e35774971396f763638494452326d437379436378717342797365583773375132593549337279484a484a4a69617934614e37484161566e49636e416c7474484a333752316d557131445233586e766f465a7a3051557245677056746f35572f634e565a616f6c484464366f516649712b5735717877326b70352b62592f776d76362b5a5571494a545a71394463496e752f7446306566384e6971343472786f346c555377387657335762785167627a506e755645546c413164335868453934534f565a626f724b4f2b484d645358774f4b34324b72785352536a684a565733647063536b797576765a673470586542436a36774655664d676c50654f5633446c61495561634e5a436a54706d4a52773353314f41355750314a657379627338304d7957466c46495574483868564a3876496853446c642b52424b65374d636f6d4b7851716b3776304e363868784b545757712f49354a4d533974566f55513074534f536537704b744f6c716955636f636d783136664150364c2b52445331513558575a2f537337744d704d4f534f37444d533731785630655049777a4d4d2f7742453357576861766c2b624474776f563247556d33726b7131513558527a4b7453645269596b75685243334c59554b33664563566d73704271647a4b6251616e6a2b6f366d783074485775765134764c30503454436b71494a7069437145634e4a53595634594664336e67545932384443793372794b796b334d787378337448483179694e37394c686f37727a7459364a5355677052424b6573686f346d4a53486869566e6354594532505a334453596d465564483369715258654e6f37395a55306c32736c4a724d704d4b724256574e484542513551315861367372437353566153437151676c4a744c3952377852336168716879624d784b51724346574f476969413549314f356453586a614f38323133682b34454b7537386a56582f774366324f5666446c3244693031696972565a36394e465756656d724b7772437333626153346452334846712f316a6b537731662b7651616d2f772f59354e3865572f346a6930793768785761584453724b766375555333465837504a345935784855633866734f704279726f63386369726f3033477a6a647a2f414670616b636f774d4c50456352783548486b6352696365526a6b532f676c683545794d3445786759484359614f444d774d44684d444578334f7a4a726962446c2b7972534f5666486e686b6251713070477056507a2f576c7968715444794d4c4f4a6a70774d4e47424c416c6754666734386a484b426a6c4134386a6a793063475a6759482f504d2f35356d42687666452f325459774a635372396e362b3557556e77315858634c4566587a4b583666432f2f32513d3d);
INSERT INTO `users` (`id`, `name`, `email`, `phone`, `password`, `otp`, `is_verified`, `msg_id`, `created_at`, `updated_at`, `created_by`, `pincode`, `street`, `district`, `address`, `profile_image`) VALUES
(2, 'Lima Mohanty', 'banashri.seofied1@gmail.com', '8763447921', NULL, NULL, 1, '', '2021-09-15 12:40:25', '2021-10-02 11:26:01', '', NULL, NULL, NULL, NULL, NULL),
(3, 'Dinesh', 'dasdinesh07@gmail.com', '9124419800', '', '', 0, '', '2021-09-15 15:52:37', '2021-09-15 15:59:53', '', NULL, NULL, NULL, NULL, NULL),
(4, 'azfar', 'azfarali.odbus@gmail.com', '8917209213', '', '', 0, '', '2021-09-16 14:07:47', '2021-09-16 14:09:15', '', NULL, NULL, NULL, NULL, NULL),
(5, 'rashmiranjan sahoo', 'rashmiranjan.seofied@gmail.com', '6370406925', '', '', 0, '', '2021-09-16 14:08:48', '2021-09-16 14:08:48', '', NULL, NULL, NULL, NULL, NULL),
(6, 'Dillip', 'dillipsing.seofied@gmail.com', '9040666087', '', '', 0, '', '2021-09-16 14:08:48', '2021-09-16 14:08:48', '', NULL, NULL, NULL, NULL, NULL),
(7, 'DEEPAK KUMAR', 'PREETANJU838@GMAIL.COM', '8917431396', '', '', 0, '', '2021-09-16 14:08:48', '2021-09-16 14:08:48', '', NULL, NULL, NULL, NULL, NULL),
(8, 'santosh', 'dashlife400099@gmail.com', '8249244495', '', '', 0, '', '2021-09-16 14:14:05', '2021-09-16 14:14:05', '', NULL, NULL, NULL, NULL, NULL),
(9, 'TAPAS KUMAR BEHERA', NULL, '8917253403', '$2y$10$Ox.9raCyZAvBzrlSZjekJ.eHZykN6l1RVcIETbptxa9z/LmDlxrbu', NULL, 1, '', '2021-09-18 20:34:07', '2021-09-18 20:34:25', 'TAPAS KUMAR BEHERA', NULL, NULL, NULL, NULL, NULL),
(10, 'Abhishek', 'abhishek.seofied@gmail.com', '7894310911', '$2y$10$OuQuze6PYZl0ql1NiD7MiO32F5RhtHDkJ380q0EQCpnKcWpMyl4xG', NULL, 1, '', '2021-09-21 23:05:17', '2021-09-22 00:14:00', '', NULL, NULL, NULL, NULL, NULL),
(11, 'MD Hussen', 'hussen@odbus.in', '7978201573', '', '', 0, '', '2021-09-22 14:57:26', '2021-09-22 14:57:26', '', NULL, NULL, NULL, NULL, NULL),
(12, 'AK Padhy', 'padhiashwini@gmail.com', '9778807336', '', '', 0, '', '2021-09-22 14:57:27', '2021-09-22 14:57:27', '', NULL, NULL, NULL, NULL, NULL),
(13, 'Chandra rath', 'chandrakantaphp@gmail.com', '7008559705', '', '', 0, '', '2021-09-22 16:23:31', '2021-09-22 16:32:15', '', NULL, NULL, NULL, NULL, NULL),
(14, 'swagatika', 'sahu.swagatika@gmail.com', NULL, '$2y$10$LPuHpPlYhJHCgmyf.DUjKOpm2lYDg1iAqhUSgwtQ.O9exCqjuTMV2', NULL, 1, '', '2021-09-25 14:52:47', '2021-09-25 14:53:16', 'swagatika', NULL, NULL, NULL, NULL, NULL),
(15, 'ssss', 'sahu.swagatika@gmail.com', '9916457575', '', '', 0, '', '2021-09-27 14:25:09', '2021-09-29 11:13:22', '', NULL, NULL, NULL, NULL, NULL),
(16, 'priyadarshi', 'neotorand@gmail.com', '9437112909', '', '', 0, '', '2021-09-29 15:56:29', '2021-09-29 15:56:29', '', NULL, NULL, NULL, NULL, NULL),
(17, 'Bob', 'abc@gmail.com', '9912345678', '', '', 0, '', '2021-10-02 16:19:46', '2021-10-02 16:19:46', '', NULL, NULL, NULL, NULL, NULL),
(18, 'testuser', 'test.odbus@gmail.com', '9810186896', '$2y$10$Mqq5Po2VSSEH2PzCbKnesO759R7z7sSds0jk9mMaDzAOICfjGVPPy', '89168', 0, '', '2021-10-02 23:55:38', '2021-10-04 21:36:22', 'MG', NULL, NULL, NULL, NULL, NULL);

-- --------------------------------------------------------

--
-- Table structure for table `user_bank_details`
--

CREATE TABLE `user_bank_details` (
  `id` int(11) NOT NULL,
  `user_id` int(11) NOT NULL,
  `banking_name` varchar(250) DEFAULT NULL,
  `bank_name` varchar(200) DEFAULT NULL,
  `ifsc_code` varchar(50) DEFAULT NULL,
  `account_number` varchar(50) DEFAULT NULL,
  `created_at` datetime NOT NULL,
  `updated_at` datetime NOT NULL,
  `created_by` varchar(50) NOT NULL,
  `status` int(10) UNSIGNED NOT NULL DEFAULT 0
) ENGINE=InnoDB DEFAULT CHARSET=latin1;

--
-- Indexes for dumped tables
--

--
-- Indexes for table `amenities`
--
ALTER TABLE `amenities`
  ADD PRIMARY KEY (`id`),
  ADD KEY `name` (`name`);

--
-- Indexes for table `appdownload`
--
ALTER TABLE `appdownload`
  ADD PRIMARY KEY (`id`);

--
-- Indexes for table `appversion`
--
ALTER TABLE `appversion`
  ADD PRIMARY KEY (`id`);

--
-- Indexes for table `boarding_droping`
--
ALTER TABLE `boarding_droping`
  ADD PRIMARY KEY (`id`),
  ADD KEY `location_id` (`location_id`);
ALTER TABLE `boarding_droping` ADD FULLTEXT KEY `boarding_point` (`boarding_point`);

--
-- Indexes for table `booking`
--
ALTER TABLE `booking`
  ADD PRIMARY KEY (`id`),
  ADD UNIQUE KEY `pnr` (`pnr`),
  ADD KEY `bus_id` (`bus_id`),
  ADD KEY `users_id` (`users_id`),
  ADD KEY `transaction_id` (`transaction_id`),
  ADD KEY `boarding_point` (`boarding_point`),
  ADD KEY `dropping_point` (`dropping_point`),
  ADD KEY `boarding_time` (`boarding_time`),
  ADD KEY `dropping_time` (`dropping_time`);

--
-- Indexes for table `booking_detail`
--
ALTER TABLE `booking_detail`
  ADD PRIMARY KEY (`id`),
  ADD KEY `booking_id` (`booking_id`),
  ADD KEY `passenger_name` (`passenger_name`),
  ADD KEY `passenger_gender` (`passenger_gender`),
  ADD KEY `passenger_age` (`passenger_age`),
  ADD KEY `bus_seats_id` (`bus_seats_id`);

--
-- Indexes for table `booking_seized`
--
ALTER TABLE `booking_seized`
  ADD PRIMARY KEY (`id`),
  ADD KEY `location_id` (`location_id`),
  ADD KEY `bus_id` (`bus_id`);

--
-- Indexes for table `booking_sequence`
--
ALTER TABLE `booking_sequence`
  ADD PRIMARY KEY (`id`),
  ADD KEY `booking_id` (`booking_id`);

--
-- Indexes for table `bus`
--
ALTER TABLE `bus`
  ADD PRIMARY KEY (`id`),
  ADD KEY `bus_operator_FK` (`bus_operator_id`),
  ADD KEY `bus_type_fk` (`bus_type_id`),
  ADD KEY `bus_sitting_fk` (`bus_sitting_id`),
  ADD KEY `cancellation_slab_fk` (`cancellationslabs_id`),
  ADD KEY `bus_seatlayout_id_fk` (`bus_seat_layout_id`),
  ADD KEY `name` (`name`),
  ADD KEY `via` (`via`),
  ADD KEY `bus_number` (`bus_number`) USING BTREE;

--
-- Indexes for table `bus_amenities`
--
ALTER TABLE `bus_amenities`
  ADD PRIMARY KEY (`id`),
  ADD KEY `bus_id` (`bus_id`),
  ADD KEY `amenities_id` (`amenities_id`);

--
-- Indexes for table `bus_cancelled`
--
ALTER TABLE `bus_cancelled`
  ADD PRIMARY KEY (`id`),
  ADD KEY `bus_id` (`bus_id`),
  ADD KEY `bus_operator_for_cancelled_FK` (`bus_operator_id`);

--
-- Indexes for table `bus_cancelled_date`
--
ALTER TABLE `bus_cancelled_date`
  ADD PRIMARY KEY (`id`),
  ADD KEY `bus_cancelled_id` (`bus_cancelled_id`);

--
-- Indexes for table `bus_class`
--
ALTER TABLE `bus_class`
  ADD PRIMARY KEY (`id`),
  ADD KEY `class_name` (`class_name`);

--
-- Indexes for table `bus_closing_hours`
--
ALTER TABLE `bus_closing_hours`
  ADD PRIMARY KEY (`id`);

--
-- Indexes for table `bus_contacts`
--
ALTER TABLE `bus_contacts`
  ADD PRIMARY KEY (`id`),
  ADD KEY `bus_id` (`bus_id`),
  ADD KEY `phone` (`phone`);

--
-- Indexes for table `bus_extra_fare`
--
ALTER TABLE `bus_extra_fare`
  ADD PRIMARY KEY (`id`),
  ADD KEY `bus_id` (`bus_id`);

--
-- Indexes for table `bus_festival_fare`
--
ALTER TABLE `bus_festival_fare`
  ADD PRIMARY KEY (`id`),
  ADD KEY `festival_fare_id` (`festival_fare_id`),
  ADD KEY `bus_id` (`bus_id`);

--
-- Indexes for table `bus_gallery`
--
ALTER TABLE `bus_gallery`
  ADD PRIMARY KEY (`id`),
  ADD KEY `bus_id` (`bus_id`);

--
-- Indexes for table `bus_location_sequence`
--
ALTER TABLE `bus_location_sequence`
  ADD PRIMARY KEY (`id`),
  ADD KEY `bus_id` (`bus_id`),
  ADD KEY `location_id` (`location_id`);

--
-- Indexes for table `bus_operator`
--
ALTER TABLE `bus_operator`
  ADD PRIMARY KEY (`id`),
  ADD UNIQUE KEY `email_id` (`email_id`),
  ADD UNIQUE KEY `contact_number` (`contact_number`),
  ADD KEY `operator_name` (`operator_name`),
  ADD KEY `location_name` (`location_name`);

--
-- Indexes for table `bus_owner_fare`
--
ALTER TABLE `bus_owner_fare`
  ADD PRIMARY KEY (`id`),
  ADD KEY `bus_id` (`bus_id`),
  ADD KEY `owner_fare_id` (`owner_fare_id`);

--
-- Indexes for table `bus_safety`
--
ALTER TABLE `bus_safety`
  ADD PRIMARY KEY (`id`),
  ADD KEY `safety_bus_id_fk` (`bus_id`),
  ADD KEY `safety_id_fk` (`safety_id`);

--
-- Indexes for table `bus_schedule`
--
ALTER TABLE `bus_schedule`
  ADD PRIMARY KEY (`id`),
  ADD KEY `bus_id` (`bus_id`);

--
-- Indexes for table `bus_schedule_date`
--
ALTER TABLE `bus_schedule_date`
  ADD PRIMARY KEY (`id`),
  ADD KEY `bus_schedule_id` (`bus_schedule_id`);

--
-- Indexes for table `bus_seats`
--
ALTER TABLE `bus_seats`
  ADD PRIMARY KEY (`id`),
  ADD KEY `bus_seats_ibfk_1` (`bus_id`),
  ADD KEY `ticket_price_FK` (`ticket_price_id`),
  ADD KEY `seats_id_fk` (`seats_id`),
  ADD KEY `new_fare` (`new_fare`);

--
-- Indexes for table `bus_seats_extra`
--
ALTER TABLE `bus_seats_extra`
  ADD KEY `bus_id` (`bus_id`);

--
-- Indexes for table `bus_seat_layout`
--
ALTER TABLE `bus_seat_layout`
  ADD PRIMARY KEY (`id`),
  ADD KEY `name` (`name`);

--
-- Indexes for table `bus_sitting`
--
ALTER TABLE `bus_sitting`
  ADD PRIMARY KEY (`id`),
  ADD KEY `name` (`name`);

--
-- Indexes for table `bus_slots`
--
ALTER TABLE `bus_slots`
  ADD PRIMARY KEY (`id`),
  ADD KEY `bus_id` (`bus_id`);

--
-- Indexes for table `bus_special_fare`
--
ALTER TABLE `bus_special_fare`
  ADD PRIMARY KEY (`id`),
  ADD KEY `bus_id` (`bus_id`),
  ADD KEY `special_fare_id` (`special_fare_id`);

--
-- Indexes for table `bus_stoppage_additional_fare`
--
ALTER TABLE `bus_stoppage_additional_fare`
  ADD PRIMARY KEY (`id`),
  ADD KEY `bus_stoppage_id` (`ticket_price_id`),
  ADD KEY `bus_seats_id` (`bus_seats_id`);

--
-- Indexes for table `bus_stoppage_timing`
--
ALTER TABLE `bus_stoppage_timing`
  ADD PRIMARY KEY (`id`),
  ADD KEY `stoppage_timing_bus_id_fk` (`bus_id`),
  ADD KEY `location_timing_fk` (`location_id`),
  ADD KEY `boardin_droping_id_fk` (`boarding_droping_id`),
  ADD KEY `stoppage_name` (`stoppage_name`),
  ADD KEY `stoppage_time` (`stoppage_time`);

--
-- Indexes for table `bus_type`
--
ALTER TABLE `bus_type`
  ADD PRIMARY KEY (`id`),
  ADD KEY `class_type_fk` (`bus_class_id`),
  ADD KEY `name` (`name`);

--
-- Indexes for table `cancellationslabs`
--
ALTER TABLE `cancellationslabs`
  ADD PRIMARY KEY (`id`),
  ADD KEY `rule_name` (`rule_name`);

--
-- Indexes for table `cancellationslabs_info`
--
ALTER TABLE `cancellationslabs_info`
  ADD PRIMARY KEY (`id`),
  ADD KEY `cancellationslab_id_FK` (`cancellation_slab_id`),
  ADD KEY `duration` (`duration`),
  ADD KEY `deduction` (`deduction`);

--
-- Indexes for table `city_closing`
--
ALTER TABLE `city_closing`
  ADD PRIMARY KEY (`id`),
  ADD KEY `bus_id` (`bus_id`),
  ADD KEY `location_closing_ibfk_1` (`location_id`);

--
-- Indexes for table `city_closing_extended`
--
ALTER TABLE `city_closing_extended`
  ADD PRIMARY KEY (`id`),
  ADD KEY `bus_id` (`bus_id`),
  ADD KEY `city_closing_extended_location_fk` (`location_id`);

--
-- Indexes for table `coupon`
--
ALTER TABLE `coupon`
  ADD PRIMARY KEY (`id`);

--
-- Indexes for table `coupon_assigned_bus`
--
ALTER TABLE `coupon_assigned_bus`
  ADD PRIMARY KEY (`id`),
  ADD KEY `bus_id` (`bus_id`),
  ADD KEY `coupon_assigned_id_fk` (`coupon_id`);

--
-- Indexes for table `credentials`
--
ALTER TABLE `credentials`
  ADD PRIMARY KEY (`id`);

--
-- Indexes for table `customer_payment`
--
ALTER TABLE `customer_payment`
  ADD PRIMARY KEY (`id`),
  ADD UNIQUE KEY `order_id` (`order_id`),
  ADD UNIQUE KEY `razorpay_id` (`razorpay_id`),
  ADD KEY `name` (`name`),
  ADD KEY `payment_done` (`payment_done`),
  ADD KEY `transaction_id` (`booking_id`);

--
-- Indexes for table `customer_query`
--
ALTER TABLE `customer_query`
  ADD PRIMARY KEY (`id`);

--
-- Indexes for table `customer_query_category`
--
ALTER TABLE `customer_query_category`
  ADD PRIMARY KEY (`id`);

--
-- Indexes for table `customer_query_category_issues`
--
ALTER TABLE `customer_query_category_issues`
  ADD PRIMARY KEY (`id`),
  ADD KEY `customer_query_category_id` (`customer_query_category_id`);

--
-- Indexes for table `custom_pages`
--
ALTER TABLE `custom_pages`
  ADD PRIMARY KEY (`id`);

--
-- Indexes for table `extended_bus_closing_hours`
--
ALTER TABLE `extended_bus_closing_hours`
  ADD PRIMARY KEY (`id`);

--
-- Indexes for table `festival_fare`
--
ALTER TABLE `festival_fare`
  ADD PRIMARY KEY (`id`);

--
-- Indexes for table `gateway_information`
--
ALTER TABLE `gateway_information`
  ADD PRIMARY KEY (`id`);

--
-- Indexes for table `location`
--
ALTER TABLE `location`
  ADD PRIMARY KEY (`id`),
  ADD KEY `name` (`name`),
  ADD KEY `synonym` (`synonym`);

--
-- Indexes for table `locationcode`
--
ALTER TABLE `locationcode`
  ADD PRIMARY KEY (`id`),
  ADD KEY `location_id` (`location_id`);

--
-- Indexes for table `offers`
--
ALTER TABLE `offers`
  ADD PRIMARY KEY (`id`),
  ADD KEY `offer_category_id` (`offer_category_id`);

--
-- Indexes for table `offer_category`
--
ALTER TABLE `offer_category`
  ADD PRIMARY KEY (`id`);

--
-- Indexes for table `owner_fare`
--
ALTER TABLE `owner_fare`
  ADD PRIMARY KEY (`id`);

--
-- Indexes for table `owner_payment`
--
ALTER TABLE `owner_payment`
  ADD PRIMARY KEY (`id`),
  ADD KEY `bus_operator_id` (`bus_operator_id`);

--
-- Indexes for table `page_content`
--
ALTER TABLE `page_content`
  ADD PRIMARY KEY (`id`);

--
-- Indexes for table `pre_booking`
--
ALTER TABLE `pre_booking`
  ADD PRIMARY KEY (`id`),
  ADD KEY `bus_id` (`bus_id`),
  ADD KEY `user_id` (`user_id`),
  ADD KEY `transaction_id` (`transaction_id`),
  ADD KEY `journey_dt` (`journey_dt`),
  ADD KEY `coupon_code` (`coupon_code`);

--
-- Indexes for table `pre_booking_detail`
--
ALTER TABLE `pre_booking_detail`
  ADD PRIMARY KEY (`id`),
  ADD KEY `pre_booking_id` (`pre_booking_id`);

--
-- Indexes for table `reason`
--
ALTER TABLE `reason`
  ADD PRIMARY KEY (`id`);

--
-- Indexes for table `review`
--
ALTER TABLE `review`
  ADD PRIMARY KEY (`id`),
  ADD KEY `bus_id` (`bus_id`),
  ADD KEY `users_id` (`users_id`),
  ADD KEY `pnr` (`pnr`);

--
-- Indexes for table `safety`
--
ALTER TABLE `safety`
  ADD PRIMARY KEY (`id`),
  ADD KEY `name` (`name`);

--
-- Indexes for table `seats`
--
ALTER TABLE `seats`
  ADD PRIMARY KEY (`id`),
  ADD KEY `seats_ibfk_1` (`bus_seat_layout_id`),
  ADD KEY `seats_ibfk_12` (`seat_class_id`),
  ADD KEY `berthType` (`berthType`),
  ADD KEY `seatText` (`seatText`),
  ADD KEY `colNumber` (`colNumber`),
  ADD KEY `rowNumber` (`rowNumber`);

--
-- Indexes for table `seat_block`
--
ALTER TABLE `seat_block`
  ADD PRIMARY KEY (`id`),
  ADD KEY `operator_id` (`operator_id`),
  ADD KEY `bus_id` (`bus_id`);

--
-- Indexes for table `seat_block_seats`
--
ALTER TABLE `seat_block_seats`
  ADD PRIMARY KEY (`id`),
  ADD KEY `seat_block_id` (`seat_block_id`);

--
-- Indexes for table `seat_class`
--
ALTER TABLE `seat_class`
  ADD PRIMARY KEY (`id`),
  ADD KEY `name` (`name`);

--
-- Indexes for table `seat_open`
--
ALTER TABLE `seat_open`
  ADD PRIMARY KEY (`id`),
  ADD KEY `operator_id` (`operator_id`),
  ADD KEY `bus_id` (`bus_id`);

--
-- Indexes for table `seat_open_seats`
--
ALTER TABLE `seat_open_seats`
  ADD PRIMARY KEY (`id`),
  ADD KEY `seat_id` (`seats_id`),
  ADD KEY `seat_open_id` (`seat_open_id`);

--
-- Indexes for table `site_master`
--
ALTER TABLE `site_master`
  ADD PRIMARY KEY (`id`);

--
-- Indexes for table `slider`
--
ALTER TABLE `slider`
  ADD PRIMARY KEY (`id`);

--
-- Indexes for table `social_link`
--
ALTER TABLE `social_link`
  ADD PRIMARY KEY (`id`);

--
-- Indexes for table `special_fare`
--
ALTER TABLE `special_fare`
  ADD PRIMARY KEY (`id`),
  ADD KEY `special_fare_operator_fk` (`bus_operator_id`),
  ADD KEY `special_fare_source_fk` (`source_id`),
  ADD KEY `special_fare_destination_fk` (`destination_id`);

--
-- Indexes for table `testimonial`
--
ALTER TABLE `testimonial`
  ADD PRIMARY KEY (`id`);

--
-- Indexes for table `ticket_cancelation`
--
ALTER TABLE `ticket_cancelation`
  ADD PRIMARY KEY (`id`);

--
-- Indexes for table `ticket_cancelation_rule`
--
ALTER TABLE `ticket_cancelation_rule`
  ADD PRIMARY KEY (`id`),
  ADD KEY `ticket_cancelation_id` (`ticket_cancelation_id`);

--
-- Indexes for table `ticket_fare_slab`
--
ALTER TABLE `ticket_fare_slab`
  ADD PRIMARY KEY (`id`);

--
-- Indexes for table `ticket_price`
--
ALTER TABLE `ticket_price`
  ADD PRIMARY KEY (`id`),
  ADD KEY `user_id` (`user_id`),
  ADD KEY `bus_id` (`bus_id`),
  ADD KEY `ticket_price_bus_operator_fk` (`bus_operator_id`),
  ADD KEY `ticket_price_source_fk` (`source_id`),
  ADD KEY `ticket_price_destination_fk` (`destination_id`),
  ADD KEY `start_j_days` (`start_j_days`),
  ADD KEY `j_day` (`j_day`);

--
-- Indexes for table `user`
--
ALTER TABLE `user`
  ADD PRIMARY KEY (`id`);

--
-- Indexes for table `users`
--
ALTER TABLE `users`
  ADD PRIMARY KEY (`id`),
  ADD KEY `name` (`name`),
  ADD KEY `email` (`email`) USING BTREE,
  ADD KEY `phone` (`phone`),
  ADD KEY `otp` (`otp`),
  ADD KEY `is_verified` (`is_verified`);

--
-- Indexes for table `user_bank_details`
--
ALTER TABLE `user_bank_details`
  ADD PRIMARY KEY (`id`),
  ADD KEY `user_id` (`user_id`);

--
-- AUTO_INCREMENT for dumped tables
--

--
-- AUTO_INCREMENT for table `amenities`
--
ALTER TABLE `amenities`
  MODIFY `id` int(10) UNSIGNED NOT NULL AUTO_INCREMENT, AUTO_INCREMENT=9;

--
-- AUTO_INCREMENT for table `appdownload`
--
ALTER TABLE `appdownload`
  MODIFY `id` bigint(20) UNSIGNED NOT NULL AUTO_INCREMENT;

--
-- AUTO_INCREMENT for table `appversion`
--
ALTER TABLE `appversion`
  MODIFY `id` int(11) NOT NULL AUTO_INCREMENT;

--
-- AUTO_INCREMENT for table `boarding_droping`
--
ALTER TABLE `boarding_droping`
  MODIFY `id` int(11) NOT NULL AUTO_INCREMENT, AUTO_INCREMENT=42;

--
-- AUTO_INCREMENT for table `booking`
--
ALTER TABLE `booking`
  MODIFY `id` int(10) UNSIGNED NOT NULL AUTO_INCREMENT, AUTO_INCREMENT=73;

--
-- AUTO_INCREMENT for table `booking_detail`
--
ALTER TABLE `booking_detail`
  MODIFY `id` int(11) NOT NULL AUTO_INCREMENT, AUTO_INCREMENT=73;

--
-- AUTO_INCREMENT for table `booking_seized`
--
ALTER TABLE `booking_seized`
  MODIFY `id` int(11) NOT NULL AUTO_INCREMENT, AUTO_INCREMENT=20;

--
-- AUTO_INCREMENT for table `booking_sequence`
--
ALTER TABLE `booking_sequence`
  MODIFY `id` int(11) NOT NULL AUTO_INCREMENT, AUTO_INCREMENT=69;

--
-- AUTO_INCREMENT for table `bus`
--
ALTER TABLE `bus`
  MODIFY `id` int(10) UNSIGNED NOT NULL AUTO_INCREMENT, AUTO_INCREMENT=8;

--
-- AUTO_INCREMENT for table `bus_amenities`
--
ALTER TABLE `bus_amenities`
  MODIFY `id` int(10) UNSIGNED NOT NULL AUTO_INCREMENT, AUTO_INCREMENT=11;

--
-- AUTO_INCREMENT for table `bus_cancelled`
--
ALTER TABLE `bus_cancelled`
  MODIFY `id` int(10) UNSIGNED NOT NULL AUTO_INCREMENT;

--
-- AUTO_INCREMENT for table `bus_cancelled_date`
--
ALTER TABLE `bus_cancelled_date`
  MODIFY `id` int(10) UNSIGNED NOT NULL AUTO_INCREMENT;

--
-- AUTO_INCREMENT for table `bus_class`
--
ALTER TABLE `bus_class`
  MODIFY `id` int(11) NOT NULL AUTO_INCREMENT, AUTO_INCREMENT=3;

--
-- AUTO_INCREMENT for table `bus_closing_hours`
--
ALTER TABLE `bus_closing_hours`
  MODIFY `id` int(11) NOT NULL AUTO_INCREMENT;

--
-- AUTO_INCREMENT for table `bus_contacts`
--
ALTER TABLE `bus_contacts`
  MODIFY `id` int(11) NOT NULL AUTO_INCREMENT, AUTO_INCREMENT=19;

--
-- AUTO_INCREMENT for table `bus_extra_fare`
--
ALTER TABLE `bus_extra_fare`
  MODIFY `id` bigint(20) UNSIGNED NOT NULL AUTO_INCREMENT;

--
-- AUTO_INCREMENT for table `bus_festival_fare`
--
ALTER TABLE `bus_festival_fare`
  MODIFY `id` int(11) NOT NULL AUTO_INCREMENT;

--
-- AUTO_INCREMENT for table `bus_gallery`
--
ALTER TABLE `bus_gallery`
  MODIFY `id` int(10) UNSIGNED NOT NULL AUTO_INCREMENT;

--
-- AUTO_INCREMENT for table `bus_location_sequence`
--
ALTER TABLE `bus_location_sequence`
  MODIFY `id` int(11) NOT NULL AUTO_INCREMENT, AUTO_INCREMENT=25;

--
-- AUTO_INCREMENT for table `bus_operator`
--
ALTER TABLE `bus_operator`
  MODIFY `id` int(11) NOT NULL AUTO_INCREMENT, AUTO_INCREMENT=10;

--
-- AUTO_INCREMENT for table `bus_owner_fare`
--
ALTER TABLE `bus_owner_fare`
  MODIFY `id` int(11) NOT NULL AUTO_INCREMENT;

--
-- AUTO_INCREMENT for table `bus_safety`
--
ALTER TABLE `bus_safety`
  MODIFY `id` int(11) NOT NULL AUTO_INCREMENT, AUTO_INCREMENT=12;

--
-- AUTO_INCREMENT for table `bus_schedule`
--
ALTER TABLE `bus_schedule`
  MODIFY `id` int(10) UNSIGNED NOT NULL AUTO_INCREMENT, AUTO_INCREMENT=4;

--
-- AUTO_INCREMENT for table `bus_schedule_date`
--
ALTER TABLE `bus_schedule_date`
  MODIFY `id` int(10) UNSIGNED NOT NULL AUTO_INCREMENT, AUTO_INCREMENT=91;

--
-- AUTO_INCREMENT for table `bus_seats`
--
ALTER TABLE `bus_seats`
  MODIFY `id` int(10) UNSIGNED NOT NULL AUTO_INCREMENT, AUTO_INCREMENT=223;

--
-- AUTO_INCREMENT for table `bus_seat_layout`
--
ALTER TABLE `bus_seat_layout`
  MODIFY `id` int(10) UNSIGNED NOT NULL AUTO_INCREMENT, AUTO_INCREMENT=12;

--
-- AUTO_INCREMENT for table `bus_sitting`
--
ALTER TABLE `bus_sitting`
  MODIFY `id` int(10) UNSIGNED NOT NULL AUTO_INCREMENT, AUTO_INCREMENT=14;

--
-- AUTO_INCREMENT for table `bus_slots`
--
ALTER TABLE `bus_slots`
  MODIFY `id` int(10) UNSIGNED NOT NULL AUTO_INCREMENT;

--
-- AUTO_INCREMENT for table `bus_special_fare`
--
ALTER TABLE `bus_special_fare`
  MODIFY `id` int(11) NOT NULL AUTO_INCREMENT;

--
-- AUTO_INCREMENT for table `bus_stoppage_additional_fare`
--
ALTER TABLE `bus_stoppage_additional_fare`
  MODIFY `id` int(10) UNSIGNED NOT NULL AUTO_INCREMENT;

--
-- AUTO_INCREMENT for table `bus_stoppage_timing`
--
ALTER TABLE `bus_stoppage_timing`
  MODIFY `id` int(10) UNSIGNED NOT NULL AUTO_INCREMENT, AUTO_INCREMENT=31;

--
-- AUTO_INCREMENT for table `bus_type`
--
ALTER TABLE `bus_type`
  MODIFY `id` int(10) UNSIGNED NOT NULL AUTO_INCREMENT, AUTO_INCREMENT=340;

--
-- AUTO_INCREMENT for table `cancellationslabs`
--
ALTER TABLE `cancellationslabs`
  MODIFY `id` int(11) NOT NULL AUTO_INCREMENT, AUTO_INCREMENT=4;

--
-- AUTO_INCREMENT for table `cancellationslabs_info`
--
ALTER TABLE `cancellationslabs_info`
  MODIFY `id` int(11) NOT NULL AUTO_INCREMENT, AUTO_INCREMENT=12;

--
-- AUTO_INCREMENT for table `city_closing`
--
ALTER TABLE `city_closing`
  MODIFY `id` int(10) UNSIGNED NOT NULL AUTO_INCREMENT;

--
-- AUTO_INCREMENT for table `city_closing_extended`
--
ALTER TABLE `city_closing_extended`
  MODIFY `id` int(11) NOT NULL AUTO_INCREMENT;

--
-- AUTO_INCREMENT for table `coupon`
--
ALTER TABLE `coupon`
  MODIFY `id` int(10) UNSIGNED NOT NULL AUTO_INCREMENT;

--
-- AUTO_INCREMENT for table `coupon_assigned_bus`
--
ALTER TABLE `coupon_assigned_bus`
  MODIFY `id` int(10) UNSIGNED NOT NULL AUTO_INCREMENT;

--
-- AUTO_INCREMENT for table `credentials`
--
ALTER TABLE `credentials`
  MODIFY `id` int(10) UNSIGNED NOT NULL AUTO_INCREMENT, AUTO_INCREMENT=2;

--
-- AUTO_INCREMENT for table `customer_payment`
--
ALTER TABLE `customer_payment`
  MODIFY `id` int(11) NOT NULL AUTO_INCREMENT, AUTO_INCREMENT=46;

--
-- AUTO_INCREMENT for table `customer_query`
--
ALTER TABLE `customer_query`
  MODIFY `id` int(11) NOT NULL AUTO_INCREMENT;

--
-- AUTO_INCREMENT for table `customer_query_category`
--
ALTER TABLE `customer_query_category`
  MODIFY `id` int(10) UNSIGNED NOT NULL AUTO_INCREMENT;

--
-- AUTO_INCREMENT for table `customer_query_category_issues`
--
ALTER TABLE `customer_query_category_issues`
  MODIFY `id` int(10) UNSIGNED NOT NULL AUTO_INCREMENT;

--
-- AUTO_INCREMENT for table `custom_pages`
--
ALTER TABLE `custom_pages`
  MODIFY `id` int(11) NOT NULL AUTO_INCREMENT;

--
-- AUTO_INCREMENT for table `extended_bus_closing_hours`
--
ALTER TABLE `extended_bus_closing_hours`
  MODIFY `id` int(11) NOT NULL AUTO_INCREMENT;

--
-- AUTO_INCREMENT for table `festival_fare`
--
ALTER TABLE `festival_fare`
  MODIFY `id` int(11) NOT NULL AUTO_INCREMENT;

--
-- AUTO_INCREMENT for table `gateway_information`
--
ALTER TABLE `gateway_information`
  MODIFY `id` int(11) NOT NULL AUTO_INCREMENT, AUTO_INCREMENT=2;

--
-- AUTO_INCREMENT for table `location`
--
ALTER TABLE `location`
  MODIFY `id` int(10) UNSIGNED NOT NULL AUTO_INCREMENT, AUTO_INCREMENT=1805;

--
-- AUTO_INCREMENT for table `locationcode`
--
ALTER TABLE `locationcode`
  MODIFY `id` int(10) UNSIGNED NOT NULL AUTO_INCREMENT, AUTO_INCREMENT=66;

--
-- AUTO_INCREMENT for table `offers`
--
ALTER TABLE `offers`
  MODIFY `id` int(11) NOT NULL AUTO_INCREMENT;

--
-- AUTO_INCREMENT for table `offer_category`
--
ALTER TABLE `offer_category`
  MODIFY `id` int(11) NOT NULL AUTO_INCREMENT, AUTO_INCREMENT=4;

--
-- AUTO_INCREMENT for table `owner_fare`
--
ALTER TABLE `owner_fare`
  MODIFY `id` int(10) UNSIGNED NOT NULL AUTO_INCREMENT;

--
-- AUTO_INCREMENT for table `owner_payment`
--
ALTER TABLE `owner_payment`
  MODIFY `id` int(11) NOT NULL AUTO_INCREMENT, AUTO_INCREMENT=2;

--
-- AUTO_INCREMENT for table `page_content`
--
ALTER TABLE `page_content`
  MODIFY `id` int(11) NOT NULL AUTO_INCREMENT, AUTO_INCREMENT=3;

--
-- AUTO_INCREMENT for table `pre_booking`
--
ALTER TABLE `pre_booking`
  MODIFY `id` int(10) UNSIGNED NOT NULL AUTO_INCREMENT;

--
-- AUTO_INCREMENT for table `pre_booking_detail`
--
ALTER TABLE `pre_booking_detail`
  MODIFY `id` int(11) NOT NULL AUTO_INCREMENT;

--
-- AUTO_INCREMENT for table `reason`
--
ALTER TABLE `reason`
  MODIFY `id` int(11) NOT NULL AUTO_INCREMENT;

--
-- AUTO_INCREMENT for table `review`
--
ALTER TABLE `review`
  MODIFY `id` int(10) UNSIGNED NOT NULL AUTO_INCREMENT, AUTO_INCREMENT=9;

--
-- AUTO_INCREMENT for table `safety`
--
ALTER TABLE `safety`
  MODIFY `id` int(11) NOT NULL AUTO_INCREMENT, AUTO_INCREMENT=6;

--
-- AUTO_INCREMENT for table `seats`
--
ALTER TABLE `seats`
  MODIFY `id` int(11) NOT NULL AUTO_INCREMENT, AUTO_INCREMENT=178;

--
-- AUTO_INCREMENT for table `seat_block`
--
ALTER TABLE `seat_block`
  MODIFY `id` int(11) NOT NULL AUTO_INCREMENT, AUTO_INCREMENT=3;

--
-- AUTO_INCREMENT for table `seat_block_seats`
--
ALTER TABLE `seat_block_seats`
  MODIFY `id` int(11) NOT NULL AUTO_INCREMENT, AUTO_INCREMENT=6;

--
-- AUTO_INCREMENT for table `seat_class`
--
ALTER TABLE `seat_class`
  MODIFY `id` int(11) NOT NULL AUTO_INCREMENT, AUTO_INCREMENT=5;

--
-- AUTO_INCREMENT for table `seat_open`
--
ALTER TABLE `seat_open`
  MODIFY `id` int(11) NOT NULL AUTO_INCREMENT, AUTO_INCREMENT=2;

--
-- AUTO_INCREMENT for table `seat_open_seats`
--
ALTER TABLE `seat_open_seats`
  MODIFY `id` int(11) NOT NULL AUTO_INCREMENT, AUTO_INCREMENT=6;

--
-- AUTO_INCREMENT for table `site_master`
--
ALTER TABLE `site_master`
  MODIFY `id` int(10) UNSIGNED NOT NULL AUTO_INCREMENT;

--
-- AUTO_INCREMENT for table `slider`
--
ALTER TABLE `slider`
  MODIFY `id` int(10) UNSIGNED NOT NULL AUTO_INCREMENT;

--
-- AUTO_INCREMENT for table `social_link`
--
ALTER TABLE `social_link`
  MODIFY `id` int(11) NOT NULL AUTO_INCREMENT, AUTO_INCREMENT=2;

--
-- AUTO_INCREMENT for table `special_fare`
--
ALTER TABLE `special_fare`
  MODIFY `id` int(10) UNSIGNED NOT NULL AUTO_INCREMENT;

--
-- AUTO_INCREMENT for table `testimonial`
--
ALTER TABLE `testimonial`
  MODIFY `id` int(11) NOT NULL AUTO_INCREMENT, AUTO_INCREMENT=3;

--
-- AUTO_INCREMENT for table `ticket_cancelation`
--
ALTER TABLE `ticket_cancelation`
  MODIFY `id` int(10) UNSIGNED NOT NULL AUTO_INCREMENT, AUTO_INCREMENT=2;

--
-- AUTO_INCREMENT for table `ticket_cancelation_rule`
--
ALTER TABLE `ticket_cancelation_rule`
  MODIFY `id` int(10) UNSIGNED NOT NULL AUTO_INCREMENT, AUTO_INCREMENT=5;

--
-- AUTO_INCREMENT for table `ticket_fare_slab`
--
ALTER TABLE `ticket_fare_slab`
  MODIFY `id` int(11) NOT NULL AUTO_INCREMENT, AUTO_INCREMENT=4;

--
-- AUTO_INCREMENT for table `ticket_price`
--
ALTER TABLE `ticket_price`
  MODIFY `id` int(10) UNSIGNED NOT NULL AUTO_INCREMENT, AUTO_INCREMENT=20;

--
-- AUTO_INCREMENT for table `user`
--
ALTER TABLE `user`
  MODIFY `id` int(11) NOT NULL AUTO_INCREMENT, AUTO_INCREMENT=2;

--
-- AUTO_INCREMENT for table `users`
--
ALTER TABLE `users`
  MODIFY `id` int(11) NOT NULL AUTO_INCREMENT, AUTO_INCREMENT=19;

--
-- AUTO_INCREMENT for table `user_bank_details`
--
ALTER TABLE `user_bank_details`
  MODIFY `id` int(11) NOT NULL AUTO_INCREMENT;

--
-- Constraints for dumped tables
--

--
-- Constraints for table `boarding_droping`
--
ALTER TABLE `boarding_droping`
  ADD CONSTRAINT `boarding_droping_ibfk_1` FOREIGN KEY (`location_id`) REFERENCES `location` (`id`);

--
-- Constraints for table `booking`
--
ALTER TABLE `booking`
  ADD CONSTRAINT `booking_ibfk_1` FOREIGN KEY (`bus_id`) REFERENCES `bus` (`id`),
  ADD CONSTRAINT `booking_ibfk_2` FOREIGN KEY (`users_id`) REFERENCES `users` (`id`);

--
-- Constraints for table `booking_detail`
--
ALTER TABLE `booking_detail`
  ADD CONSTRAINT `booking_detail_ibfk_1` FOREIGN KEY (`bus_seats_id`) REFERENCES `bus_seats` (`id`);

--
-- Constraints for table `booking_seized`
--
ALTER TABLE `booking_seized`
  ADD CONSTRAINT `booking_seized_ibfk_1` FOREIGN KEY (`location_id`) REFERENCES `location` (`id`),
  ADD CONSTRAINT `booking_seized_ibfk_2` FOREIGN KEY (`bus_id`) REFERENCES `bus` (`id`);

--
-- Constraints for table `booking_sequence`
--
ALTER TABLE `booking_sequence`
  ADD CONSTRAINT `booking_sequence_ibfk_1` FOREIGN KEY (`booking_id`) REFERENCES `booking` (`id`);

--
-- Constraints for table `bus`
--
ALTER TABLE `bus`
  ADD CONSTRAINT `bus_operator_FK` FOREIGN KEY (`bus_operator_id`) REFERENCES `bus_operator` (`id`),
  ADD CONSTRAINT `bus_seatlayout_id_fk` FOREIGN KEY (`bus_seat_layout_id`) REFERENCES `bus_seat_layout` (`id`),
  ADD CONSTRAINT `bus_sitting_fk` FOREIGN KEY (`bus_sitting_id`) REFERENCES `bus_sitting` (`id`),
  ADD CONSTRAINT `bus_type_id_fk` FOREIGN KEY (`bus_type_id`) REFERENCES `bus_type` (`id`),
  ADD CONSTRAINT `cancellation_slab_fk` FOREIGN KEY (`cancellationslabs_id`) REFERENCES `cancellationslabs` (`id`);

--
-- Constraints for table `bus_cancelled`
--
ALTER TABLE `bus_cancelled`
  ADD CONSTRAINT `bus_operator_for_cancelled_FK` FOREIGN KEY (`bus_operator_id`) REFERENCES `bus_operator` (`id`);

--
-- Constraints for table `bus_cancelled_date`
--
ALTER TABLE `bus_cancelled_date`
  ADD CONSTRAINT `bus_cancelled_date_ibfk_1` FOREIGN KEY (`bus_cancelled_id`) REFERENCES `bus_cancelled` (`id`);

--
-- Constraints for table `bus_contacts`
--
ALTER TABLE `bus_contacts`
  ADD CONSTRAINT `bus_contacts_ibfk_1` FOREIGN KEY (`bus_id`) REFERENCES `bus` (`id`);

--
-- Constraints for table `bus_extra_fare`
--
ALTER TABLE `bus_extra_fare`
  ADD CONSTRAINT `bus_extra_fare_ibfk_1` FOREIGN KEY (`bus_id`) REFERENCES `bus` (`id`);

--
-- Constraints for table `bus_festival_fare`
--
ALTER TABLE `bus_festival_fare`
  ADD CONSTRAINT `bus_festival_fare_ibfk_1` FOREIGN KEY (`festival_fare_id`) REFERENCES `festival_fare` (`id`),
  ADD CONSTRAINT `bus_festival_fare_ibfk_2` FOREIGN KEY (`bus_id`) REFERENCES `bus` (`id`);

--
-- Constraints for table `bus_gallery`
--
ALTER TABLE `bus_gallery`
  ADD CONSTRAINT `bus_gallery_ibfk_1` FOREIGN KEY (`bus_id`) REFERENCES `bus` (`id`);

--
-- Constraints for table `bus_location_sequence`
--
ALTER TABLE `bus_location_sequence`
  ADD CONSTRAINT `bus_location_sequence_ibfk_1` FOREIGN KEY (`bus_id`) REFERENCES `bus` (`id`),
  ADD CONSTRAINT `bus_location_sequence_ibfk_2` FOREIGN KEY (`location_id`) REFERENCES `location` (`id`);

--
-- Constraints for table `bus_safety`
--
ALTER TABLE `bus_safety`
  ADD CONSTRAINT `safety_bus_id_fk` FOREIGN KEY (`bus_id`) REFERENCES `bus` (`id`),
  ADD CONSTRAINT `safety_id_fk` FOREIGN KEY (`safety_id`) REFERENCES `safety` (`id`);

--
-- Constraints for table `bus_schedule_date`
--
ALTER TABLE `bus_schedule_date`
  ADD CONSTRAINT `bus_schedule_date_ibfk_1` FOREIGN KEY (`bus_schedule_id`) REFERENCES `bus_schedule` (`id`);

--
-- Constraints for table `bus_seats`
--
ALTER TABLE `bus_seats`
  ADD CONSTRAINT `bus_seats_ibfk_1` FOREIGN KEY (`bus_id`) REFERENCES `bus` (`id`),
  ADD CONSTRAINT `seats_id_fk` FOREIGN KEY (`seats_id`) REFERENCES `seats` (`id`),
  ADD CONSTRAINT `ticket_price_FK` FOREIGN KEY (`ticket_price_id`) REFERENCES `ticket_price` (`id`);

--
-- Constraints for table `bus_seats_extra`
--
ALTER TABLE `bus_seats_extra`
  ADD CONSTRAINT `bus_seats_extra_ibfk_1` FOREIGN KEY (`bus_id`) REFERENCES `bus` (`id`);

--
-- Constraints for table `bus_slots`
--
ALTER TABLE `bus_slots`
  ADD CONSTRAINT `bus_slots_ibfk_1` FOREIGN KEY (`bus_id`) REFERENCES `bus` (`id`);

--
-- Constraints for table `bus_stoppage_additional_fare`
--
ALTER TABLE `bus_stoppage_additional_fare`
  ADD CONSTRAINT `bus_seats_id_fk` FOREIGN KEY (`bus_seats_id`) REFERENCES `bus_seats` (`id`),
  ADD CONSTRAINT `bus_stoppage_additional_fare_ibfk_1` FOREIGN KEY (`ticket_price_id`) REFERENCES `ticket_price` (`id`);

--
-- Constraints for table `bus_stoppage_timing`
--
ALTER TABLE `bus_stoppage_timing`
  ADD CONSTRAINT `boardin_droping_id_fk` FOREIGN KEY (`boarding_droping_id`) REFERENCES `boarding_droping` (`id`),
  ADD CONSTRAINT `location_timing_fk` FOREIGN KEY (`location_id`) REFERENCES `location` (`id`),
  ADD CONSTRAINT `stoppage_timing_bus_id_fk` FOREIGN KEY (`bus_id`) REFERENCES `bus` (`id`);

--
-- Constraints for table `bus_type`
--
ALTER TABLE `bus_type`
  ADD CONSTRAINT `class_type_fk` FOREIGN KEY (`bus_class_id`) REFERENCES `bus_class` (`id`);

--
-- Constraints for table `cancellationslabs_info`
--
ALTER TABLE `cancellationslabs_info`
  ADD CONSTRAINT `cancellationslab_id_FK` FOREIGN KEY (`cancellation_slab_id`) REFERENCES `cancellationslabs` (`id`);

--
-- Constraints for table `city_closing`
--
ALTER TABLE `city_closing`
  ADD CONSTRAINT `city_closing_ibfk_1` FOREIGN KEY (`bus_id`) REFERENCES `bus` (`id`),
  ADD CONSTRAINT `location_closing_ibfk_1` FOREIGN KEY (`location_id`) REFERENCES `location` (`id`);

--
-- Constraints for table `city_closing_extended`
--
ALTER TABLE `city_closing_extended`
  ADD CONSTRAINT `city_closing_extended_ibfk_1` FOREIGN KEY (`bus_id`) REFERENCES `bus` (`id`),
  ADD CONSTRAINT `city_closing_extended_location_fk` FOREIGN KEY (`location_id`) REFERENCES `location` (`id`);

--
-- Constraints for table `coupon_assigned_bus`
--
ALTER TABLE `coupon_assigned_bus`
  ADD CONSTRAINT `coupon_assigned_bus_ibfk_1` FOREIGN KEY (`bus_id`) REFERENCES `bus` (`id`),
  ADD CONSTRAINT `coupon_assigned_id_fk` FOREIGN KEY (`coupon_id`) REFERENCES `coupon` (`id`);

--
-- Constraints for table `customer_payment`
--
ALTER TABLE `customer_payment`
  ADD CONSTRAINT `customer_payment_ibfk_1` FOREIGN KEY (`booking_id`) REFERENCES `booking` (`id`);

--
-- Constraints for table `customer_query_category_issues`
--
ALTER TABLE `customer_query_category_issues`
  ADD CONSTRAINT `customer_query_category_issues_ibfk_1` FOREIGN KEY (`customer_query_category_id`) REFERENCES `customer_query_category` (`id`);

--
-- Constraints for table `locationcode`
--
ALTER TABLE `locationcode`
  ADD CONSTRAINT `locationcode_ibfk_1` FOREIGN KEY (`location_id`) REFERENCES `location` (`id`);

--
-- Constraints for table `offers`
--
ALTER TABLE `offers`
  ADD CONSTRAINT `offers_ibfk_1` FOREIGN KEY (`offer_category_id`) REFERENCES `offer_category` (`id`);

--
-- Constraints for table `owner_payment`
--
ALTER TABLE `owner_payment`
  ADD CONSTRAINT `owner_payment_ibfk_1` FOREIGN KEY (`bus_operator_id`) REFERENCES `bus_operator` (`id`);

--
-- Constraints for table `pre_booking`
--
ALTER TABLE `pre_booking`
  ADD CONSTRAINT `pre_booking_ibfk_1` FOREIGN KEY (`bus_id`) REFERENCES `bus` (`id`),
  ADD CONSTRAINT `pre_booking_ibfk_2` FOREIGN KEY (`user_id`) REFERENCES `user` (`id`);

--
-- Constraints for table `pre_booking_detail`
--
ALTER TABLE `pre_booking_detail`
  ADD CONSTRAINT `pre_booking_detail_ibfk_1` FOREIGN KEY (`pre_booking_id`) REFERENCES `pre_booking` (`id`);

--
-- Constraints for table `review`
--
ALTER TABLE `review`
  ADD CONSTRAINT `review_ibfk_1` FOREIGN KEY (`bus_id`) REFERENCES `bus` (`id`),
  ADD CONSTRAINT `review_ibfk_2` FOREIGN KEY (`users_id`) REFERENCES `users` (`id`);

--
-- Constraints for table `seats`
--
ALTER TABLE `seats`
  ADD CONSTRAINT `seats_ibfk_1` FOREIGN KEY (`bus_seat_layout_id`) REFERENCES `bus_seat_layout` (`id`),
  ADD CONSTRAINT `seats_ibfk_12` FOREIGN KEY (`seat_class_id`) REFERENCES `seat_class` (`id`);

--
-- Constraints for table `seat_block`
--
ALTER TABLE `seat_block`
  ADD CONSTRAINT `seat_block_ibfk_1` FOREIGN KEY (`operator_id`) REFERENCES `bus_operator` (`id`),
  ADD CONSTRAINT `seat_block_ibfk_2` FOREIGN KEY (`bus_id`) REFERENCES `bus` (`id`);

--
-- Constraints for table `seat_block_seats`
--
ALTER TABLE `seat_block_seats`
  ADD CONSTRAINT `seat_block_seats_ibfk_1` FOREIGN KEY (`seat_block_id`) REFERENCES `seat_block` (`id`);

--
-- Constraints for table `seat_open`
--
ALTER TABLE `seat_open`
  ADD CONSTRAINT `seat_open_ibfk_1` FOREIGN KEY (`operator_id`) REFERENCES `bus_operator` (`id`),
  ADD CONSTRAINT `seat_open_ibfk_2` FOREIGN KEY (`bus_id`) REFERENCES `bus` (`id`);

--
-- Constraints for table `seat_open_seats`
--
ALTER TABLE `seat_open_seats`
  ADD CONSTRAINT `seat_open_seats_ibfk_1` FOREIGN KEY (`seats_id`) REFERENCES `seats` (`id`),
  ADD CONSTRAINT `seat_open_seats_ibfk_2` FOREIGN KEY (`seat_open_id`) REFERENCES `seat_open` (`id`);

--
-- Constraints for table `special_fare`
--
ALTER TABLE `special_fare`
  ADD CONSTRAINT `special_fare_destination_fk` FOREIGN KEY (`destination_id`) REFERENCES `location` (`id`),
  ADD CONSTRAINT `special_fare_operator_fk` FOREIGN KEY (`bus_operator_id`) REFERENCES `bus_operator` (`id`),
  ADD CONSTRAINT `special_fare_source_fk` FOREIGN KEY (`source_id`) REFERENCES `location` (`id`);

--
-- Constraints for table `ticket_cancelation_rule`
--
ALTER TABLE `ticket_cancelation_rule`
  ADD CONSTRAINT `ticket_cancelation_rule_ibfk_1` FOREIGN KEY (`ticket_cancelation_id`) REFERENCES `ticket_cancelation` (`id`);

--
-- Constraints for table `ticket_price`
--
ALTER TABLE `ticket_price`
  ADD CONSTRAINT `ticket_price_bus_operator_fk` FOREIGN KEY (`bus_operator_id`) REFERENCES `bus_operator` (`id`),
  ADD CONSTRAINT `ticket_price_destination_fk` FOREIGN KEY (`destination_id`) REFERENCES `location` (`id`),
  ADD CONSTRAINT `ticket_price_ibfk_1` FOREIGN KEY (`user_id`) REFERENCES `user` (`id`),
  ADD CONSTRAINT `ticket_price_ibfk_2` FOREIGN KEY (`bus_id`) REFERENCES `bus` (`id`),
  ADD CONSTRAINT `ticket_price_source_fk` FOREIGN KEY (`source_id`) REFERENCES `location` (`id`);

--
-- Constraints for table `user_bank_details`
--
ALTER TABLE `user_bank_details`
  ADD CONSTRAINT `user_bank_details_ibfk_1` FOREIGN KEY (`user_id`) REFERENCES `user` (`id`);
COMMIT;

/*!40101 SET CHARACTER_SET_CLIENT=@OLD_CHARACTER_SET_CLIENT */;
/*!40101 SET CHARACTER_SET_RESULTS=@OLD_CHARACTER_SET_RESULTS */;
/*!40101 SET COLLATION_CONNECTION=@OLD_COLLATION_CONNECTION */;
